{
    "Camera_Calibrated": 2.2652299533737255,
    "Camera_Matrix": [
        [
            7669.153839920572,
            0.0,
            2012.8540657936765
        ],
        [
            0.0,
            7671.930027970415,
            1575.7156380598087
        ],
        [
            0.0,
            0.0,
            1.0
        ]
    ],
    "Distorsion_Parameters": [
        [
            -0.047108552124084456,
            -0.40995335068114797,
            0.0014941141670697965,
            -0.0004913399505797288,
            3.5588303563227135
        ]
    ],
    "Rotation_Vectors": [
        [
            [
                -0.008435025474281195
            ],
            [
                0.003571735409361233
            ],
            [
                -0.0913986755441911
            ]
        ],
        [
            [
                -0.012154651517412423
            ],
            [
                0.0036931043087917604
            ],
            [
                0.1914923717136502
            ]
        ],
        [
            [
                -0.009261584092662537
            ],
            [
                0.0019107484991722106
            ],
            [
                0.028121435929826046
            ]
        ],
        [
            [
                -0.004647708136859098
            ],
            [
                -0.011469120151450275
            ],
            [
                0.011160360946891804
            ]
        ],
        [
            [
                -0.005994414655149753
            ],
            [
                -0.009419392632752691
            ],
            [
                0.19591506817320414
            ]
        ],
        [
            [
                -0.022586327582320636
            ],
            [
                -0.3600845106683103
            ],
            [
                0.13174723821898796
            ]
        ],
        [
            [
                -0.011219299069771262
            ],
            [
                -0.008453700826873597
            ],
            [
                0.19027983910872867
            ]
        ],
        [
            [
                -0.01034633940036046
            ],
            [
                -0.010052930398706672
            ],
            [
                -0.11723274137157802
            ]
        ],
        [
            [
                -0.009659233526712102
            ],
            [
                -0.010767785036284176
            ],
            [
                -0.059466591321388214
            ]
        ],
        [
            [
                -0.010453337684819717
            ],
            [
                -0.008363236977395268
            ],
            [
                -0.011144179168167574
            ]
        ],
        [
            [
                -0.012145735881941736
            ],
            [
                -0.008725168780187373
            ],
            [
                0.16869722880962174
            ]
        ],
        [
            [
                -0.009349028043393095
            ],
            [
                -0.010424613956787915
            ],
            [
                -0.20179998920976844
            ]
        ],
        [
            [
                -0.0671714289381024
            ],
            [
                -0.3177056147801523
            ],
            [
                -0.04403233289317642
            ]
        ],
        [
            [
                -0.38011204975720264
            ],
            [
                0.1026810373891905
            ],
            [
                -0.07471087131540255
            ]
        ],
        [
            [
                0.4273283721323868
            ],
            [
                -0.02782364231479559
            ],
            [
                -0.06385863968263139
            ]
        ],
        [
            [
                -0.00650327841346664
            ],
            [
                -0.005823126404452341
            ],
            [
                -0.20180733434792147
            ]
        ],
        [
            [
                -0.0065053452056924145
            ],
            [
                -0.005819576027924973
            ],
            [
                -0.2018073890343297
            ]
        ]
    ],
    "Translation_Vectors": [
        [
            [
                -33.9592545813286
            ],
            [
                -13.540499482132056
            ],
            [
                178.64982198790045
            ]
        ],
        [
            [
                -27.985411868372495
            ],
            [
                -24.014717923601346
            ],
            [
                178.776711523526
            ]
        ],
        [
            [
                -38.1669824327468
            ],
            [
                -18.612006039623992
            ],
            [
                178.56231943085876
            ]
        ],
        [
            [
                -27.207392775600088
            ],
            [
                -18.599142411274833
            ],
            [
                178.5180488032906
            ]
        ],
        [
            [
                -26.168989643536236
            ],
            [
                -25.459787357072198
            ],
            [
                178.604506469039
            ]
        ],
        [
            [
                -29.650135323129565
            ],
            [
                -17.689755989244578
            ],
            [
                172.74426856680748
            ]
        ],
        [
            [
                -29.344712012272335
            ],
            [
                -22.20793662876328
            ],
            [
                178.6909351523835
            ]
        ],
        [
            [
                -33.96986075953621
            ],
            [
                -14.857171917053844
            ],
            [
                178.59332599297545
            ]
        ],
        [
            [
                -39.53117213404898
            ],
            [
                -14.334478541905739
            ],
            [
                178.48418831062455
            ]
        ],
        [
            [
                -28.155937807232704
            ],
            [
                -18.07288835642308
            ],
            [
                178.71659712472237
            ]
        ],
        [
            [
                -29.68149779680478
            ],
            [
                -29.82253009239568
            ],
            [
                178.79588801625476
            ]
        ],
        [
            [
                -35.65583078757397
            ],
            [
                -9.331282476403903
            ],
            [
                178.50974638061672
            ]
        ],
        [
            [
                -34.4344692486688
            ],
            [
                -14.448373738837766
            ],
            [
                163.51964192053086
            ]
        ],
        [
            [
                -35.122813434934535
            ],
            [
                -16.92127816857686
            ],
            [
                177.8148556298234
            ]
        ],
        [
            [
                -35.76365542648128
            ],
            [
                -12.634687435710958
            ],
            [
                160.75138084370752
            ]
        ],
        [
            [
                -35.79127434496237
            ],
            [
                -9.36949580626604
            ],
            [
                179.2269284105074
            ]
        ],
        [
            [
                -35.791293218555836
            ],
            [
                -9.369488881301782
            ],
            [
                179.22712103757564
            ]
        ]
    ]
}