# vtk DataFile Version 3.0
File written by membrane-model
ASCII
DATASET UNSTRUCTURED_GRID
POINTS 1083 float
10.0 2.5 0.0
2.5 10.0 0.0
-2.5 10.0 0.0
-10.0 2.5 0.0
-10.0 -2.5 0.0
-2.5 -10.0 0.0
2.5 -10.0 0.0
10.0 -2.5 0.0
10.0 0.0 0.0
0.0 10.0 0.0
-10.0 0.0 0.0
0.0 -10.0 0.0
0.0 0.0 0.0
2.5 0.0 0.0
2.5 2.5 0.0
0.0 2.5 0.0
-2.5 2.5 0.0
-2.5 0.0 0.0
-2.5 -2.5 0.0
0.0 -2.5 0.0
2.5 -2.5 0.0
9.499910354614258 2.516691207885742 0.0
9.006739616394043 2.5660619735717773 0.0
8.51345157623291 2.6487977504730225 0.0
8.02493953704834 2.7647294998168945 0.0
7.550395965576172 2.911316156387329 0.0
7.084771633148193 3.0897579193115234 0.0
6.632967948913574 3.298276662826538 0.0
6.192375183105469 3.538421869277954 0.0
5.768799781799316 3.807508945465088 0.0
5.367227077484131 4.101913928985596 0.0
4.981818199157715 4.426145553588867 0.0
4.619436264038086 4.775104522705078 0.0
4.285422325134277 5.142675876617432 0.0
3.977308988571167 5.530414581298828 0.0
3.6902225017547607 5.945778846740723 0.0
3.4332163333892822 6.3768310546875 0.0
3.2055020332336426 6.824343204498291 0.0
3.009202480316162 7.283614635467529 0.0
2.8439364433288574 7.754837512969971 0.0
2.7105538845062256 8.23535442352295 0.0
2.613085985183716 8.702502250671387 0.0
2.549084186553955 9.14334774017334 0.0
2.511385440826416 9.58690071105957 0.0
-2.516691207885742 9.499910354614258 0.0
-2.5660619735717773 9.006739616394043 0.0
-2.6487977504730225 8.51345157623291 0.0
-2.7647294998168945 8.02493953704834 0.0
-2.911316156387329 7.550395965576172 0.0
-3.0897579193115234 7.084771633148193 0.0
-3.298276662826538 6.632967948913574 0.0
-3.538421869277954 6.192375183105469 0.0
-3.807508945465088 5.768799781799316 0.0
-4.101913928985596 5.367227077484131 0.0
-4.426145553588867 4.981818199157715 0.0
-4.775104522705078 4.619436264038086 0.0
-5.142675876617432 4.285422325134277 0.0
-5.530414581298828 3.977308988571167 0.0
-5.945778846740723 3.6902225017547607 0.0
-6.3768310546875 3.4332163333892822 0.0
-6.824343204498291 3.2055020332336426 0.0
-7.283614635467529 3.009202480316162 0.0
-7.754837512969971 2.8439364433288574 0.0
-8.23535442352295 2.7105538845062256 0.0
-8.702502250671387 2.613085985183716 0.0
-9.14334774017334 2.549084186553955 0.0
-9.58690071105957 2.511385440826416 0.0
-9.499910354614258 -2.516691207885742 0.0
-9.006739616394043 -2.5660619735717773 0.0
-8.51345157623291 -2.6487977504730225 0.0
-8.02493953704834 -2.7647294998168945 0.0
-7.550395965576172 -2.911316156387329 0.0
-7.084771633148193 -3.0897579193115234 0.0
-6.632967948913574 -3.298276662826538 0.0
-6.192375183105469 -3.538421869277954 0.0
-5.768799781799316 -3.807508945465088 0.0
-5.367227077484131 -4.101913928985596 0.0
-4.981818199157715 -4.426145553588867 0.0
-4.619436264038086 -4.775104522705078 0.0
-4.285422325134277 -5.142675876617432 0.0
-3.977308988571167 -5.530414581298828 0.0
-3.6902225017547607 -5.945778846740723 0.0
-3.4332163333892822 -6.3768310546875 0.0
-3.2055020332336426 -6.824343204498291 0.0
-3.009202480316162 -7.283614635467529 0.0
-2.8439364433288574 -7.754837512969971 0.0
-2.7105538845062256 -8.23535442352295 0.0
-2.613085985183716 -8.702502250671387 0.0
-2.549084186553955 -9.14334774017334 0.0
-2.511385440826416 -9.58690071105957 0.0
2.516691207885742 -9.499910354614258 0.0
2.5660619735717773 -9.006739616394043 0.0
2.6487977504730225 -8.51345157623291 0.0
2.7647294998168945 -8.02493953704834 0.0
2.911316156387329 -7.550395965576172 0.0
3.0897579193115234 -7.084771633148193 0.0
3.298276662826538 -6.632967948913574 0.0
3.538421869277954 -6.192375183105469 0.0
3.807508945465088 -5.768799781799316 0.0
4.101913928985596 -5.367227077484131 0.0
4.426145553588867 -4.981818199157715 0.0
4.775104522705078 -4.619436264038086 0.0
5.142675876617432 -4.285422325134277 0.0
5.530414581298828 -3.977308988571167 0.0
5.945778846740723 -3.6902225017547607 0.0
6.3768310546875 -3.4332163333892822 0.0
6.824343204498291 -3.2055020332336426 0.0
7.283614635467529 -3.009202480316162 0.0
7.754837512969971 -2.8439364433288574 0.0
8.23535442352295 -2.7105538845062256 0.0
8.702502250671387 -2.613085985183716 0.0
9.14334774017334 -2.549084186553955 0.0
9.58690071105957 -2.511385440826416 0.0
10.0 0.498046875 0.0
10.0 0.99853515625 0.0
10.0 1.5029335021972656 0.0
10.0 2.001466751098633 0.0
2.001953125 10.0 0.0
1.50146484375 10.0 0.0
0.9970664978027344 10.0 0.0
0.4985332489013672 10.0 0.0
-0.498046875 10.0 0.0
-0.99853515625 10.0 0.0
-1.5029335021972656 10.0 0.0
-2.001466751098633 10.0 0.0
-10.0 2.001953125 0.0
-10.0 1.50146484375 0.0
-10.0 0.9970664978027344 0.0
-10.0 0.4985332489013672 0.0
-10.0 -0.498046875 0.0
-10.0 -0.99853515625 0.0
-10.0 -1.5029335021972656 0.0
-10.0 -2.001466751098633 0.0
-2.001953125 -10.0 0.0
-1.50146484375 -10.0 0.0
-0.9970664978027344 -10.0 0.0
-0.4985332489013672 -10.0 0.0
0.498046875 -10.0 0.0
0.99853515625 -10.0 0.0
1.5029335021972656 -10.0 0.0
2.001466751098633 -10.0 0.0
10.0 -2.001953125 0.0
10.0 -1.50146484375 0.0
10.0 -0.9970664978027344 0.0
10.0 -0.4985332489013672 0.0
9.501953125 0.0 0.0
9.002790451049805 0.0 0.0
8.507460594177246 0.0 0.0
8.002927780151367 0.0 0.0
7.503150463104248 0.0 0.0
7.004789352416992 0.0 0.0
6.503279685974121 0.0 0.0
6.002869606018066 0.0 0.0
5.503437042236328 0.0 0.0
4.998953819274902 0.0 0.0
4.501115322113037 0.0 0.0
4.000836372375488 0.0 0.0
3.4966492652893066 0.0 0.0
2.9983246326446533 0.0 0.0
2.001953125 0.0 0.0
1.50146484375 0.0 0.0
0.9970664978027344 0.0 0.0
0.4985332489013672 0.0 0.0
0.0 9.501953125 0.0
0.0 9.002790451049805 0.0
0.0 8.507460594177246 0.0
0.0 8.002927780151367 0.0
0.0 7.503150463104248 0.0
0.0 7.004789352416992 0.0
0.0 6.503279685974121 0.0
0.0 6.002869606018066 0.0
0.0 5.503437042236328 0.0
0.0 4.998953819274902 0.0
0.0 4.501115322113037 0.0
0.0 4.000836372375488 0.0
0.0 3.4966492652893066 0.0
0.0 2.9983246326446533 0.0
0.0 2.001953125 0.0
0.0 1.50146484375 0.0
0.0 0.9970664978027344 0.0
0.0 0.4985332489013672 0.0
-9.501953125 0.0 0.0
-9.002790451049805 0.0 0.0
-8.507460594177246 0.0 0.0
-8.002927780151367 0.0 0.0
-7.503150463104248 0.0 0.0
-7.004789352416992 0.0 0.0
-6.503279685974121 0.0 0.0
-6.002869606018066 0.0 0.0
-5.503437042236328 0.0 0.0
-4.998953819274902 0.0 0.0
-4.501115322113037 0.0 0.0
-4.000836372375488 0.0 0.0
-3.4966492652893066 0.0 0.0
-2.9983246326446533 0.0 0.0
-2.001953125 0.0 0.0
-1.50146484375 0.0 0.0
-0.9970664978027344 0.0 0.0
-0.4985332489013672 0.0 0.0
0.0 -9.501953125 0.0
0.0 -9.002790451049805 0.0
0.0 -8.507460594177246 0.0
0.0 -8.002927780151367 0.0
0.0 -7.503150463104248 0.0
0.0 -7.004789352416992 0.0
0.0 -6.503279685974121 0.0
0.0 -6.002869606018066 0.0
0.0 -5.503437042236328 0.0
0.0 -4.998953819274902 0.0
0.0 -4.501115322113037 0.0
0.0 -4.000836372375488 0.0
0.0 -3.4966492652893066 0.0
0.0 -2.9983246326446533 0.0
0.0 -2.001953125 0.0
0.0 -1.50146484375 0.0
0.0 -0.9970664978027344 0.0
0.0 -0.4985332489013672 0.0
2.5 0.498046875 0.0
2.5 0.99853515625 0.0
2.5 1.5029335021972656 0.0
2.5 2.001466751098633 0.0
2.001953125 2.5 0.0
1.50146484375 2.5 0.0
0.9970664978027344 2.5 0.0
0.4985332489013672 2.5 0.0
-0.498046875 2.5 0.0
-0.99853515625 2.5 0.0
-1.5029335021972656 2.5 0.0
-2.001466751098633 2.5 0.0
-2.5 2.001953125 0.0
-2.5 1.50146484375 0.0
-2.5 0.9970664978027344 0.0
-2.5 0.4985332489013672 0.0
-2.5 -0.498046875 0.0
-2.5 -0.99853515625 0.0
-2.5 -1.5029335021972656 0.0
-2.5 -2.001466751098633 0.0
-2.001953125 -2.5 0.0
-1.50146484375 -2.5 0.0
-0.9970664978027344 -2.5 0.0
-0.4985332489013672 -2.5 0.0
0.498046875 -2.5 0.0
0.99853515625 -2.5 0.0
1.5029335021972656 -2.5 0.0
2.001466751098633 -2.5 0.0
2.5 -2.001953125 0.0
2.5 -1.50146484375 0.0
2.5 -0.9970664978027344 0.0
2.5 -0.4985332489013672 0.0
2.088514566421509 9.36658763885498 0.0
2.1506998538970947 8.864079475402832 0.0
2.219409465789795 8.363784790039062 0.0
3.7334413528442383 5.029621601104736 0.0
0.42066463828086853 8.727978706359863 0.0
8.802404403686523 0.4522418975830078 0.0
9.085923194885254 2.03627872467041 0.0
4.142889499664307 4.674880027770996 0.0
7.668023586273193 2.429163932800293 0.0
6.631203651428223 2.688645362854004 0.0
4.737939834594727 0.34241464734077454 0.0
0.38833799958229065 4.6929030418396 0.0
5.256747722625732 3.6019113063812256 0.0
2.276672124862671 2.9180569648742676 0.0
0.4523170292377472 3.16182804107666 0.0
3.245939254760742 0.4160428047180176 0.0
7.265146255493164 0.4427119195461273 0.0
0.44560495018959045 7.253953456878662 0.0
0.7388364672660828 9.504916191101074 0.0
9.549417495727539 1.8005259037017822 0.0
0.8280002474784851 2.895808219909668 0.0
2.9393084049224854 1.747889757156372 0.0
2.9237797260284424 2.272935628890991 0.0
7.186537265777588 2.5655651092529297 0.0
2.310239553451538 7.791543006896973 0.0
0.3981456160545349 9.142001152038574 0.0
9.338711738586426 0.45272180438041687 0.0
2.6018917560577393 7.3962721824646 0.0
5.747199058532715 0.42774319648742676 0.0
0.49182212352752686 5.74654483795166 0.0
2.6292083263397217 6.9173994064331055 0.0
7.77511739730835 0.4456818103790283 0.0
0.4426327049732208 7.750372409820557 0.0
3.7218706607818604 0.43757009506225586 0.0
0.43539589643478394 8.246480941772461 0.0
9.112566947937012 0.9467700719833374 0.0
0.8215136528015137 8.981399536132812 0.0
5.202404022216797 0.4758847951889038 0.0
0.4879516065120697 4.22519588470459 0.0
0.4550800919532776 6.753845691680908 0.0
7.531994342803955 0.8999662399291992 0.0
8.054983139038086 0.8996674418449402 0.0
1.6853147745132446 9.060336112976074 0.0
1.6219570636749268 9.556082725524902 0.0
2.9440789222717285 1.2319798469543457 0.0
1.2549651861190796 2.928088903427124 0.0
3.375368356704712 2.006582498550415 0.0
3.3889639377593994 1.4833751916885376 0.0
3.4233510494232178 0.9112526774406433 0.0
2.9239718914031982 0.7428040504455566 0.0
2.8597023487091064 2.859330654144287 0.0
1.7396752834320068 8.55983829498291 0.0
1.2758389711380005 8.769318580627441 0.0
0.9393800497055054 3.3868720531463623 0.0
1.4966425895690918 3.367058277130127 0.0
0.4509052038192749 3.6901283264160156 0.0
5.700884819030762 3.2967352867126465 0.0
5.18789529800415 3.0645346641540527 0.0
1.2521806955337524 3.8108417987823486 0.0
1.7525116205215454 3.795630693435669 0.0
0.8278192281723022 3.866553544998169 0.0
0.9991198182106018 4.228735446929932 0.0
2.5359511375427246 3.353881359100342 0.0
3.043358564376831 3.385700225830078 0.0
3.845966100692749 1.2456295490264893 0.0
3.908648729324341 0.8132805824279785 0.0
2.7694506645202637 3.798910140991211 0.0
3.262011766433716 3.803983449935913 0.0
2.2617008686065674 3.79319167137146 0.0
2.5068697929382324 4.221450328826904 0.0
3.8220012187957764 1.7502145767211914 0.0
4.267958164215088 1.5014870166778564 0.0
4.258913993835449 2.005244255065918 0.0
4.705085277557373 1.7515774965286255 0.0
1.2262955904006958 9.25643253326416 0.0
1.2168829441070557 9.66372013092041 0.0
8.286298751831055 0.44505780935287476 0.0
8.565340995788574 0.8856829404830933 0.0
8.139410018920898 2.2931840419769287 0.0
7.771974086761475 1.954315423965454 0.0
8.234253883361816 1.8034875392913818 0.0
7.8103461265563965 1.4134999513626099 0.0
2.919123649597168 0.41228750348091125 0.0
0.8887050747871399 7.504039287567139 0.0
1.4848657846450806 4.227459907531738 0.0
1.996854305267334 4.221793174743652 0.0
2.0127429962158203 3.3601624965667725 0.0
1.7570608854293823 2.929264783859253 0.0
0.8799160718917847 8.003521919250488 0.0
1.3327308893203735 7.763735294342041 0.0
3.0125083923339844 4.226118564605713 0.0
3.511406660079956 4.208676815032959 0.0
3.277989625930786 4.680560111999512 0.0
3.7349135875701904 4.561473846435547 0.0
1.3136999607086182 8.270807266235352 0.0
1.7860983610153198 8.042364120483398 0.0
3.3619823455810547 2.5344858169555664 0.0
3.814307451248169 2.2624547481536865 0.0
3.8093154430389404 2.7719924449920654 0.0
4.252460479736328 2.519737720489502 0.0
4.231789588928223 3.0323894023895264 0.0
4.700119495391846 2.798534393310547 0.0
1.7176427841186523 4.655900478363037 0.0
2.2449185848236084 4.644533157348633 0.0
1.975167155265808 5.080328464508057 0.0
2.507512092590332 5.051768779754639 0.0
2.258690357208252 5.51284646987915 0.0
2.874049425125122 5.441412448883057 0.0
1.1780656576156616 4.658596515655518 0.0
1.4081268310546875 5.098470211029053 0.0
0.7512636184692383 4.590609550476074 0.0
4.287583827972412 1.0056172609329224 0.0
4.268181800842285 0.4803772270679474 0.0
4.728176593780518 0.7579334378242493 0.0
4.71495246887207 1.2527869939804077 0.0
5.1619648933410645 1.007053017616272 0.0
5.153206825256348 1.5024129152297974 0.0
5.635356426239014 1.2631874084472656 0.0
5.148008346557617 2.0019772052764893 0.0
5.571362018585205 1.745649814605713 0.0
0.6932345628738403 5.155974388122559 0.0
2.5712242126464844 5.962178707122803 0.0
3.150139331817627 5.939963340759277 0.0
6.755581378936768 0.438571035861969 0.0
7.012953758239746 0.8846625089645386 0.0
6.247747898101807 0.43347349762916565 0.0
3.3875465393066406 3.0426743030548096 0.0
3.804476737976074 3.2508089542388916 0.0
4.0005717277526855 4.223241806030273 0.0
4.488908290863037 4.312729358673096 0.0
4.328360080718994 3.844608783721924 0.0
2.8888051509857178 6.40922737121582 0.0
2.3337762355804443 6.447432994842529 0.0
5.606019020080566 2.237985134124756 0.0
6.041004657745361 1.9085570573806763 0.0
4.704541206359863 2.2640774250030518 0.0
5.164010524749756 2.523808002471924 0.0
3.4558908939361572 3.4474213123321533 0.0
3.788541555404663 3.7485086917877197 0.0
1.6990625858306885 5.514982223510742 0.0
1.9342501163482666 6.017603397369385 0.0
1.173047423362732 5.530794143676758 0.0
4.851191520690918 3.9446616172790527 0.0
4.673305511474609 3.392418146133423 0.0
6.490996837615967 0.884056031703949 0.0
6.7585601806640625 1.3288486003875732 0.0
6.188552379608154 1.3692514896392822 0.0
6.553460597991943 1.78457772731781 0.0
5.977123260498047 0.8622017502784729 0.0
5.5438666343688965 0.8074302673339844 0.0
5.646453380584717 2.768587350845337 0.0
6.14682149887085 3.0108118057250977 0.0
6.082866191864014 2.470767021179199 0.0
8.615317344665527 2.1694514751434326 0.0
8.701961517333984 1.6799700260162354 0.0
0.859717607498169 8.498069763183594 0.0
0.4707130491733551 6.246917247772217 0.0
0.9606226086616516 5.967000961303711 0.0
4.164444446563721 3.454590082168579 0.0
0.9007600545883179 7.005529403686523 0.0
0.924042284488678 6.504007339477539 0.0
1.361395239830017 6.769169807434082 0.0
1.407976508140564 6.277012825012207 0.0
1.3414798974990845 7.2616190910339355 0.0
1.7796788215637207 7.028262615203857 0.0
1.8284716606140137 6.559686660766602 0.0
1.7934767007827759 7.519098281860352 0.0
2.2116169929504395 7.24528694152832 0.0
2.156484603881836 6.836812496185303 0.0
2.7498550415039062 4.633996486663818 0.0
1.4369646310806274 5.859614849090576 0.0
8.358935356140137 1.3224962949752808 0.0
8.776308059692383 1.2641642093658447 0.0
9.133808135986328 1.4963196516036987 0.0
9.567049980163574 1.2618471384048462 0.0
2.935232162475586 4.985358238220215 0.0
5.859493255615234 1.5689845085144043 0.0
9.603178977966309 0.8318650126457214 0.0
3.4488525390625 5.500473976135254 0.0
3.256021499633789 5.125542163848877 0.0
7.0342206954956055 1.7363057136535645 0.0
7.267091751098633 1.3257962465286255 0.0
7.443836688995361 1.7029399871826172 0.0
7.3272857666015625 2.0945281982421875 0.0
6.862745761871338 2.1768107414245605 0.0
6.435324668884277 2.2032909393310547 0.0
0.8316523432731628 5.598097324371338 0.0
-9.366610527038574 2.088865041732788 0.0
-8.864293098449707 2.1512768268585205 0.0
-8.364082336425781 2.2199440002441406 0.0
-5.0324602127075195 3.7313714027404785 0.0
-8.728142738342285 0.4208734631538391 0.0
-0.45819440484046936 8.777464866638184 0.0
-2.1382203102111816 9.159758567810059 0.0
-4.680750846862793 4.135348320007324 0.0
-2.4297633171081543 7.66370964050293 0.0
-2.685529947280884 6.636413097381592 0.0
-0.3416365087032318 4.737066745758057 0.0
-4.6929030418396 0.38833802938461304 0.0
-3.5653882026672363 5.2615065574646 0.0
-2.91829776763916 2.2774510383605957 0.0
-3.16182804107666 0.4523169994354248 0.0
-0.416063517332077 3.245939254760742 0.0
-0.43339723348617554 7.2602386474609375 0.0
-7.253913879394531 0.4452616274356842 0.0
-9.50489330291748 0.7389909625053406 0.0
-1.8454707860946655 9.538089752197266 0.0
-2.8958563804626465 0.828043520450592 0.0
-1.7476916313171387 2.93912672996521 0.0
-2.2727625370025635 2.924333333969116 0.0
-2.566922187805176 7.189837455749512 0.0
-7.791630744934082 2.3103725910186768 0.0
-9.141972541809082 0.39817458391189575 0.0
-0.4614209234714508 9.323250770568848 0.0
-7.396097660064697 2.601879358291626 0.0
-0.4489322304725647 5.738090515136719 0.0
-5.746542930603027 0.491824209690094 0.0
-6.917398452758789 2.629210948944092 0.0
-0.43277204036712646 7.756348133087158 0.0
-7.751678466796875 0.4404088854789734 0.0
-0.4374721050262451 3.721602439880371 0.0
-8.246919631958008 0.43503811955451965 0.0
-0.9791824221611023 9.05924129486084 0.0
-8.981335639953613 0.8219384551048279 0.0
-0.4800737798213959 5.19277286529541 0.0
-4.225198268890381 0.4879720211029053 0.0
-6.7538251876831055 0.4549819231033325 0.0
-0.8632442951202393 7.509943008422852 0.0
-0.8619502782821655 8.0031156539917 0.0
-9.060502052307129 1.685968041419983 0.0
-9.556166648864746 1.6222858428955078 0.0
-1.2318907976150513 2.9440839290618896 0.0
-2.9280927181243896 1.2549622058868408 0.0
-2.0062038898468018 3.374079704284668 0.0
-1.4833414554595947 3.388878345489502 0.0
-0.9110819697380066 3.4231789112091064 0.0
-0.7426220774650574 2.9237921237945557 0.0
-2.8597187995910645 2.8626952171325684 0.0
-9.256458282470703 1.2266385555267334 0.0
-9.663726806640625 1.217084527015686 0.0
-3.2802815437316895 5.70765495300293 0.0
-3.027299165725708 5.212143898010254 0.0
-3.386871099472046 0.9393811821937561 0.0
-3.367060422897339 1.4966447353363037 0.0
-3.6901280879974365 0.4509051740169525 0.0
-3.810835123062134 1.2521889209747314 0.0
-3.7958130836486816 1.7530715465545654 0.0
-3.866553544998169 0.8278207182884216 0.0
-4.228546619415283 0.9993036985397339 0.0
-3.354569673538208 2.537904977798462 0.0
-3.387666940689087 3.049393892288208 0.0
-1.245428204536438 3.8454277515411377 0.0
-0.8132126927375793 3.907729387283325 0.0
-3.8006086349487305 2.7724721431732178 0.0
-3.8113291263580322 3.2685184478759766 0.0
-3.7938504219055176 2.262765884399414 0.0
-4.222338676452637 2.507035732269287 0.0
-1.7503246068954468 3.8232340812683105 0.0
-1.5013185739517212 4.265669345855713 0.0
-2.0013010501861572 4.262426376342773 0.0
-1.7497528791427612 4.697991371154785 0.0
-2.7500393390655518 5.654867172241211 0.0
-2.5022385120391846 5.174188613891602 0.0
-3.003045082092285 6.151048183441162 0.0
-2.4580190181732178 6.091272830963135 0.0
-0.4373875856399536 8.259824752807617 0.0
-0.8841328620910645 8.499094009399414 0.0
-2.200512170791626 8.158231735229492 0.0
-2.0250532627105713 7.7299394607543945 0.0
-0.4121016263961792 2.918945074081421 0.0
-7.503976345062256 0.888521671295166 0.0
-4.227643966674805 1.4850386381149292 0.0
-4.22216272354126 1.997206211090088 0.0
-8.004006385803223 0.8795826435089111 0.0
-7.763973236083984 1.332753300666809 0.0
-8.271127700805664 1.3138360977172852 0.0
-8.042760848999023 1.7862952947616577 0.0
-3.360583543777466 2.0134899616241455 0.0
-2.929368495941162 1.7572872638702393 0.0
-4.227293014526367 3.016387462615967 0.0
-4.218882083892822 3.5137417316436768 0.0
-4.684294700622559 3.2777833938598633 0.0
-4.571475505828857 3.729766368865967 0.0
-4.655895233154297 1.7176538705825806 0.0
-4.644694805145264 2.2449212074279785 0.0
-5.08032751083374 1.9751689434051514 0.0
-5.051860332489014 2.507497549057007 0.0
-5.512843132019043 2.2586007118225098 0.0
-5.441771984100342 2.873753309249878 0.0
-4.658594131469727 1.1780648231506348 0.0
-5.098471641540527 1.408123254776001 0.0
-4.590427398681641 0.7514474987983704 0.0
-2.5330941677093506 3.3657963275909424 0.0
-2.25795841217041 3.8197813034057617 0.0
-1.0055900812149048 4.283916473388672 0.0
-0.4800768494606018 4.266613960266113 0.0
-0.7584065198898315 4.719915390014648 0.0
-1.2518243789672852 4.701494216918945 0.0
-1.0040414333343506 5.130671501159668 0.0
-1.4910235404968262 5.123368740081787 0.0
-1.2326830625534058 5.527963161468506 0.0
-1.9893046617507935 5.142262935638428 0.0
-1.7092816829681396 5.555203437805176 0.0
-2.7671663761138916 3.828272581100464 0.0
-2.507234811782837 4.271643161773682 0.0
-3.0169756412506104 4.283714771270752 0.0
-2.7646358013153076 4.734155654907227 0.0
-5.962276935577393 2.5712149143218994 0.0
-5.940100193023682 3.149991035461426 0.0
-5.1559739112854 0.6932366490364075 0.0
-0.4420086443424225 6.7598981857299805 0.0
-0.8738999366760254 7.019543647766113 0.0
-0.45498332381248474 6.248443126678467 0.0
-3.045022964477539 3.400783061981201 0.0
-3.262308120727539 3.843036651611328 0.0
-4.251266002655029 3.9825596809387207 0.0
-4.325010299682617 4.458060264587402 0.0
-3.949728488922119 4.257146835327148 0.0
-6.409405708312988 2.888624668121338 0.0
-6.447433948516846 2.3337762355804443 0.0
-2.217412233352661 5.611297607421875 0.0
-1.8823784589767456 6.064869403839111 0.0
-2.2539126873016357 4.71237325668335 0.0
-3.4574506282806396 3.4707367420196533 0.0
-3.7796690464019775 3.8025543689727783 0.0
-5.514982223510742 1.699063777923584 0.0
-6.017602443695068 1.9342501163482666 0.0
-5.5307936668396 1.1730490922927856 0.0
-1.279939889907837 7.753232955932617 0.0
-1.2852076292037964 8.227043151855469 0.0
-1.294101595878601 7.273900985717773 0.0
-1.6892807483673096 7.520320892333984 0.0
-1.7286572456359863 7.061758518218994 0.0
-2.1036815643310547 7.33853006362915 0.0
-1.3221694231033325 6.792708873748779 0.0
-1.7771648168563843 6.589559078216553 0.0
-1.3746203184127808 6.300820350646973 0.0
-0.9010660648345947 6.515678405761719 0.0
-0.9501573443412781 5.962098598480225 0.0
-8.560141563415527 1.7407379150390625 0.0
-8.769430160522461 1.2767285108566284 0.0
-8.498285293579102 0.8600057363510132 0.0
-6.246920585632324 0.47071218490600586 0.0
-5.967000961303711 0.9606229662895203 0.0
-7.00553560256958 0.9007600545883179 0.0
-6.504008769989014 0.9240424036979675 0.0
-6.768976211547852 1.3613849878311157 0.0
-6.276835918426514 1.4081556797027588 0.0
-7.261767387390137 1.3414764404296875 0.0
-7.0282487869262695 1.7796897888183594 0.0
-6.559487342834473 1.8284645080566406 0.0
-7.519306659698486 1.7936651706695557 0.0
-7.245280742645264 2.2116055488586426 0.0
-6.836794853210449 2.156501293182373 0.0
-3.5275332927703857 4.284090518951416 0.0
-4.6345295906066895 2.7499992847442627 0.0
-5.859433174133301 1.4370551109313965 0.0
-3.2945079803466797 4.757227420806885 0.0
-3.881711959838867 4.767734527587891 0.0
-1.6957536935806274 7.977323532104492 0.0
-1.7064208984375 8.462457656860352 0.0
-2.1750998497009277 6.876319885253906 0.0
-2.1970067024230957 6.4503254890441895 0.0
-1.2944098711013794 8.655851364135742 0.0
-4.986300468444824 2.9347846508026123 0.0
-1.2977991104125977 9.536133766174316 0.0
-1.6277297735214233 9.021212577819824 0.0
-1.4309839010238647 5.880990028381348 0.0
-0.8449026942253113 9.585686683654785 0.0
-5.501104831695557 3.448106288909912 0.0
-5.127196311950684 3.2552430629730225 0.0
-2.14597225189209 8.722380638122559 0.0
-5.598097801208496 0.8316521048545837 0.0
-0.8210694789886475 5.512261867523193 0.0
-2.0881400108337402 -9.36733341217041 0.0
-2.148747205734253 -8.865946769714355 0.0
-2.212080955505371 -8.367456436157227 0.0
-3.738985776901245 -5.03198766708374 0.0
-0.42028430104255676 -8.728891372680664 0.0
-8.763842582702637 -0.43124303221702576 0.0
-9.179731369018555 -2.158473253250122 0.0
-4.144022464752197 -4.6749958992004395 0.0
-7.669483184814453 -2.299626111984253 0.0
-6.624781608581543 -2.685143232345581 0.0
-4.708556175231934 -0.5287399291992188 0.0
-0.5261676907539368 -4.699678897857666 0.0
-5.2611308097839355 -3.5959270000457764 0.0
-2.2750027179718018 -2.9184911251068115 0.0
-0.44904693961143494 -3.1602039337158203 0.0
-3.164752721786499 -0.4439221918582916 0.0
-7.260715007781982 -0.43299347162246704 0.0
-0.4415905773639679 -7.253839015960693 0.0
-0.7386180758476257 -9.505263328552246 0.0
-9.553055763244629 -1.867716908454895 0.0
-0.8255147337913513 -2.895644426345825 0.0
-2.9305739402770996 -1.749319076538086 0.0
-2.9155514240264893 -2.2713091373443604 0.0
-7.166228771209717 -2.5449459552764893 0.0
-2.282061815261841 -7.797510623931885 0.0
-0.3977823555469513 -9.14253044128418 0.0
-9.298879623413086 -0.44334301352500916 0.0
-2.5361480712890625 -7.32229471206665 0.0
-5.757219314575195 -0.44842061400413513 0.0
-0.45253631472587585 -5.748099327087402 0.0
-2.7197983264923096 -6.867725849151611 0.0
-7.7581682205200195 -0.43284955620765686 0.0
-0.4408455193042755 -7.751677513122559 0.0
-3.689072370529175 -0.43458858132362366 0.0
-9.00467300415039 -0.8499585390090942 0.0
-0.4341270923614502 -8.247814178466797 0.0
-0.8207738399505615 -8.982643127441406 0.0
-0.4555552899837494 -4.177103519439697 0.0
-5.249704837799072 -0.46341845393180847 0.0
-7.511360168457031 -0.8690567016601562 0.0
-8.009634017944336 -0.8660979270935059 0.0
-0.44364437460899353 -6.753544330596924 0.0
-1.6841466426849365 -9.061955451965332 0.0
-1.6216356754302979 -9.556620597839355 0.0
-2.934199094772339 -1.244281530380249 0.0
-3.3555963039398193 -2.0029678344726562 0.0
-3.3703606128692627 -1.483725666999817 0.0
-3.394692897796631 -0.9234135150909424 0.0
-2.900693893432617 -0.8196098804473877 0.0
-1.2515372037887573 -2.930265426635742 0.0
-2.85396409034729 -2.8569276332855225 0.0
-0.46667638421058655 -5.2389631271362305 0.0
-0.9139201641082764 -4.992773056030273 0.0
-1.2263919115066528 -9.257229804992676 0.0
-1.2168766260147095 -9.663991928100586 0.0
-0.9300251603126526 -3.391541004180908 0.0
-1.490560531616211 -3.3753304481506348 0.0
-2.931140422821045 -6.405827522277832 0.0
-2.414113759994507 -6.446460247039795 0.0
-3.3453452587127686 -2.5277743339538574 0.0
-3.7766733169555664 -2.2516825199127197 0.0
-1.2373549938201904 -3.8359439373016357 0.0
-1.7506588697433472 -3.8106424808502197 0.0
-2.648418426513672 -5.968310832977295 0.0
-2.1262145042419434 -6.013698577880859 0.0
-7.016074180603027 -0.8726775050163269 0.0
-7.262430191040039 -1.3096182346343994 0.0
-3.8276355266571045 -1.2361394166946411 0.0
-3.884291172027588 -0.7998810410499573 0.0
-3.788461923599243 -1.7445907592773438 0.0
-2.5341796875 -3.3546173572540283 0.0
-3.039280414581299 -3.3832502365112305 0.0
-4.225314617156982 -1.5000793933868408 0.0
-4.3182477951049805 -0.9635431170463562 0.0
-2.76969051361084 -3.8007078170776367 0.0
-3.2603726387023926 -3.802492380142212 0.0
-2.2642226219177246 -3.798982620239258 0.0
-2.5118730068206787 -4.2306976318359375 0.0
-2.0051186084747314 -4.2409348487854 0.0
-2.265066385269165 -4.665881156921387 0.0
-3.7862155437469482 -2.7574210166931152 0.0
-4.21196985244751 -2.481661319732666 0.0
-4.185673713684082 -0.45263099670410156 0.0
-3.3769896030426025 -3.0353198051452637 0.0
-3.795130968093872 -3.2376298904418945 0.0
-3.4500250816345215 -3.4414119720458984 0.0
-3.784477710723877 -3.74277400970459 0.0
-8.260282516479492 -0.430025577545166 0.0
-8.507906913757324 -0.8599240183830261 0.0
-8.255860328674316 -1.3031431436538696 0.0
-8.756035804748535 -1.274637222290039 0.0
-7.753847122192383 -1.3115766048431396 0.0
-7.9860029220581055 -1.77510404586792 0.0
-7.487485408782959 -1.7575396299362183 0.0
-1.7550665140151978 -2.9310498237609863 0.0
-2.0111594200134277 -3.3647711277008057 0.0
-0.884726881980896 -7.507659435272217 0.0
-7.024621486663818 -1.7409095764160156 0.0
-6.775367736816406 -1.3189306259155273 0.0
-6.560361862182617 -1.775600790977478 0.0
-6.27380895614624 -1.351027011871338 0.0
-6.027420997619629 -1.889229655265808 0.0
-6.5179290771484375 -0.883344292640686 0.0
-6.0127339363098145 -0.8961580991744995 0.0
-5.7555832862854 -1.364890456199646 0.0
-5.474520683288574 -1.8096085786819458 0.0
-0.44176962971687317 -3.6819522380828857 0.0
-1.489075779914856 -4.260648727416992 0.0
-6.762533187866211 -0.43648582696914673 0.0
-6.261221885681152 -0.44210484623908997 0.0
-0.8762694001197815 -8.007515907287598 0.0
-1.3245704174041748 -7.7731828689575195 0.0
-1.3084900379180908 -8.276151657104492 0.0
-1.7736784219741821 -8.051305770874023 0.0
-3.015592336654663 -4.230301856994629 0.0
-3.5126307010650635 -4.208813667297363 0.0
-3.2854325771331787 -4.686184883117676 0.0
-3.737734079360962 -4.562963962554932 0.0
-5.505849361419678 -0.9045310616493225 0.0
-5.236730098724365 -1.3550890684127808 0.0
-4.960629940032959 -1.8355777263641357 0.0
-5.244259834289551 -2.150911808013916 0.0
-4.710543632507324 -1.31947922706604 0.0
-4.533717155456543 -1.7620757818222046 0.0
-4.186232566833496 -1.9876736402511597 0.0
-4.591673374176025 -2.1777422428131104 0.0
-0.8050152659416199 -3.8780219554901123 0.0
-0.9527243375778198 -4.31337833404541 0.0
-2.7606759071350098 -4.648275852203369 0.0
-2.9524476528167725 -4.999886989593506 0.0
-2.541295051574707 -5.072514057159424 0.0
-2.9125876426696777 -5.452741622924805 0.0
-2.0243780612945557 -5.124014377593994 0.0
-2.345688819885254 -5.537785053253174 0.0
-1.7432619333267212 -4.691958427429199 0.0
-1.429764747619629 -5.188760280609131 0.0
-5.706114768981934 -3.297682285308838 0.0
-5.2081451416015625 -3.049440860748291 0.0
-5.664370059967041 -2.776155948638916 0.0
-5.232098579406738 -2.5416884422302246 0.0
-5.619887828826904 -2.27404522895813 0.0
-4.948554039001465 -2.2838845252990723 0.0
-6.084408760070801 -2.4731929302215576 0.0
-6.150260925292969 -3.012108087539673 0.0
-5.0167999267578125 -0.9137368202209473 0.0
-4.6887969970703125 -0.928581178188324 0.0
-1.239731788635254 -4.684106826782227 0.0
-0.9071035385131836 -4.672736167907715 0.0
-1.828086018562317 -5.604299068450928 0.0
-3.9990227222442627 -4.222819805145264 0.0
-4.488109111785889 -4.311403274536133 0.0
-4.32494592666626 -3.8388421535491943 0.0
-4.849287033081055 -3.9411778450012207 0.0
-4.677038669586182 -3.3683178424835205 0.0
-4.224069595336914 -2.9995205402374268 0.0
-4.725801944732666 -2.702260971069336 0.0
-4.160122871398926 -3.438516139984131 0.0
-1.7353222370147705 -8.563931465148926 0.0
-1.2739890813827515 -8.771746635437012 0.0
-0.8576026558876038 -8.500365257263184 0.0
-3.1788830757141113 -5.943288326263428 0.0
-8.243087768554688 -2.2335362434387207 0.0
-0.916135311126709 -5.487850189208984 0.0
-0.8963239192962646 -6.000247955322266 0.0
-1.3498810529708862 -5.756478786468506 0.0
-0.4466065466403961 -6.251988410949707 0.0
-0.8926992416381836 -6.501194953918457 0.0
-1.3362606763839722 -6.252889156341553 0.0
-1.6966506242752075 -6.0216827392578125 0.0
-1.8442015647888184 -6.495327949523926 0.0
-1.3442020416259766 -6.759145736694336 0.0
-1.7734966278076172 -7.0485148429870605 0.0
-0.8906259536743164 -7.005055904388428 0.0
-8.511064529418945 -1.7401105165481567 0.0
-9.072183609008789 -1.680452823638916 0.0
-1.3316361904144287 -7.2698893547058105 0.0
-1.7693239450454712 -7.541978359222412 0.0
-9.554511070251465 -1.3564528226852417 0.0
-8.756333351135254 -2.169386386871338 0.0
-9.508559226989746 -0.8906114101409912 0.0
-9.181110382080078 -1.2084025144577026 0.0
-3.463430881500244 -5.504576206207275 0.0
-3.2705538272857666 -5.134738445281982 0.0
-7.2361226081848145 -2.1045453548431396 0.0
-6.838799953460693 -2.175572156906128 0.0
-6.42829704284668 -2.1973955631256104 0.0
-2.233656883239746 -6.918161392211914 0.0
-2.120926856994629 -7.323853969573975 0.0
9.36658763885498 -2.088514566421509 0.0
8.864079475402832 -2.1506998538970947 0.0
8.363784790039062 -2.219409465789795 0.0
5.0296220779418945 -3.73343563079834 0.0
8.727978706359863 -0.42066463828086853 0.0
0.42752736806869507 -8.778840065002441 0.0
2.0393855571746826 -9.120365142822266 0.0
4.6751179695129395 -4.142991065979004 0.0
2.4299890995025635 -7.669241428375244 0.0
2.689793825149536 -6.631198883056641 0.0
0.3424484431743622 -4.7383551597595215 0.0
4.6929030418396 -0.38833799958229065 0.0
3.603257894515991 -5.2576704025268555 0.0
2.9181556701660156 -2.2767555713653564 0.0
3.16182804107666 -0.4523170292377472 0.0
0.41607552766799927 -3.246030807495117 0.0
0.4402671754360199 -7.267061710357666 0.0
7.253953456878662 -0.44560495018959045 0.0
9.504916191101074 -0.7388364672660828 0.0
1.821998953819275 -9.584845542907715 0.0
2.895808219909668 -0.8280002474784851 0.0
1.7482496500015259 -2.9395816326141357 0.0
2.2733099460601807 -2.9239611625671387 0.0
2.565855026245117 -7.18732213973999 0.0
7.791543006896973 -2.310239553451538 0.0
9.142001152038574 -0.3981456160545349 0.0
0.49640700221061707 -9.33774185180664 0.0
7.3962721824646 -2.6018917560577393 0.0
0.4277201294898987 -5.747947692871094 0.0
5.74654483795166 -0.49182212352752686 0.0
6.9173994064331055 -2.6292083263397217 0.0
0.43984517455101013 -7.776485919952393 0.0
7.750372409820557 -0.4426327049732208 0.0
0.4375796616077423 -3.7220537662506104 0.0
8.246480941772461 -0.43539589643478394 0.0
0.7937220931053162 -8.991029739379883 0.0
8.981399536132812 -0.8215136528015137 0.0
0.47577160596847534 -5.203935623168945 0.0
4.22519588470459 -0.4879516065120697 0.0
6.753845691680908 -0.4550800919532776 0.0
0.8933179378509521 -7.536616325378418 0.0
0.8844929337501526 -8.059747695922852 0.0
9.060336112976074 -1.6853147745132446 0.0
9.556082725524902 -1.6219570636749268 0.0
1.2320855855941772 -2.9442596435546875 0.0
2.928083658218384 -1.2549699544906616 0.0
2.00714111328125 -3.3759140968322754 0.0
1.4836825132369995 -3.389486074447632 0.0
0.9113255143165588 -3.4237091541290283 0.0
0.7428023219108582 -2.923975706100464 0.0
2.859647512435913 -2.859954595565796 0.0
8.55983829498291 -1.7396752834320068 0.0
8.769318580627441 -1.2758389711380005 0.0
3.2982184886932373 -5.701498985290527 0.0
3.067478656768799 -5.189297199249268 0.0
3.387059211730957 -0.9391925930976868 0.0
3.36706280708313 -1.4966416358947754 0.0
3.690152406692505 -0.4509042799472809 0.0
3.811016321182251 -1.2520033121109009 0.0
3.7958109378814697 -1.7526999711990356 0.0
3.866549491882324 -0.8278205990791321 0.0
4.228735446929932 -0.9991186261177063 0.0
3.354078531265259 -2.536118745803833 0.0
3.3861827850341797 -3.043687343597412 0.0
1.2458481788635254 -3.846869707107544 0.0
0.8133472800254822 -3.9092164039611816 0.0
3.7991318702697754 -2.7695765495300293 0.0
3.804556131362915 -3.2623589038848877 0.0
3.7933859825134277 -2.2618191242218018 0.0
4.221541881561279 -2.5068681240081787 0.0
1.7505332231521606 -3.823314666748047 0.0
1.501616358757019 -4.270155429840088 0.0
2.007828950881958 -4.260931015014648 0.0
1.754432201385498 -4.707940101623535 0.0
9.25643253326416 -1.2262955904006958 0.0
9.66372013092041 -1.2168829441070557 0.0
2.2908363342285156 -8.147605895996094 0.0
1.9502755403518677 -7.779944896697998 0.0
0.4321637749671936 -8.280606269836426 0.0
0.8374563455581665 -8.563163757324219 0.0
0.41228389739990234 -2.9191269874572754 0.0
7.504039287567139 -0.8887050747871399 0.0
4.2276434898376465 -1.485045075416565 0.0
4.221980094909668 -1.9970375299453735 0.0
3.3603596687316895 -2.012857675552368 0.0
2.9293150901794434 -1.757049560546875 0.0
8.003521919250488 -0.8799160718917847 0.0
7.763735294342041 -1.3327308893203735 0.0
4.226307392120361 -3.0124850273132324 0.0
4.2091145515441895 -3.511646270751953 0.0
4.680843830108643 -3.278165102005005 0.0
4.561751842498779 -3.7351796627044678 0.0
8.270807266235352 -1.3136999607086182 0.0
8.042364120483398 -1.7860983610153198 0.0
2.535060167312622 -3.362924575805664 0.0
2.2637832164764404 -3.8144571781158447 0.0
4.655900478363037 -1.717642068862915 0.0
4.644533634185791 -2.244917392730713 0.0
5.080328464508057 -1.9751670360565186 0.0
5.051768779754639 -2.507512092590332 0.0
5.51284646987915 -2.258690595626831 0.0
5.441412448883057 -2.874049425125122 0.0
4.658596038818359 -1.178065299987793 0.0
5.098470211029053 -1.4081268310546875 0.0
4.590609550476074 -0.7512636184692383 0.0
2.773815393447876 -3.810331344604492 0.0
2.5238635540008545 -4.254807472229004 0.0
3.0355348587036133 -4.233113765716553 0.0
2.804481267929077 -4.70161247253418 0.0
1.0057225227355957 -4.288682460784912 0.0
0.4804164171218872 -4.268637657165527 0.0
0.7580037713050842 -4.729281902313232 0.0
1.2528496980667114 -4.71733283996582 0.0
1.0073251724243164 -5.1639790534973145 0.0
1.5029942989349365 -5.157079696655273 0.0
1.2641255855560303 -5.637219429016113 0.0
2.008941411972046 -5.149853229522705 0.0
1.748094081878662 -5.5739545822143555 0.0
5.155974388122559 -0.6932345628738403 0.0
5.962178707122803 -2.5712242126464844 0.0
5.939963340759277 -3.150139331817627 0.0
0.4376600384712219 -6.756583213806152 0.0
0.8820127844810486 -7.015644550323486 0.0
0.4330960512161255 -6.248294353485107 0.0
1.7956007719039917 -8.253381729125977 0.0
1.4039740562438965 -7.821592330932617 0.0
1.2959697246551514 -8.38893985748291 0.0
3.0436770915985107 -3.3882086277008057 0.0
3.2525360584259033 -3.8053507804870605 0.0
2.7714273929595947 -5.646319389343262 0.0
2.528461217880249 -5.164795398712158 0.0
3.0123512744903564 -6.146677017211914 0.0
2.4730143547058105 -6.082353591918945 0.0
4.223987102508545 -4.000943660736084 0.0
4.3133063316345215 -4.489278793334961 0.0
3.8454830646514893 -4.329484939575195 0.0
2.241384267807007 -5.608064651489258 0.0
1.9109734296798706 -6.042028903961182 0.0
6.40922737121582 -2.8888051509857178 0.0
6.447432994842529 -2.3337762355804443 0.0
2.270061731338501 -4.7057929039001465 0.0
1.664058804512024 -8.75454330444336 0.0
1.185005784034729 -8.889404296875 0.0
1.5139880180358887 -9.233306884765625 0.0
1.016282081604004 -9.396230697631836 0.0
3.448356866836548 -3.456423282623291 0.0
3.7496426105499268 -3.7891299724578857 0.0
1.3687747716903687 -9.644915580749512 0.0
5.514982223510742 -1.6990625858306885 0.0
6.017603397369385 -1.9342501163482666 0.0
5.530794143676758 -1.173047423362732 0.0
3.9456772804260254 -4.851600646972656 0.0
3.394897699356079 -4.674388885498047 0.0
0.8831229209899902 -6.492623329162598 0.0
1.3274348974227905 -6.760942459106445 0.0
1.3694592714309692 -6.189846992492676 0.0
1.784978985786438 -6.554629802703857 0.0
0.8622082471847534 -5.978572845458984 0.0
0.8077032566070557 -5.545242786407471 0.0
2.1655211448669434 -8.634510040283203 0.0
8.498069763183594 -0.859717607498169 0.0
6.246917247772217 -0.4707130491733551 0.0
5.967000961303711 -0.9606226086616516 0.0
7.005529403686523 -0.9007600545883179 0.0
6.504007339477539 -0.924042284488678 0.0
6.769169807434082 -1.361395239830017 0.0
6.277012825012207 -1.407976508140564 0.0
7.2616190910339355 -1.3414798974990845 0.0
7.028262615203857 -1.7796788215637207 0.0
6.559686660766602 -1.8284716606140137 0.0
7.519098281860352 -1.7934767007827759 0.0
7.24528694152832 -2.2116169929504395 0.0
6.836812496185303 -2.156484603881836 0.0
3.456515073776245 -4.165358066558838 0.0
4.633996963500977 -2.7498509883880615 0.0
5.859614849090576 -1.4369646310806274 0.0
4.985358238220215 -2.9352316856384277 0.0
1.5703281164169312 -5.8611884117126465 0.0
5.500473976135254 -3.4488525390625 0.0
5.12563419342041 -3.2560153007507324 0.0
1.7349138259887695 -7.037008285522461 0.0
1.3215829133987427 -7.272122859954834 0.0
1.6989878416061401 -7.450010776519775 0.0
2.0934507846832275 -7.330422401428223 0.0
2.177013874053955 -6.864236354827881 0.0
2.2051658630371094 -6.435519695281982 0.0
5.598097324371338 -0.8316523432731628 0.0
0.7527053952217102 -9.683116912841797 0.0
0.851452648639679 0.39467406272888184 0.0
0.6948732137680054 2.0584557056427 0.0
1.9984445571899414 1.7660900354385376 0.0
0.4932001531124115 0.7345342636108398 0.0
1.2623875141143799 0.41676855087280273 0.0
1.0140374898910522 0.8124608397483826 0.0
1.4920153617858887 0.8468183279037476 0.0
1.2404415607452393 1.2522603273391724 0.0
1.7219839096069336 1.2855454683303833 0.0
0.7546586990356445 1.2142176628112793 0.0
0.97608882188797 1.6530441045761108 0.0
0.4636836647987366 1.6061266660690308 0.0
1.2157464027404785 2.08528208732605 0.0
1.468181848526001 1.6917483806610107 0.0
1.6392332315444946 2.1068904399871826 0.0
0.3415960967540741 1.2114341259002686 0.0
2.1449990272521973 1.2817281484603882 0.0
1.9960860013961792 0.8649563789367676 0.0
1.7276158332824707 0.4363339841365814 0.0
2.101686954498291 0.5010631680488586 0.0
2.2739832401275635 0.7161445021629333 0.0
-0.39467406272888184 0.851452648639679 0.0
-2.0584557056427 0.6948732137680054 0.0
-1.7660900354385376 1.9984445571899414 0.0
-0.7345342636108398 0.4932001531124115 0.0
-0.41676855087280273 1.2623875141143799 0.0
-0.8124608397483826 1.0140374898910522 0.0
-0.8468183279037476 1.4920153617858887 0.0
-1.2522603273391724 1.2404415607452393 0.0
-1.2855454683303833 1.7219839096069336 0.0
-1.2142176628112793 0.7546586990356445 0.0
-1.6530441045761108 0.97608882188797 0.0
-1.6061266660690308 0.4636836647987366 0.0
-2.08528208732605 1.2157464027404785 0.0
-1.6917483806610107 1.468181848526001 0.0
-2.1068904399871826 1.6392332315444946 0.0
-1.2114341259002686 0.3415960967540741 0.0
-1.2817281484603882 2.1449990272521973 0.0
-0.8649563789367676 1.9960860013961792 0.0
-0.4363339841365814 1.7276158332824707 0.0
-0.5010631680488586 2.101686954498291 0.0
-0.7161445021629333 2.2739832401275635 0.0
-0.851452648639679 -0.39467406272888184 0.0
-0.6948732137680054 -2.0584557056427 0.0
-1.9984445571899414 -1.7660900354385376 0.0
-0.4932001531124115 -0.7345342636108398 0.0
-1.2623875141143799 -0.41676855087280273 0.0
-1.0140374898910522 -0.8124608397483826 0.0
-1.4920153617858887 -0.8468183279037476 0.0
-1.2404415607452393 -1.2522603273391724 0.0
-1.7219839096069336 -1.2855454683303833 0.0
-0.7546586990356445 -1.2142176628112793 0.0
-0.97608882188797 -1.6530441045761108 0.0
-0.4636836647987366 -1.6061266660690308 0.0
-1.2157464027404785 -2.08528208732605 0.0
-1.468181848526001 -1.6917483806610107 0.0
-1.6392332315444946 -2.1068904399871826 0.0
-0.3415960967540741 -1.2114341259002686 0.0
-2.1449990272521973 -1.2817281484603882 0.0
-1.9960860013961792 -0.8649563789367676 0.0
-1.7276158332824707 -0.4363339841365814 0.0
-2.101686954498291 -0.5010631680488586 0.0
-2.2739832401275635 -0.7161445021629333 0.0
0.39467406272888184 -0.851452648639679 0.0
2.0584557056427 -0.6948732137680054 0.0
1.7660900354385376 -1.9984445571899414 0.0
0.7345342636108398 -0.4932001531124115 0.0
0.41676855087280273 -1.2623875141143799 0.0
0.8124608397483826 -1.0140374898910522 0.0
0.8468183279037476 -1.4920153617858887 0.0
1.2522603273391724 -1.2404415607452393 0.0
1.2855454683303833 -1.7219839096069336 0.0
1.2142176628112793 -0.7546586990356445 0.0
1.6530441045761108 -0.97608882188797 0.0
1.6061266660690308 -0.4636836647987366 0.0
2.08528208732605 -1.2157464027404785 0.0
1.6917483806610107 -1.468181848526001 0.0
2.1068904399871826 -1.6392332315444946 0.0
1.2114341259002686 -0.3415960967540741 0.0
1.2817281484603882 -2.1449990272521973 0.0
0.8649563789367676 -1.9960860013961792 0.0
0.4363339841365814 -1.7276158332824707 0.0
0.5010631680488586 -2.101686954498291 0.0
0.7161445021629333 -2.2739832401275635 0.0
CELLS 2028 8112
3 43 1 117
3 42 43 249
3 41 42 250
3 40 41 251
3 33 34 252
3 164 165 253
3 147 146 254
3 21 22 255
3 32 33 256
3 24 25 257
3 26 27 258
3 155 154 259
3 172 173 260
3 29 30 261
3 9 163 120
3 221 14 262
3 8 113 145
3 217 13 158
3 176 15 224
3 175 176 263
3 158 157 264
3 150 149 265
3 167 168 266
3 119 120 267
3 115 116 268
3 116 0 21
3 224 223 269
3 220 219 270
3 14 220 271
3 25 26 272
3 39 40 273
3 163 164 274
3 146 145 275
3 38 39 276
3 153 152 277
3 170 171 278
3 37 38 279
3 149 148 280
3 166 167 281
3 279 38 276
3 264 157 282
3 263 176 224
3 253 165 283
3 254 146 275
3 254 275 284
3 256 33 252
3 274 164 253
3 274 253 285
3 275 145 113
3 257 25 272
3 259 154 286
3 260 173 287
3 273 40 251
3 266 168 288
3 265 149 280
3 265 280 289
3 289 280 290
3 276 39 273
3 250 42 249
3 250 249 291
3 291 249 292
3 270 219 293
3 293 219 218
3 269 223 294
3 294 223 222
3 271 220 270
3 271 270 295
3 295 270 296
3 296 270 293
3 296 293 297
3 297 293 298
3 267 120 163
3 268 116 21
3 262 14 299
3 299 14 271
3 250 291 300
3 300 291 301
3 269 294 302
3 302 294 303
3 175 263 304
3 304 263 302
3 250 300 251
3 250 251 41
3 29 261 305
3 305 261 306
3 302 303 307
3 307 303 308
3 302 307 309
3 309 307 310
3 262 299 311
3 311 299 312
3 296 297 313
3 313 297 314
3 311 312 315
3 315 312 316
3 311 315 317
3 317 315 318
3 296 313 319
3 319 313 320
3 319 320 321
3 321 320 322
3 295 296 319
3 291 292 323
3 323 292 324
3 291 323 301
3 323 324 267
3 267 324 119
3 119 324 118
3 118 324 292
3 118 292 117
3 21 255 268
3 147 254 325
3 325 254 326
3 24 257 327
3 327 257 328
3 327 328 329
3 329 328 330
3 297 298 264
3 264 298 331
3 331 298 217
3 331 217 158
3 331 158 264
3 264 282 297
3 167 266 281
3 281 266 332
3 307 308 333
3 333 308 334
3 274 285 267
3 274 267 163
3 262 311 335
3 335 311 317
3 335 317 308
3 335 308 303
3 262 335 336
3 336 335 303
3 336 303 294
3 262 336 221
3 281 332 337
3 337 332 338
3 315 316 339
3 339 316 340
3 339 340 341
3 341 340 342
3 317 318 334
3 317 334 308
3 337 338 343
3 343 338 344
3 271 295 345
3 345 295 346
3 271 345 299
3 345 346 347
3 347 346 348
3 347 348 349
3 349 348 350
3 333 334 351
3 351 334 352
3 351 352 353
3 353 352 354
3 353 354 355
3 355 354 356
3 333 351 357
3 357 351 358
3 333 357 310
3 310 357 359
3 333 310 307
3 313 314 360
3 360 314 361
3 360 361 362
3 362 361 259
3 362 259 286
3 360 362 363
3 363 362 364
3 363 364 365
3 365 364 366
3 363 365 322
3 322 365 367
3 363 322 320
3 363 320 360
3 360 320 313
3 367 365 368
3 260 287 359
3 260 359 369
3 355 356 370
3 370 356 371
3 150 265 372
3 372 265 373
3 150 372 151
3 151 372 374
3 151 374 152
3 345 347 375
3 375 347 376
3 166 281 283
3 166 283 165
3 26 258 272
3 24 327 23
3 269 302 263
3 269 263 224
3 29 305 28
3 341 342 252
3 252 342 256
3 256 342 377
3 256 377 378
3 378 377 379
3 256 378 32
3 370 371 380
3 380 371 36
3 370 380 381
3 381 380 279
3 279 380 37
3 367 368 382
3 382 368 383
3 322 367 384
3 384 367 385
3 322 384 321
3 153 277 286
3 375 376 386
3 386 376 387
3 386 387 316
3 386 316 312
3 386 312 375
3 353 355 388
3 388 355 389
3 353 388 358
3 358 388 390
3 353 358 351
3 358 390 369
3 289 290 330
3 378 379 391
3 391 379 392
3 391 392 261
3 378 391 31
3 302 309 304
3 304 309 287
3 367 382 385
3 319 321 346
3 372 373 393
3 393 373 394
3 393 394 395
3 395 394 396
3 372 393 374
3 374 393 397
3 397 393 395
3 397 395 366
3 374 397 277
3 277 397 398
3 277 398 286
3 395 396 383
3 384 385 350
3 305 306 399
3 399 306 385
3 305 399 400
3 400 399 401
3 305 400 28
3 345 375 299
3 327 329 402
3 402 329 403
3 402 403 255
3 265 289 373
3 172 260 369
3 343 344 300
3 400 401 258
3 357 358 369
3 254 284 326
3 300 301 343
3 343 301 404
3 404 301 285
3 285 301 323
3 285 323 267
3 343 404 337
3 337 404 283
3 283 404 253
3 170 278 405
3 405 278 406
3 170 405 169
3 169 405 288
3 169 288 168
3 155 259 361
3 310 359 287
3 347 349 376
3 376 349 407
3 376 407 387
3 266 288 408
3 408 288 409
3 266 408 332
3 408 409 410
3 410 409 411
3 408 410 412
3 412 410 413
3 410 411 414
3 414 411 389
3 408 412 332
3 412 413 415
3 415 413 416
3 415 416 273
3 412 415 338
3 410 414 413
3 413 414 417
3 413 417 416
3 175 304 174
3 147 325 148
3 315 339 318
3 318 339 418
3 318 418 352
3 318 352 334
3 370 381 389
3 389 381 414
3 370 389 355
3 309 310 287
3 388 389 419
3 419 389 411
3 419 411 406
3 406 411 409
3 406 409 405
3 405 409 288
3 388 419 390
3 390 419 406
3 382 383 401
3 349 350 392
3 327 402 23
3 281 337 283
3 325 326 290
3 290 326 420
3 420 326 421
3 290 420 330
3 330 420 329
3 329 420 403
3 420 421 403
3 403 421 422
3 403 422 255
3 115 268 423
3 423 268 422
3 422 268 255
3 423 422 284
3 115 423 114
3 339 341 418
3 418 341 424
3 418 424 354
3 365 366 368
3 368 366 425
3 425 366 395
3 425 395 383
3 425 383 368
3 369 359 357
3 249 43 117
3 377 342 340
3 377 340 387
3 377 387 379
3 379 387 407
3 379 407 392
3 392 407 349
3 148 325 280
3 398 397 366
3 398 366 364
3 398 364 286
3 422 421 284
3 284 421 326
3 284 275 426
3 426 275 113
3 284 426 423
3 423 426 114
3 321 384 348
3 416 417 279
3 252 34 427
3 427 34 35
3 252 427 428
3 428 427 356
3 252 428 341
3 341 428 424
3 424 428 356
3 285 253 404
3 261 30 391
3 258 27 400
3 277 152 374
3 278 171 369
3 298 293 218
3 298 218 217
3 255 22 402
3 282 157 156
3 396 394 429
3 429 394 430
3 430 394 373
3 429 430 431
3 431 430 330
3 431 330 328
3 431 328 432
3 431 432 429
3 396 429 433
3 433 429 432
3 396 433 434
3 434 433 258
3 396 434 383
3 383 434 401
3 401 434 258
3 432 328 257
3 432 257 272
3 432 272 433
3 401 399 382
3 356 354 424
3 314 297 282
3 314 282 361
3 361 282 156
3 312 299 375
3 354 352 418
3 306 261 392
3 350 348 384
3 346 295 319
3 364 362 286
3 406 278 435
3 435 278 369
3 435 369 390
3 435 390 406
3 340 316 387
3 338 332 412
3 417 414 381
3 417 381 279
3 371 356 427
3 344 338 415
3 348 346 321
3 287 173 174
3 287 174 304
3 286 154 153
3 292 249 117
3 430 373 289
3 290 280 325
3 385 382 399
3 22 23 402
3 156 155 361
3 222 221 336
3 113 114 426
3 430 289 330
3 222 336 294
3 27 28 400
3 35 36 371
3 36 37 380
3 31 32 378
3 30 31 391
3 344 415 273
3 350 385 306
3 171 172 369
3 251 300 344
3 273 251 344
3 272 258 433
3 276 273 416
3 276 416 279
3 427 35 371
3 392 350 306
3 66 3 125
3 65 66 436
3 64 65 437
3 63 64 438
3 56 57 439
3 182 183 440
3 165 164 441
3 44 45 442
3 55 56 443
3 47 48 444
3 49 50 445
3 173 172 446
3 190 191 447
3 52 53 448
3 10 181 128
3 229 16 449
3 9 121 163
3 225 15 176
3 194 17 232
3 193 194 450
3 176 175 451
3 168 167 452
3 185 186 453
3 127 128 454
3 123 124 455
3 124 2 44
3 232 231 456
3 228 227 457
3 16 228 458
3 48 49 459
3 62 63 460
3 181 182 461
3 164 163 462
3 61 62 463
3 171 170 464
3 188 189 465
3 60 61 466
3 167 166 467
3 184 185 468
3 466 61 463
3 451 175 469
3 450 194 232
3 440 183 470
3 441 164 462
3 441 462 471
3 443 56 439
3 461 182 440
3 461 440 472
3 462 163 121
3 444 48 459
3 446 172 473
3 447 191 474
3 460 63 438
3 453 186 475
3 452 167 467
3 452 467 476
3 476 467 477
3 463 62 460
3 437 65 436
3 437 436 478
3 478 436 479
3 457 227 480
3 480 227 226
3 456 231 481
3 481 231 230
3 458 228 457
3 458 457 482
3 482 457 483
3 483 457 480
3 483 480 484
3 484 480 485
3 454 128 181
3 455 124 44
3 449 16 486
3 486 16 458
3 478 479 487
3 487 479 488
3 52 448 489
3 489 448 490
3 456 481 491
3 491 481 492
3 193 450 493
3 493 450 491
3 491 492 494
3 494 492 495
3 491 494 496
3 496 494 497
3 449 486 498
3 498 486 499
3 483 484 500
3 500 484 501
3 498 499 502
3 502 499 503
3 498 502 504
3 504 502 505
3 483 500 506
3 506 500 507
3 506 507 508
3 508 507 509
3 482 483 506
3 489 490 510
3 510 490 511
3 489 510 512
3 512 510 513
3 512 513 445
3 44 442 455
3 165 441 514
3 514 441 515
3 47 444 516
3 516 444 517
3 484 485 451
3 451 485 518
3 518 485 225
3 518 225 176
3 518 176 451
3 185 453 468
3 468 453 519
3 451 469 484
3 461 472 454
3 461 454 181
3 494 495 520
3 520 495 521
3 489 512 51
3 468 519 522
3 522 519 523
3 504 505 521
3 504 521 495
3 522 523 524
3 524 523 525
3 449 498 526
3 526 498 504
3 526 504 495
3 526 495 492
3 449 526 527
3 527 526 492
3 527 492 481
3 449 527 229
3 502 503 528
3 528 503 529
3 528 529 530
3 530 529 531
3 520 521 532
3 532 521 533
3 532 533 534
3 534 533 535
3 534 535 536
3 536 535 537
3 520 532 538
3 538 532 539
3 520 538 497
3 497 538 540
3 520 497 494
3 458 482 541
3 541 482 542
3 458 541 486
3 500 501 543
3 543 501 544
3 543 544 545
3 545 544 446
3 545 446 473
3 543 545 546
3 546 545 547
3 546 547 548
3 548 547 549
3 546 548 509
3 509 548 550
3 546 509 507
3 546 507 543
3 543 507 500
3 550 548 551
3 541 542 552
3 552 542 553
3 552 553 554
3 554 553 555
3 536 537 556
3 556 537 557
3 447 474 540
3 447 540 558
3 168 452 559
3 559 452 560
3 168 559 169
3 169 559 561
3 169 561 170
3 541 552 562
3 562 552 563
3 184 468 470
3 184 470 183
3 530 531 439
3 439 531 443
3 443 531 564
3 443 564 565
3 565 564 566
3 443 565 55
3 49 445 459
3 47 516 46
3 52 489 51
3 456 491 450
3 456 450 232
3 556 557 567
3 567 557 59
3 556 567 568
3 568 567 466
3 466 567 60
3 550 551 569
3 569 551 570
3 509 550 571
3 571 550 511
3 509 571 508
3 171 464 473
3 510 511 569
3 569 511 550
3 562 563 572
3 572 563 573
3 572 573 503
3 572 503 499
3 572 499 562
3 534 536 574
3 574 536 575
3 534 574 539
3 539 574 576
3 534 539 532
3 539 576 558
3 476 477 577
3 577 477 578
3 476 577 579
3 579 577 580
3 579 580 581
3 581 580 582
3 579 581 583
3 583 581 584
3 583 584 585
3 585 584 570
3 491 496 493
3 493 496 474
3 583 585 586
3 586 585 587
3 583 586 560
3 560 586 559
3 586 587 561
3 579 583 560
3 437 478 588
3 588 478 589
3 437 588 438
3 437 438 64
3 588 589 524
3 524 589 590
3 590 589 472
3 472 589 487
3 472 487 454
3 524 590 522
3 522 590 470
3 470 590 440
3 506 508 542
3 541 562 486
3 524 525 588
3 452 476 560
3 478 487 589
3 190 447 558
3 441 471 515
3 538 539 558
3 497 540 474
3 188 465 591
3 591 465 592
3 188 591 187
3 187 591 475
3 187 475 186
3 173 446 544
3 453 475 593
3 593 475 594
3 453 593 519
3 593 594 595
3 595 594 596
3 593 595 597
3 597 595 598
3 595 596 599
3 599 596 575
3 593 597 519
3 597 598 600
3 600 598 601
3 600 601 460
3 597 600 523
3 595 599 598
3 598 599 602
3 598 602 601
3 552 554 563
3 563 554 603
3 563 603 573
3 502 528 505
3 505 528 604
3 193 493 192
3 505 604 533
3 505 533 521
3 165 514 166
3 556 568 575
3 575 568 599
3 556 575 536
3 476 579 560
3 496 497 474
3 574 575 605
3 605 575 596
3 605 596 592
3 592 596 594
3 592 594 591
3 591 594 475
3 574 605 576
3 576 605 592
3 569 570 513
3 554 555 606
3 606 555 490
3 554 606 603
3 603 606 607
3 603 607 566
3 603 566 573
3 566 607 565
3 573 566 564
3 573 564 529
3 529 564 531
3 577 578 608
3 608 578 609
3 608 609 516
3 577 608 580
3 580 608 517
3 517 608 516
3 580 517 582
3 468 522 470
3 581 582 610
3 610 582 459
3 459 582 444
3 444 582 517
3 581 610 584
3 584 610 611
3 584 611 570
3 570 611 513
3 513 611 445
3 514 515 477
3 477 515 578
3 578 515 612
3 487 488 454
3 454 488 127
3 127 488 126
3 126 488 479
3 126 479 125
3 528 530 604
3 604 530 613
3 604 613 535
3 123 455 614
3 614 455 615
3 614 615 471
3 123 614 122
3 548 549 551
3 551 549 616
3 616 549 587
3 551 616 570
3 570 616 585
3 585 616 587
3 578 612 609
3 609 612 615
3 615 612 471
3 471 612 515
3 558 540 538
3 436 66 125
3 166 514 467
3 471 462 617
3 617 462 121
3 471 617 614
3 614 617 122
3 508 571 553
3 601 602 466
3 439 57 618
3 618 57 58
3 439 618 619
3 619 618 537
3 439 619 530
3 530 619 613
3 613 619 537
3 472 440 590
3 607 606 448
3 448 53 607
3 445 50 512
3 464 170 561
3 465 189 558
3 485 480 226
3 485 226 225
3 442 45 620
3 620 45 46
3 442 620 615
3 469 175 174
3 490 448 606
3 611 610 445
3 537 535 613
3 501 484 469
3 501 469 544
3 544 469 174
3 499 486 562
3 535 533 604
3 513 510 569
3 511 490 555
3 555 553 571
3 547 545 473
3 542 482 506
3 592 465 621
3 621 465 558
3 621 558 576
3 621 576 592
3 602 599 568
3 602 568 466
3 529 503 573
3 549 547 622
3 622 547 473
3 622 473 464
3 622 464 587
3 622 587 549
3 523 519 597
3 557 537 618
3 525 523 600
3 553 542 508
3 615 455 442
3 474 191 192
3 474 192 493
3 473 172 171
3 479 436 125
3 561 559 586
3 477 467 514
3 174 173 544
3 230 229 527
3 121 122 617
3 464 561 587
3 230 527 481
3 50 51 512
3 58 59 557
3 59 60 567
3 54 55 565
3 53 54 607
3 525 600 460
3 189 190 558
3 555 571 511
3 438 588 525
3 460 438 525
3 620 46 516
3 459 445 610
3 463 460 601
3 463 601 466
3 618 58 557
3 54 565 607
3 620 516 609
3 620 609 615
3 89 5 133
3 88 89 623
3 87 88 624
3 86 87 625
3 79 80 626
3 200 201 627
3 183 182 628
3 67 68 629
3 78 79 630
3 70 71 631
3 72 73 632
3 191 190 633
3 208 209 634
3 75 76 635
3 11 199 136
3 237 18 636
3 10 129 181
3 233 17 194
3 212 19 240
3 211 212 637
3 194 193 638
3 186 185 639
3 203 204 640
3 135 136 641
3 131 132 642
3 132 4 67
3 240 239 643
3 236 235 644
3 18 236 645
3 71 72 646
3 85 86 647
3 199 200 648
3 182 181 649
3 84 85 650
3 189 188 651
3 206 207 652
3 83 84 653
3 185 184 654
3 202 203 655
3 653 84 650
3 638 193 656
3 637 212 240
3 628 182 649
3 628 649 657
3 627 201 658
3 630 79 626
3 648 200 627
3 648 627 659
3 649 181 129
3 631 71 646
3 634 209 660
3 633 190 661
3 647 86 625
3 639 185 654
3 639 654 662
3 662 654 663
3 640 204 664
3 650 85 647
3 624 88 623
3 624 623 665
3 665 623 666
3 644 235 667
3 667 235 234
3 645 236 644
3 645 644 668
3 668 644 669
3 669 644 667
3 669 667 670
3 670 667 671
3 643 239 672
3 672 239 238
3 641 136 199
3 642 132 67
3 636 18 673
3 673 18 645
3 208 634 674
3 674 634 675
3 665 666 676
3 676 666 677
3 643 672 678
3 678 672 679
3 643 678 637
3 643 637 240
3 83 653 680
3 680 653 681
3 208 674 207
3 645 668 682
3 682 668 683
3 678 679 684
3 684 679 685
3 680 681 686
3 686 681 687
3 639 662 688
3 688 662 689
3 669 670 690
3 690 670 691
3 668 669 692
3 692 669 690
3 636 673 693
3 693 673 694
3 692 690 695
3 695 690 696
3 693 694 697
3 697 694 698
3 693 697 699
3 699 697 700
3 699 700 701
3 701 700 702
3 682 683 703
3 703 683 704
3 191 633 705
3 705 633 696
3 682 703 706
3 706 703 707
3 706 707 708
3 708 707 709
3 682 706 673
3 183 628 710
3 710 628 711
3 710 711 663
3 663 711 712
3 712 711 713
3 706 708 694
3 694 708 698
3 698 708 709
3 663 712 714
3 714 712 715
3 714 715 716
3 716 715 631
3 237 636 717
3 717 636 718
3 203 640 655
3 655 640 719
3 663 714 662
3 662 714 689
3 689 714 716
3 689 716 720
3 689 720 721
3 721 720 722
3 721 722 723
3 723 722 724
3 721 723 725
3 725 723 726
3 723 724 727
3 727 724 728
3 211 637 729
3 729 637 678
3 211 729 210
3 648 659 641
3 648 641 199
3 638 656 670
3 684 685 730
3 730 685 701
3 693 699 718
3 194 638 233
3 186 639 731
3 731 639 688
3 186 731 187
3 187 731 732
3 187 732 188
3 655 719 733
3 733 719 734
3 645 682 673
3 733 734 735
3 735 734 736
3 636 693 718
3 697 698 737
3 737 698 738
3 737 738 739
3 739 738 740
3 689 721 688
3 688 721 725
3 688 725 731
3 731 725 732
3 732 725 726
3 732 726 651
3 651 726 741
3 741 726 727
3 741 727 742
3 742 727 728
3 742 728 743
3 743 728 744
3 727 726 723
3 651 741 661
3 742 743 745
3 745 743 746
3 745 746 695
3 695 746 747
3 747 746 748
3 748 746 743
3 717 718 679
3 678 684 749
3 749 684 750
3 678 749 729
3 729 749 660
3 695 696 745
3 690 691 696
3 696 691 705
3 737 739 751
3 751 739 752
3 751 752 753
3 753 752 754
3 751 753 702
3 702 753 755
3 751 702 700
3 751 700 737
3 737 700 697
3 755 753 756
3 702 755 757
3 757 755 758
3 753 754 756
3 756 754 686
3 75 635 759
3 759 635 760
3 759 760 761
3 761 760 762
3 761 762 763
3 763 762 744
3 763 744 728
3 744 762 764
3 761 763 765
3 765 763 724
3 761 765 766
3 766 765 632
3 759 761 766
3 633 661 767
3 767 661 741
3 633 767 768
3 768 767 745
3 745 767 742
3 768 745 696
3 768 696 633
3 634 660 750
3 670 671 638
3 638 671 233
3 695 747 692
3 692 747 683
3 683 747 704
3 749 750 660
3 189 651 661
3 686 687 756
3 684 730 750
3 750 730 769
3 750 769 770
3 770 769 675
3 770 675 634
3 770 634 750
3 755 756 771
3 771 756 687
3 755 771 758
3 202 655 658
3 202 658 201
3 741 742 767
3 72 632 646
3 739 740 626
3 626 740 630
3 630 740 772
3 630 772 773
3 773 772 774
3 773 774 775
3 775 774 776
3 630 773 78
3 775 776 635
3 668 692 683
3 191 705 192
3 192 705 656
3 743 744 764
3 237 717 238
3 238 717 672
3 757 758 769
3 75 759 74
3 703 704 777
3 777 704 778
3 703 777 707
3 707 777 779
3 707 779 709
3 777 778 776
3 624 665 780
3 780 665 781
3 624 780 625
3 624 625 87
3 780 781 735
3 735 781 782
3 782 781 659
3 659 781 676
3 659 676 641
3 628 657 711
3 83 680 82
3 747 748 704
3 704 748 778
3 735 736 780
3 680 686 783
3 783 686 754
3 680 783 82
3 702 757 701
3 70 631 784
3 784 631 715
3 70 784 69
3 665 676 781
3 183 710 184
3 674 675 785
3 785 675 758
3 674 785 652
3 652 785 786
3 786 785 787
3 787 785 758
3 652 786 788
3 788 786 789
3 788 789 664
3 786 787 790
3 790 787 791
3 790 791 792
3 792 791 687
3 687 791 771
3 771 791 787
3 786 790 789
3 790 792 793
3 793 792 794
3 790 793 789
3 652 788 206
3 773 775 77
3 699 701 685
3 640 664 795
3 795 664 789
3 640 795 719
3 735 782 733
3 733 782 658
3 658 782 627
3 712 713 796
3 796 713 797
3 712 796 715
3 793 794 798
3 798 794 799
3 798 799 734
3 793 798 795
3 67 629 642
3 655 733 658
3 131 642 800
3 800 642 797
3 131 800 130
3 135 641 677
3 135 677 134
3 134 677 666
3 677 641 676
3 134 666 133
3 796 797 801
3 801 797 629
3 629 797 642
3 801 629 68
3 801 68 69
3 796 801 784
3 623 89 133
3 772 740 738
3 772 738 709
3 772 709 774
3 774 709 779
3 774 779 776
3 776 779 777
3 184 710 654
3 657 649 802
3 802 649 129
3 657 802 803
3 803 802 800
3 803 800 797
3 800 802 130
3 657 803 713
3 657 713 711
3 701 757 730
3 759 766 74
3 626 80 804
3 804 80 81
3 626 804 805
3 805 804 754
3 626 805 739
3 739 805 752
3 752 805 754
3 659 627 782
3 635 76 775
3 632 73 766
3 720 716 806
3 806 716 631
3 806 631 646
3 806 646 807
3 807 646 632
3 806 807 720
3 651 188 732
3 652 207 674
3 764 762 778
3 764 778 748
3 764 748 743
3 671 667 234
3 671 234 233
3 656 193 192
3 687 681 792
3 760 635 776
3 724 722 808
3 808 722 807
3 724 808 765
3 765 808 632
3 679 672 717
3 681 653 809
3 809 653 650
3 681 809 792
3 762 760 778
3 722 720 807
3 694 673 706
3 728 724 763
3 769 730 757
3 685 679 718
3 685 718 699
3 738 698 709
3 691 670 656
3 691 656 705
3 736 734 799
3 799 794 810
3 810 794 809
3 810 809 650
3 810 650 647
3 809 794 792
3 799 810 647
3 797 713 803
3 734 719 798
3 661 190 189
3 660 209 210
3 660 210 729
3 666 623 133
3 663 654 710
3 664 204 205
3 664 205 788
3 789 793 795
3 758 771 787
3 205 206 788
3 129 130 802
3 719 795 798
3 715 796 784
3 73 74 766
3 81 82 783
3 77 78 773
3 76 77 775
3 769 758 675
3 736 799 647
3 625 780 736
3 647 625 736
3 807 632 808
3 69 784 801
3 804 81 783
3 783 754 804
3 776 778 760
3 112 7 141
3 111 112 811
3 110 111 812
3 109 110 813
3 102 103 814
3 146 147 815
3 201 200 816
3 90 91 817
3 101 102 818
3 93 94 819
3 95 96 820
3 209 208 821
3 154 155 822
3 98 99 823
3 8 145 144
3 245 20 824
3 11 137 199
3 241 19 212
3 158 13 248
3 157 158 825
3 212 211 826
3 204 203 827
3 149 150 828
3 143 144 829
3 139 140 830
3 140 6 90
3 248 247 831
3 244 243 832
3 20 244 833
3 94 95 834
3 108 109 835
3 145 146 836
3 200 199 837
3 107 108 838
3 207 206 839
3 152 153 840
3 106 107 841
3 203 202 842
3 148 149 843
3 841 107 838
3 826 211 844
3 825 158 248
3 815 147 845
3 816 200 837
3 816 837 846
3 818 102 814
3 836 146 815
3 836 815 847
3 837 199 137
3 819 94 834
3 821 208 848
3 822 155 849
3 835 109 813
3 828 150 850
3 827 203 842
3 827 842 851
3 851 842 852
3 838 108 835
3 812 111 811
3 812 811 853
3 853 811 854
3 832 243 855
3 855 243 242
3 831 247 856
3 856 247 246
3 833 244 832
3 833 832 857
3 857 832 858
3 858 832 855
3 858 855 859
3 859 855 860
3 829 144 145
3 830 140 90
3 824 20 861
3 861 20 833
3 812 853 862
3 862 853 863
3 98 823 864
3 864 823 865
3 831 856 866
3 866 856 867
3 95 820 834
3 157 825 868
3 868 825 866
3 812 862 813
3 812 813 110
3 866 867 869
3 869 867 870
3 866 869 871
3 871 869 872
3 824 861 873
3 873 861 874
3 858 859 875
3 875 859 876
3 873 874 877
3 877 874 878
3 873 877 879
3 879 877 880
3 858 875 881
3 881 875 882
3 881 882 883
3 883 882 884
3 857 858 881
3 853 854 885
3 885 854 886
3 853 885 863
3 885 886 829
3 829 886 143
3 143 886 142
3 142 886 854
3 142 854 141
3 93 819 887
3 887 819 888
3 201 816 889
3 889 816 890
3 859 860 826
3 826 860 891
3 891 860 241
3 891 241 212
3 891 212 826
3 826 844 859
3 149 828 843
3 843 828 892
3 869 870 893
3 893 870 894
3 836 847 829
3 836 829 145
3 824 873 895
3 895 873 879
3 895 879 870
3 895 870 867
3 824 895 896
3 896 895 867
3 896 867 856
3 824 896 245
3 843 892 897
3 897 892 898
3 98 864 97
3 877 878 899
3 899 878 900
3 899 900 901
3 901 900 902
3 879 880 894
3 879 894 870
3 897 898 903
3 903 898 904
3 833 857 905
3 905 857 906
3 833 905 861
3 893 894 907
3 907 894 908
3 907 908 909
3 909 908 910
3 909 910 911
3 911 910 912
3 893 907 913
3 913 907 914
3 893 913 872
3 872 913 915
3 893 872 869
3 905 906 916
3 916 906 917
3 916 917 918
3 918 917 919
3 875 876 920
3 920 876 921
3 920 921 922
3 922 921 821
3 922 821 848
3 920 922 923
3 923 922 924
3 923 924 925
3 925 924 926
3 923 925 884
3 884 925 927
3 923 884 882
3 923 882 920
3 920 882 875
3 927 925 928
3 822 849 915
3 822 915 929
3 911 912 930
3 930 912 931
3 204 827 932
3 932 827 933
3 204 932 205
3 205 932 934
3 205 934 206
3 887 888 935
3 935 888 936
3 935 936 937
3 937 936 852
3 905 916 938
3 938 916 939
3 864 865 940
3 940 865 941
3 864 940 942
3 942 940 943
3 942 943 820
3 864 942 97
3 148 843 845
3 148 845 147
3 93 887 92
3 831 866 825
3 831 825 248
3 901 902 814
3 814 902 818
3 818 902 944
3 818 944 945
3 945 944 946
3 818 945 101
3 927 928 947
3 947 928 948
3 930 931 949
3 949 931 105
3 930 949 950
3 950 949 841
3 841 949 106
3 884 927 951
3 951 927 941
3 884 951 883
3 935 937 952
3 952 937 953
3 952 953 954
3 954 953 955
3 952 954 817
3 938 939 956
3 956 939 957
3 956 957 878
3 956 878 874
3 956 874 938
3 954 955 958
3 958 955 138
3 958 138 139
3 958 139 830
3 958 830 954
3 954 830 817
3 207 839 848
3 909 911 959
3 959 911 960
3 909 959 914
3 914 959 961
3 909 914 907
3 914 961 929
3 945 946 962
3 962 946 963
3 962 963 823
3 945 962 100
3 851 852 936
3 866 871 868
3 868 871 849
3 927 947 941
3 941 947 940
3 881 883 906
3 932 933 964
3 964 933 965
3 964 965 966
3 966 965 967
3 932 964 934
3 934 964 968
3 968 964 966
3 968 966 926
3 934 968 839
3 839 968 969
3 839 969 848
3 966 967 948
3 905 938 861
3 887 935 970
3 970 935 952
3 970 952 817
3 827 851 933
3 154 822 929
3 903 904 862
3 816 846 890
3 913 914 929
3 862 863 903
3 903 863 971
3 971 863 847
3 847 863 885
3 847 885 829
3 903 971 897
3 897 971 845
3 845 971 815
3 152 840 972
3 972 840 973
3 152 972 151
3 151 972 850
3 151 850 150
3 209 821 921
3 872 915 849
3 828 850 974
3 974 850 975
3 828 974 892
3 974 975 976
3 976 975 977
3 974 976 978
3 978 976 979
3 976 977 980
3 980 977 960
3 974 978 892
3 978 979 981
3 981 979 982
3 981 982 835
3 978 981 898
3 976 980 979
3 979 980 983
3 979 983 982
3 201 889 202
3 157 868 156
3 916 918 939
3 939 918 984
3 939 984 957
3 877 899 880
3 880 899 985
3 880 985 908
3 880 908 894
3 930 950 960
3 960 950 980
3 930 960 911
3 871 872 849
3 947 948 943
3 959 960 986
3 986 960 977
3 986 977 973
3 973 977 975
3 973 975 972
3 972 975 850
3 959 986 961
3 961 986 973
3 918 919 963
3 90 817 830
3 887 970 92
3 843 897 845
3 889 890 852
3 852 890 937
3 937 890 953
3 953 890 846
3 953 846 955
3 955 846 837
3 899 901 985
3 985 901 987
3 985 987 910
3 925 926 928
3 928 926 988
3 988 926 966
3 988 966 948
3 988 948 928
3 929 915 913
3 811 112 141
3 944 902 900
3 944 900 957
3 944 957 946
3 946 957 984
3 946 984 963
3 963 984 918
3 202 889 842
3 969 968 926
3 969 926 924
3 969 924 848
3 883 951 917
3 982 983 841
3 814 103 989
3 989 103 104
3 814 989 990
3 990 989 912
3 814 990 901
3 901 990 987
3 987 990 912
3 847 815 971
3 823 99 962
3 820 96 942
3 839 206 934
3 840 153 929
3 860 855 242
3 860 242 241
3 817 91 970
3 844 211 210
3 967 965 991
3 991 965 992
3 992 965 933
3 991 992 993
3 993 992 936
3 993 936 888
3 993 888 994
3 967 991 995
3 995 991 994
3 967 995 996
3 996 995 820
3 967 996 948
3 948 996 943
3 943 996 820
3 993 994 991
3 994 888 819
3 994 819 834
3 994 834 995
3 912 910 987
3 876 859 844
3 876 844 921
3 921 844 210
3 874 861 938
3 910 908 985
3 943 940 947
3 865 823 963
3 941 865 919
3 919 917 951
3 906 857 881
3 924 922 848
3 973 840 997
3 997 840 929
3 997 929 961
3 997 961 973
3 900 878 957
3 983 980 950
3 983 950 841
3 898 892 978
3 931 912 989
3 917 906 883
3 904 898 981
3 849 155 156
3 849 156 868
3 848 208 207
3 854 811 141
3 992 933 851
3 852 842 889
3 91 92 970
3 210 209 921
3 246 245 896
3 137 138 998
3 998 138 955
3 998 955 837
3 998 837 137
3 992 851 936
3 246 896 856
3 96 97 942
3 104 105 931
3 105 106 949
3 100 101 945
3 99 100 962
3 904 981 835
3 153 154 929
3 919 951 941
3 813 862 904
3 835 813 904
3 834 820 995
3 838 835 982
3 838 982 841
3 989 104 931
3 963 919 865
3 13 217 159
3 15 177 224
3 14 221 220
3 162 161 999
3 12 162 180
3 223 224 1000
3 219 220 1001
3 179 180 1002
3 999 161 1003
3 1003 161 160
3 1002 180 162
3 1001 220 221
3 1000 224 177
3 999 1003 1004
3 1004 1003 1005
3 1004 1005 1006
3 1006 1005 1007
3 162 999 1002
3 1002 999 1004
3 1004 1006 1008
3 1008 1006 1009
3 1008 1009 1010
3 1010 1009 1000
3 1010 1000 177
3 1000 1009 1011
3 1011 1009 1012
3 1012 1009 1006
3 1011 1012 1013
3 1013 1012 1001
3 1011 1013 222
3 222 1013 221
3 221 1013 1001
3 1011 222 223
3 1011 223 1000
3 1008 1010 1014
3 1014 1010 178
3 1014 178 179
3 1014 179 1002
3 1008 1014 1002
3 1006 1007 1012
3 1004 1008 1002
3 219 1001 1015
3 1015 1001 1007
3 1015 1007 1016
3 1015 1016 218
3 219 1015 218
3 1016 1007 1005
3 1016 1005 1017
3 1016 1017 1018
3 1018 1017 159
3 1018 159 217
3 1018 217 1019
3 1016 1018 1019
3 1016 1019 218
3 218 1019 217
3 1017 1005 1003
3 1017 1003 160
3 1017 160 159
3 177 178 1010
3 1012 1007 1001
3 15 225 177
3 17 195 232
3 16 229 228
3 180 179 1020
3 12 180 198
3 231 232 1021
3 227 228 1022
3 197 198 1023
3 1020 179 1024
3 1024 179 178
3 1023 198 180
3 1022 228 229
3 1021 232 195
3 1020 1024 1025
3 1025 1024 1026
3 1025 1026 1027
3 1027 1026 1028
3 180 1020 1023
3 1023 1020 1025
3 1025 1027 1029
3 1029 1027 1030
3 1029 1030 1031
3 1031 1030 1021
3 1031 1021 195
3 1021 1030 1032
3 1032 1030 1033
3 1033 1030 1027
3 1032 1033 1034
3 1034 1033 1022
3 1032 1034 230
3 230 1034 229
3 229 1034 1022
3 1032 230 231
3 1032 231 1021
3 1029 1031 1035
3 1035 1031 196
3 1035 196 197
3 1035 197 1023
3 1029 1035 1023
3 1027 1028 1033
3 1025 1029 1023
3 227 1022 1036
3 1036 1022 1028
3 1036 1028 1037
3 1036 1037 226
3 227 1036 226
3 1037 1028 1026
3 1037 1026 1038
3 1037 1038 1039
3 1039 1038 177
3 1039 177 225
3 1039 225 1040
3 1037 1039 1040
3 1037 1040 226
3 226 1040 225
3 1038 1026 1024
3 1038 1024 178
3 1038 178 177
3 195 196 1031
3 1033 1028 1022
3 17 233 195
3 19 213 240
3 18 237 236
3 198 197 1041
3 12 198 216
3 239 240 1042
3 235 236 1043
3 215 216 1044
3 1041 197 1045
3 1045 197 196
3 1044 216 198
3 1043 236 237
3 1042 240 213
3 1041 1045 1046
3 1046 1045 1047
3 1046 1047 1048
3 1048 1047 1049
3 198 1041 1044
3 1044 1041 1046
3 1046 1048 1050
3 1050 1048 1051
3 1050 1051 1052
3 1052 1051 1042
3 1052 1042 213
3 1042 1051 1053
3 1053 1051 1054
3 1054 1051 1048
3 1053 1054 1055
3 1055 1054 1043
3 1053 1055 238
3 238 1055 237
3 237 1055 1043
3 1053 238 239
3 1053 239 1042
3 1050 1052 1056
3 1056 1052 214
3 1056 214 215
3 1056 215 1044
3 1050 1056 1044
3 1048 1049 1054
3 1046 1050 1044
3 235 1043 1057
3 1057 1043 1049
3 1057 1049 1058
3 1057 1058 234
3 235 1057 234
3 1058 1049 1047
3 1058 1047 1059
3 1058 1059 1060
3 1060 1059 195
3 1060 195 233
3 1060 233 1061
3 1058 1060 1061
3 1058 1061 234
3 234 1061 233
3 1059 1047 1045
3 1059 1045 196
3 1059 196 195
3 213 214 1052
3 1054 1049 1043
3 19 241 213
3 13 159 248
3 20 245 244
3 216 215 1062
3 12 216 162
3 247 248 1063
3 243 244 1064
3 161 162 1065
3 1062 215 1066
3 1066 215 214
3 1065 162 216
3 1064 244 245
3 1063 248 159
3 1062 1066 1067
3 1067 1066 1068
3 1067 1068 1069
3 1069 1068 1070
3 216 1062 1065
3 1065 1062 1067
3 1067 1069 1071
3 1071 1069 1072
3 1071 1072 1073
3 1073 1072 1063
3 1073 1063 159
3 1063 1072 1074
3 1074 1072 1075
3 1075 1072 1069
3 1074 1075 1076
3 1076 1075 1064
3 1074 1076 246
3 246 1076 245
3 245 1076 1064
3 1074 246 247
3 1074 247 1063
3 1071 1073 1077
3 1077 1073 160
3 1077 160 161
3 1077 161 1065
3 1071 1077 1065
3 1069 1070 1075
3 1067 1071 1065
3 243 1064 1078
3 1078 1064 1070
3 1078 1070 1079
3 1078 1079 242
3 243 1078 242
3 1079 1070 1068
3 1079 1068 1080
3 1079 1080 1081
3 1081 1080 213
3 1081 213 241
3 1081 241 1082
3 1079 1081 1082
3 1079 1082 242
3 242 1082 241
3 1080 1068 1066
3 1080 1066 214
3 1080 214 213
3 159 160 1073
3 1075 1070 1064
CELL_TYPES 2028
5
5
5
5
5
5
5
5
5
5
5
5
5
5
5
5
5
5
5
5
5
5
5
5
5
5
5
5
5
5
5
5
5
5
5
5
5
5
5
5
5
5
5
5
5
5
5
5
5
5
5
5
5
5
5
5
5
5
5
5
5
5
5
5
5
5
5
5
5
5
5
5
5
5
5
5
5
5
5
5
5
5
5
5
5
5
5
5
5
5
5
5
5
5
5
5
5
5
5
5
5
5
5
5
5
5
5
5
5
5
5
5
5
5
5
5
5
5
5
5
5
5
5
5
5
5
5
5
5
5
5
5
5
5
5
5
5
5
5
5
5
5
5
5
5
5
5
5
5
5
5
5
5
5
5
5
5
5
5
5
5
5
5
5
5
5
5
5
5
5
5
5
5
5
5
5
5
5
5
5
5
5
5
5
5
5
5
5
5
5
5
5
5
5
5
5
5
5
5
5
5
5
5
5
5
5
5
5
5
5
5
5
5
5
5
5
5
5
5
5
5
5
5
5
5
5
5
5
5
5
5
5
5
5
5
5
5
5
5
5
5
5
5
5
5
5
5
5
5
5
5
5
5
5
5
5
5
5
5
5
5
5
5
5
5
5
5
5
5
5
5
5
5
5
5
5
5
5
5
5
5
5
5
5
5
5
5
5
5
5
5
5
5
5
5
5
5
5
5
5
5
5
5
5
5
5
5
5
5
5
5
5
5
5
5
5
5
5
5
5
5
5
5
5
5
5
5
5
5
5
5
5
5
5
5
5
5
5
5
5
5
5
5
5
5
5
5
5
5
5
5
5
5
5
5
5
5
5
5
5
5
5
5
5
5
5
5
5
5
5
5
5
5
5
5
5
5
5
5
5
5
5
5
5
5
5
5
5
5
5
5
5
5
5
5
5
5
5
5
5
5
5
5
5
5
5
5
5
5
5
5
5
5
5
5
5
5
5
5
5
5
5
5
5
5
5
5
5
5
5
5
5
5
5
5
5
5
5
5
5
5
5
5
5
5
5
5
5
5
5
5
5
5
5
5
5
5
5
5
5
5
5
5
5
5
5
5
5
5
5
5
5
5
5
5
5
5
5
5
5
5
5
5
5
5
5
5
5
5
5
5
5
5
5
5
5
5
5
5
5
5
5
5
5
5
5
5
5
5
5
5
5
5
5
5
5
5
5
5
5
5
5
5
5
5
5
5
5
5
5
5
5
5
5
5
5
5
5
5
5
5
5
5
5
5
5
5
5
5
5
5
5
5
5
5
5
5
5
5
5
5
5
5
5
5
5
5
5
5
5
5
5
5
5
5
5
5
5
5
5
5
5
5
5
5
5
5
5
5
5
5
5
5
5
5
5
5
5
5
5
5
5
5
5
5
5
5
5
5
5
5
5
5
5
5
5
5
5
5
5
5
5
5
5
5
5
5
5
5
5
5
5
5
5
5
5
5
5
5
5
5
5
5
5
5
5
5
5
5
5
5
5
5
5
5
5
5
5
5
5
5
5
5
5
5
5
5
5
5
5
5
5
5
5
5
5
5
5
5
5
5
5
5
5
5
5
5
5
5
5
5
5
5
5
5
5
5
5
5
5
5
5
5
5
5
5
5
5
5
5
5
5
5
5
5
5
5
5
5
5
5
5
5
5
5
5
5
5
5
5
5
5
5
5
5
5
5
5
5
5
5
5
5
5
5
5
5
5
5
5
5
5
5
5
5
5
5
5
5
5
5
5
5
5
5
5
5
5
5
5
5
5
5
5
5
5
5
5
5
5
5
5
5
5
5
5
5
5
5
5
5
5
5
5
5
5
5
5
5
5
5
5
5
5
5
5
5
5
5
5
5
5
5
5
5
5
5
5
5
5
5
5
5
5
5
5
5
5
5
5
5
5
5
5
5
5
5
5
5
5
5
5
5
5
5
5
5
5
5
5
5
5
5
5
5
5
5
5
5
5
5
5
5
5
5
5
5
5
5
5
5
5
5
5
5
5
5
5
5
5
5
5
5
5
5
5
5
5
5
5
5
5
5
5
5
5
5
5
5
5
5
5
5
5
5
5
5
5
5
5
5
5
5
5
5
5
5
5
5
5
5
5
5
5
5
5
5
5
5
5
5
5
5
5
5
5
5
5
5
5
5
5
5
5
5
5
5
5
5
5
5
5
5
5
5
5
5
5
5
5
5
5
5
5
5
5
5
5
5
5
5
5
5
5
5
5
5
5
5
5
5
5
5
5
5
5
5
5
5
5
5
5
5
5
5
5
5
5
5
5
5
5
5
5
5
5
5
5
5
5
5
5
5
5
5
5
5
5
5
5
5
5
5
5
5
5
5
5
5
5
5
5
5
5
5
5
5
5
5
5
5
5
5
5
5
5
5
5
5
5
5
5
5
5
5
5
5
5
5
5
5
5
5
5
5
5
5
5
5
5
5
5
5
5
5
5
5
5
5
5
5
5
5
5
5
5
5
5
5
5
5
5
5
5
5
5
5
5
5
5
5
5
5
5
5
5
5
5
5
5
5
5
5
5
5
5
5
5
5
5
5
5
5
5
5
5
5
5
5
5
5
5
5
5
5
5
5
5
5
5
5
5
5
5
5
5
5
5
5
5
5
5
5
5
5
5
5
5
5
5
5
5
5
5
5
5
5
5
5
5
5
5
5
5
5
5
5
5
5
5
5
5
5
5
5
5
5
5
5
5
5
5
5
5
5
5
5
5
5
5
5
5
5
5
5
5
5
5
5
5
5
5
5
5
5
5
5
5
5
5
5
5
5
5
5
5
5
5
5
5
5
5
5
5
5
5
5
5
5
5
5
5
5
5
5
5
5
5
5
5
5
5
5
5
5
5
5
5
5
5
5
5
5
5
5
5
5
5
5
5
5
5
5
5
5
5
5
5
5
5
5
5
5
5
5
5
5
5
5
5
5
5
5
5
5
5
5
5
5
5
5
5
5
5
5
5
5
5
5
5
5
5
5
5
5
5
5
5
5
5
5
5
5
5
5
5
5
5
5
5
5
5
5
5
5
5
5
5
5
5
5
5
5
5
5
5
5
5
5
5
5
5
5
5
5
5
5
5
5
5
5
5
5
5
5
5
5
5
5
5
5
5
5
5
5
5
5
5
5
5
5
5
5
5
5
5
5
5
5
5
5
5
5
5
5
5
5
5
5
5
5
5
5
5
5
5
5
5
5
5
5
5
5
5
5
5
5
5
5
5
5
5
5
5
5
5
5
5
5
5
5
5
5
5
5
5
5
5
5
5
5
5
5
5
5
5
5
5
5
5
5
5
5
5
5
5
5
5
5
5
5
5
5
5
5
5
5
5
5
5
5
5
5
5
5
5
5
5
5
5
5
5
5
5
5
5
5
5
5
5
5
5
5
5
5
5
5
5
5
5
5
5
5
5
5
5
5
5
5
5
5
5
5
5
5
5
5
5
5
5
5
5
5
5
5
5
5
5
5
5
5
5
5
5
5
5
5
5
5
5
5
5
5
5
5
5
5
5
5
5
5
5
5
5
5
5
5
5
5
5
5
5
5
5
5
5
5
5
5
5
5
5
5
5
5
5
5
5
5
5
5
5
5
5
5
5
5
5
5
5
5
5
5
5
5
5
5
5
5
5
5
5
5
5
5
5
5
5
5
5
5
5
5
5
5
5
5
5
5
5
5
5
5
5
5
5
5
5
5
5
5
5
5
5
5
5
5
5
5
5
5
5
5
5
5
5
5
5
5
5
5
5
5
5
5
5
5
5
5
5
5
5
5
5
5
5
5
5
5
5
5
5
5
5
5
5
5
5
5
5
5
5
5
5
5
5
5
5
5
5
5
5
5
5
5
5
5
5
5
5
5
5
5
5
5
5
5
5
5
5
5
5
5
5
5
5
5
5
5
5
5
5
5
5
5
5
5
5
5
5
5
5
5
5
5
5
5
5
5
5
5
5
5
5
5
5
5
5
5
5
5
5
5
5
5
5
5
5
5
5
5
5
5
5
5
5
5
5
5
5
5
5
5
5
5
5
5
5
5
5
5
5
5
5
5
5
5
5
5
5
5
5
5
5
5
5
5
5
5
5
5
5
5
5
5
5
5
5
5
5
5
5
5
5
5
5
5
5
5
5
5
5
5
5
5
5
5
5
5
5
5
5
5
5
5
5
5
5
5
5
5
5
5
5
5
5
5
5
5
5
5
5
5
5
5
5
5
5
5
5
5
5
5
5
5
5
5
5
5
5
5
5
5
5
5
5
5
5
5
5
5
5
5
5
5
5
5
5
5
5
5
5
5
5
5
5
5
5
5
5
5
5
5
5
5
5
5
5
5
5
5
5
5
5
5
5
5
5
5
5
5
5
5
5
5
5
5
5
5
5
5
5
5
5
5
5
5
5
5
5
5
5
5
5
5
5
5
5
5
5
5
5
5
5
5
5
5
5
5
5
5
5
5
5
5
5
5
5
5
5
5
5
5
5
5
5
5
5
5
5
5
5
5
5
5
5
5
5
5
5
5
5
5
5
5
5
5
5
5
5
5
5
5
5
5
5
5
5
5
5
5
5
5
5
5
5
5
5
5
5
5
5
5
5
5
5
5
5
POINT_DATA 1083
SCALARS v:bnd int 1
LOOKUP_TABLE default
15
4
4
4
4
13
4
15
15
4
4
13
4
4
4
4
4
4
4
4
4
4
4
4
4
4
4
4
4
4
4
4
4
4
4
4
4
4
4
4
4
4
4
4
4
4
4
4
4
4
4
4
4
4
4
4
4
4
4
4
4
4
4
4
4
4
4
4
4
4
4
4
4
4
4
4
4
4
4
4
4
4
4
4
4
4
4
4
4
4
4
4
4
4
4
4
4
4
4
4
4
4
4
4
4
4
4
4
4
4
4
4
4
15
15
4
4
4
13
13
13
13
13
4
4
4
15
15
15
15
15
15
15
13
13
13
13
13
13
4
4
15
15
15
15
4
4
4
4
4
4
4
4
4
4
4
4
4
4
4
4
4
4
4
4
4
4
4
4
4
4
4
4
4
4
4
4
4
4
4
4
4
4
4
4
4
4
4
4
4
4
4
4
4
4
4
4
4
4
4
4
4
4
4
4
4
4
4
4
4
4
4
4
4
4
4
4
4
4
4
4
4
4
4
4
4
4
4
4
4
4
4
4
4
4
4
4
4
4
4
4
4
4
4
4
4
4
4
4
4
4
4
4
4
4
4
4
4
4
4
4
4
4
4
4
4
4
4
4
4
4
4
4
4
4
4
4
4
4
4
4
4
4
4
4
4
4
4
4
4
4
4
4
4
4
4
4
4
4
4
4
4
4
4
4
4
4
4
4
4
4
4
4
4
4
4
4
4
4
4
4
4
4
4
4
4
4
4
4
4
4
4
4
4
4
4
4
4
4
4
4
4
4
4
4
4
4
4
4
4
4
4
4
4
4
4
4
4
4
4
4
4
4
4
4
4
4
4
4
4
4
4
4
4
4
4
4
4
4
4
4
4
4
4
4
4
4
4
4
4
4
4
4
4
4
4
4
4
4
4
4
4
4
4
4
4
4
4
4
4
4
4
4
4
4
4
4
4
4
4
4
4
4
4
4
4
4
4
4
4
4
4
4
4
4
4
4
4
4
4
4
4
4
4
4
4
4
4
4
4
4
4
4
4
4
4
4
4
4
4
4
4
4
4
4
4
4
4
4
4
4
4
4
4
4
4
4
4
4
4
4
4
4
4
4
4
4
4
4
4
4
4
4
4
4
4
4
4
4
4
4
4
4
4
4
4
4
4
4
4
4
4
4
4
4
4
4
4
4
4
4
4
4
4
4
4
4
4
4
4
4
4
4
4
4
4
4
4
4
4
4
4
4
4
4
4
4
4
4
4
4
4
4
4
4
4
4
4
4
4
4
4
4
4
4
4
4
4
4
4
4
4
4
4
4
4
4
4
4
4
4
4
4
4
4
4
4
4
4
4
4
4
4
4
4
4
4
4
4
4
4
4
4
4
4
4
4
4
4
4
4
4
4
4
4
4
4
4
4
4
4
4
4
4
4
4
4
4
4
4
4
4
4
4
4
4
4
4
4
4
4
4
4
4
4
4
4
4
4
4
4
4
4
4
4
4
4
4
4
4
4
4
4
4
4
4
4
4
4
4
4
4
4
4
4
4
4
4
4
4
4
4
4
4
4
4
4
4
4
4
4
4
4
4
4
4
4
4
4
4
4
4
4
4
4
4
4
4
4
4
4
4
4
4
4
4
4
4
4
4
4
4
4
4
4
4
4
4
4
4
4
4
4
4
4
4
4
4
4
4
4
4
4
4
4
4
4
4
4
4
4
4
4
4
4
4
4
4
4
4
4
4
4
4
4
4
4
4
4
4
4
4
4
4
4
4
4
4
4
4
4
4
4
4
4
4
4
4
4
4
4
4
4
4
4
4
4
4
4
4
4
4
4
4
4
4
4
4
4
4
4
4
4
4
4
4
4
4
4
4
4
4
4
4
4
4
4
4
4
4
4
4
4
4
4
4
4
4
4
4
4
4
4
4
4
4
4
4
4
4
4
4
4
4
4
4
4
4
4
4
4
4
4
4
4
4
4
4
4
4
4
4
4
4
4
4
4
4
4
4
4
4
4
4
4
4
4
4
4
4
4
4
4
4
4
4
4
4
4
4
4
4
4
4
4
4
4
4
4
4
4
4
4
4
4
4
4
4
4
4
4
4
4
4
4
4
4
4
4
4
4
4
4
4
4
4
4
4
4
4
4
4
4
4
4
4
4
4
4
4
4
4
4
4
4
4
4
4
4
4
4
4
4
4
4
4
4
4
4
4
4
4
4
4
4
4
4
4
4
4
4
4
4
4
4
4
4
4
4
4
4
4
4
4
4
4
4
4
4
4
4
4
4
4
4
4
4
4
4
4
4
4
4
4
4
4
4
4
4
4
4
4
4
4
4
4
4
4
4
4
4
4
4
4
4
4
4
4
4
4
4
4
4
4
4
4
4
4
4
4
4
4
4
4
4
4
4
4
4
4
4
4
4
4
4
4
4
4
4
4
4
4
4
4
4
4
4
4
4
4
4
4
4
SCALARS v:x double 3
LOOKUP_TABLE default
10.499999999999998 2.5 0.0
2.5 10.000000000000002 0.0
-2.5 9.999999999999998 0.0
-10.000000000000002 2.5 0.0
-10.0 -2.5 0.0
-2.5 -10.5 0.0
2.5 -9.999999999999998 0.0
10.5 -2.5 0.0
10.5 0.0 0.0
0.0 10.0 0.0
-10.0 0.0 0.0
0.0 -10.5 0.0
0.0 0.0 0.0
2.5 0.0 0.0
2.5 2.5 0.0
0.0 2.5 0.0
-2.5 2.5 0.0
-2.5 0.0 0.0
-2.5 -2.5 0.0
0.0 -2.5 0.0
2.5 -2.5 0.0
9.49991008155249 2.5166912349237416 0.0
9.006739791587679 2.566062001981405 0.0
8.513451933318239 2.6487977278920756 0.0
8.024940003974018 2.764729582655681 0.0
7.550395797889747 2.9113161127749683 0.0
7.084771769376906 3.0897580097815576 0.0
6.632967889435328 3.298276731584151 0.0
6.1923749729562525 3.538421891408408 0.0
5.768800016300616 3.8075088455499326 0.0
5.367227254764744 4.101914150251337 0.0
4.981818338031518 4.42614560582327 0.0
4.61943631759428 4.775104358977435 0.0
4.285422100940582 5.142675691743277 0.0
3.9773090400257747 5.530414605285547 0.0
3.690222591760631 5.945778859204635 0.0
3.43321631771148 6.376831211490526 0.0
3.2055019988395683 6.824343073909446 0.0
3.0092024601322205 7.283614578786985 0.0
2.8439364525212625 7.754837532728191 0.0
2.7105538884088034 8.235354033748417 0.0
2.6130859189226534 8.70250227022117 0.0
2.5490841058809632 9.143348181135233 0.0
2.511385356101372 9.58690108304787 0.0
-2.5166912349237416 9.49991008155249 0.0
-2.566062001981405 9.006739791587679 0.0
-2.6487977278920756 8.513451933318237 0.0
-2.764729582655681 8.024940003974017 0.0
-2.9113161127749683 7.550395797889746 0.0
-3.0897580097815576 7.084771769376905 0.0
-3.298276731584152 6.632967889435327 0.0
-3.538421891408408 6.1923749729562525 0.0
-3.8075088455499326 5.768800016300616 0.0
-4.101914150251338 5.367227254764744 0.0
-4.426145605823274 4.9818183380315135 0.0
-4.7751043589774405 4.619436317594275 0.0
-5.142675691743285 4.2854221009405755 0.0
-5.53041460528555 3.977309040025773 0.0
-5.945778859204644 3.690222591760625 0.0
-6.376831211490537 3.433216317711473 0.0
-6.824343073909464 3.2055019988395603 0.0
-7.283614578786998 3.009202460132216 0.0
-7.754837532728207 2.843936452521258 0.0
-8.235354033748425 2.7105538884088016 0.0
-8.702502270221178 2.6130859189226516 0.0
-9.143348181135233 2.5490841058809632 0.0
-9.58690108304787 2.511385356101372 0.0
-9.499910081552486 -2.5166912349237416 0.0
-9.006739791587677 -2.5660620019814058 0.0
-8.513451933318231 -2.6487977278920765 0.0
-8.02494000397401 -2.764729582655682 0.0
-7.550395797889745 -2.9113161127749683 0.0
-7.084771769376901 -3.0897580097815593 0.0
-6.632967889435321 -3.2982767315841537 0.0
-6.192374972956253 -3.538421891408407 0.0
-5.768800016300617 -3.8075088455499317 0.0
-5.367227254764741 -4.101914150251342 0.0
-4.981818338031515 -4.426145605823272 0.0
-4.619436317594276 -4.77510435897744 0.0
-4.285422100940579 -5.142675691743281 0.0
-3.977309040025774 -5.53041460528555 0.0
-3.6902225917606284 -5.945778859204639 0.0
-3.4332163177114774 -6.376831211490528 0.0
-3.2055019988395665 -6.82434307390945 0.0
-3.0092024601322205 -7.283614578786985 0.0
-2.8439364525212625 -7.7548375327281915 0.0
-2.7105538884088034 -8.235354033748415 0.0
-2.6130859189226534 -8.70250227022117 0.0
-2.5490841058809632 -9.143348181135229 0.0
-2.511385356101372 -9.586901083047872 0.0
2.5166912349237416 -9.499910081552487 0.0
2.5660620019814058 -9.006739791587675 0.0
2.6487977278920765 -8.513451933318231 0.0
2.764729582655681 -8.024940003974015 0.0
2.9113161127749656 -7.550395797889753 0.0
3.0897580097815576 -7.084771769376907 0.0
3.298276731584151 -6.632967889435328 0.0
3.5384218914084045 -6.192374972956259 0.0
3.807508845549928 -5.768800016300622 0.0
4.101914150251337 -5.367227254764745 0.0
4.426145605823269 -4.981818338031518 0.0
4.775104358977435 -4.61943631759428 0.0
5.1426756917432765 -4.285422100940583 0.0
5.530414605285547 -3.9773090400257756 0.0
5.945778859204634 -3.690222591760631 0.0
6.376831211490525 -3.43321631771148 0.0
6.8243430739094455 -3.205501998839569 0.0
7.283614578786981 -3.0092024601322223 0.0
7.754837532728187 -2.8439364525212643 0.0
8.235354033748413 -2.7105538884088043 0.0
8.702502270221167 -2.6130859189226543 0.0
9.143348181135229 -2.5490841058809632 0.0
9.586901083047872 -2.511385356101372 0.0
10.5 0.498046875 0.0
10.5 0.99853515625 0.0
9.999999999999998 1.5029335021972656 0.0
9.999999999999998 2.001466751098633 0.0
2.001953125 10.000000000000002 0.0
1.50146484375 10.500000000000002 0.0
0.9970664978027344 10.5 0.0
0.4985332489013672 10.5 0.0
-0.498046875 10.5 0.0
-0.99853515625 10.5 0.0
-1.5029335021972656 9.999999999999998 0.0
-2.001466751098633 9.999999999999998 0.0
-10.000000000000002 2.001953125 0.0
-10.500000000000002 1.50146484375 0.0
-10.5 0.9970664978027344 0.0
-10.5 0.4985332489013672 0.0
-10.5 -0.498046875 0.0
-10.5 -0.99853515625 0.0
-10.5 -1.5029335021972656 0.0
-10.5 -2.001466751098633 0.0
-2.001953125 -10.5 0.0
-1.50146484375 -10.5 0.0
-0.9970664978027344 -10.5 0.0
-0.4985332489013672 -10.5 0.0
0.498046875 -10.5 0.0
0.99853515625 -10.5 0.0
1.5029335021972656 -9.999999999999998 0.0
2.001466751098633 -9.999999999999998 0.0
10.5 -2.001953125 0.0
10.5 -1.50146484375 0.0
10.5 -0.9970664978027344 0.0
10.5 -0.4985332489013672 0.0
9.501953125 0.0 0.0
9.002790451049805 0.0 0.0
8.507460709661245 0.0 0.0
8.00292787662329 0.0 0.0
7.503150247203401 0.0 0.0
7.004789578048374 0.0 0.0
6.503279800804708 0.0 0.0
6.00286982570412 0.0 0.0
5.50343721383615 0.0 0.0
4.99895361932461 0.0 0.0
4.501115202974784 0.0 0.0
4.000836402231088 0.0 0.0
3.496649173356581 0.0 0.0
2.99832458667829 0.0 0.0
2.001953125 0.0 0.0
1.50146484375 0.0 0.0
0.9970664978027344 0.0 0.0
0.4985332489013672 0.0 0.0
0.0 9.501953125 0.0
0.0 9.002790451049805 0.0
0.0 8.507460709661245 0.0
0.0 8.00292787662329 0.0
0.0 7.503150247203401 0.0
0.0 7.004789578048374 0.0
0.0 6.503279800804708 0.0
0.0 6.00286982570412 0.0
0.0 5.50343721383615 0.0
0.0 4.99895361932461 0.0
0.0 4.501115202974784 0.0
0.0 4.000836402231088 0.0
0.0 3.496649173356581 0.0
0.0 2.99832458667829 0.0
0.0 2.001953125 0.0
0.0 1.50146484375 0.0
0.0 0.9970664978027344 0.0
0.0 0.4985332489013672 0.0
-9.501953125 0.0 0.0
-9.002790451049805 0.0 0.0
-8.507460709661245 0.0 0.0
-8.00292787662329 0.0 0.0
-7.503150247203401 0.0 0.0
-7.004789578048374 0.0 0.0
-6.503279800804708 0.0 0.0
-6.00286982570412 0.0 0.0
-5.50343721383615 0.0 0.0
-4.99895361932461 0.0 0.0
-4.501115202974784 0.0 0.0
-4.000836402231088 0.0 0.0
-3.496649173356581 0.0 0.0
-2.99832458667829 0.0 0.0
-2.001953125 0.0 0.0
-1.50146484375 0.0 0.0
-0.9970664978027344 0.0 0.0
-0.4985332489013672 0.0 0.0
0.0 -9.501953125 0.0
0.0 -9.002790451049805 0.0
0.0 -8.507460709661245 0.0
0.0 -8.00292787662329 0.0
0.0 -7.503150247203401 0.0
0.0 -7.004789578048374 0.0
0.0 -6.503279800804708 0.0
0.0 -6.00286982570412 0.0
0.0 -5.50343721383615 0.0
0.0 -4.99895361932461 0.0
0.0 -4.501115202974784 0.0
0.0 -4.000836402231088 0.0
0.0 -3.496649173356581 0.0
0.0 -2.99832458667829 0.0
0.0 -2.001953125 0.0
0.0 -1.50146484375 0.0
0.0 -0.9970664978027344 0.0
0.0 -0.4985332489013672 0.0
2.5 0.498046875 0.0
2.5 0.99853515625 0.0
2.5 1.5029335021972656 0.0
2.5 2.001466751098633 0.0
2.001953125 2.5 0.0
1.50146484375 2.5 0.0
0.9970664978027344 2.5 0.0
0.4985332489013672 2.5 0.0
-0.498046875 2.5 0.0
-0.99853515625 2.5 0.0
-1.5029335021972656 2.5 0.0
-2.001466751098633 2.5 0.0
-2.5 2.001953125 0.0
-2.5 1.50146484375 0.0
-2.5 0.9970664978027344 0.0
-2.5 0.4985332489013672 0.0
-2.5 -0.498046875 0.0
-2.5 -0.99853515625 0.0
-2.5 -1.5029335021972656 0.0
-2.5 -2.001466751098633 0.0
-2.001953125 -2.5 0.0
-1.50146484375 -2.5 0.0
-0.9970664978027344 -2.5 0.0
-0.4985332489013672 -2.5 0.0
0.498046875 -2.5 0.0
0.99853515625 -2.5 0.0
1.5029335021972656 -2.5 0.0
2.001466751098633 -2.5 0.0
2.5 -2.001953125 0.0
2.5 -1.50146484375 0.0
2.5 -0.9970664978027344 0.0
2.5 -0.4985332489013672 0.0
2.088514473388541 9.3665879486535 0.0
2.1506997622759387 8.864079115851213 0.0
2.2194095844137713 8.363784647586344 0.0
3.7334412360827303 5.029621449534056 0.0
0.4206646527460727 8.72797854464502 0.0
8.802404051715074 0.4522419077325189 0.0
9.085923629707095 2.036278828924251 0.0
4.1428895568849 4.674880154791233 0.0
7.66802363662741 2.42916393550376 0.0
6.631203537907911 2.6886453215445525 0.0
4.737939940310541 0.3424146606090695 0.0
0.3883379963269036 4.6929029931300175 0.0
5.256747656303906 3.6019114146590647 0.0
2.2766720543241874 2.9180570509865666 0.0
0.4523170225481277 3.161828063667435 0.0
3.245939188292362 0.4160428164000849 0.0
7.26514632145509 0.4427119252643152 0.0
0.4456049415977485 7.253953547793467 0.0
0.7388364596892174 9.504915870352647 0.0
9.549417471875389 1.8005258933999615 0.0
0.8280002539222284 2.895808173308022 0.0
2.939308516758274 1.7478897422124726 0.0
2.9237797080163386 2.2729356809304218 0.0
7.186537279607464 2.565564993756765 0.0
2.3102396480151226 7.7915432171489245 0.0
0.398145603882865 9.142000728036566 0.0
9.338711264707442 0.4527218010017457 0.0
2.601891721766293 7.39627237893345 0.0
5.747198978031019 0.4277431821838028 0.0
0.4918221344647531 5.746544881669251 0.0
2.629208353495022 6.917399281692081 0.0
7.775117394720173 0.4456817971699118 0.0
0.4426326978151103 7.750372332737322 0.0
3.721870582494927 0.437570086143542 0.0
0.4353959011019342 8.246481201595632 0.0
9.112567113189352 0.946770043487062 0.0
0.8215136645412624 8.981399828892602 0.0
5.202403873702562 0.4758848067714691 0.0
0.4879516185053401 4.225195778857497 0.0
0.4550800963043233 6.753845812098241 0.0
7.531994420616773 0.8999662268362163 0.0
8.054982746816435 0.8996674185601715 0.0
1.685314820780711 9.06033602880193 0.0
1.6219570053602315 9.556082516463993 0.0
2.944078918216708 1.231979809634862 0.0
1.2549652393782225 2.928088959044184 0.0
3.3753684442110217 2.0065824802794214 0.0
3.3889638743431316 1.4833751967956137 0.0
3.4233510217051863 0.9112526928332877 0.0
2.9239719277887293 0.7428040428021501 0.0
2.859702372630962 2.859330573511682 0.0
1.7396753266200324 8.559838102045983 0.0
1.2758389553758445 8.769318375686936 0.0
0.939380051478711 3.3868721563365733 0.0
1.4966425854469225 3.367058295990465 0.0
0.4509051915762665 3.690128277274109 0.0
5.70088487044883 3.296735370283155 0.0
5.187895163028514 3.06453456526131 0.0
1.2521806737511731 3.8108417870931244 0.0
1.7525115762783656 3.79563059833048 0.0
0.8278192455240045 3.866553431174343 0.0
0.9991198075023497 4.228735542125443 0.0
2.53595114525553 3.353881451313541 0.0
3.043358521221043 3.3857003156915018 0.0
3.8459661372889764 1.2456294946412803 0.0
3.9086488327125455 0.8132806078100054 0.0
2.7694505657391293 3.7989100371682842 0.0
3.262011667494682 3.803983407089532 0.0
2.26170085991126 3.7931917099545798 0.0
2.506869868733978 4.221450475244496 0.0
3.822001172107589 1.7502146006901746 0.0
4.267957973423732 1.501486978304928 0.0
4.2589140723781185 2.005244154153806 0.0
4.705085082861035 1.751577491686207 0.0
1.2262955308772323 9.256432842539585 0.0
1.2168829726542114 9.663720526539576 0.0
8.286299003186192 0.4450577982627257 0.0
8.565341354301923 0.8856829427564501 0.0
8.139410206672062 2.293184002166574 0.0
7.771974283548202 1.954315448767008 0.0
8.23425415007538 1.8034875841112168 0.0
7.810346081614261 1.4134999131269803 0.0
2.919123750570404 0.4122875051540426 0.0
0.8887050618488743 7.504039383413945 0.0
1.484865780476678 4.227460092751518 0.0
1.9968543024946097 4.221793408527437 0.0
2.012743089301426 3.360162507020866 0.0
1.7570608784016208 2.9292646993781704 0.0
0.8799160890929727 8.003521986900417 0.0
1.3327308855050006 7.763735298577768 0.0
3.0125084206850588 4.22611855563311 0.0
3.5114066105999218 4.208676826286178 0.0
3.2779896689323387 4.680560127373425 0.0
3.734913700267837 4.5614739268392706 0.0
1.3136999631928763 8.270806858172687 0.0
1.7860983427542507 8.042363919812635 0.0
3.361982233888436 2.5344858481093837 0.0
3.814307436957611 2.262454659122794 0.0
3.809315447605199 2.7719924802565292 0.0
4.252460565546891 2.5197377121128435 0.0
4.231789702789858 3.0323893221438962 0.0
4.700119710177876 2.7985342946195764 0.0
1.7176427666093232 4.6559003581911265 0.0
2.244918521659317 4.644532984479288 0.0
1.9751671340645398 5.0803283498830245 0.0
2.5075121328754904 5.051768597042077 0.0
2.2586904751547197 5.5128466819020865 0.0
2.87404941891677 5.441412649053029 0.0
1.178065607516766 4.658596417421283 0.0
1.4081268107259906 5.098470000422769 0.0
0.7512636371297781 4.590609665104168 0.0
4.2875839605711965 1.0056172510459929 0.0
4.2681818685255095 0.4803772192709683 0.0
4.728176620566817 0.7579334325044472 0.0
4.714952485470697 1.2527870035332005 0.0
5.161964900009399 1.0070529763706835 0.0
5.153206755952242 1.5024128880065888 0.0
5.6353566152991 1.263187432463312 0.0
5.148008581096124 2.00197712844827 0.0
5.571361968974839 1.7456497907288073 0.0
0.693234572424009 5.1559742002754625 0.0
2.571224093597576 5.962178825955378 0.0
3.150139420969981 5.939963428658058 0.0
6.75558154972785 0.438571029522853 0.0
7.0129538873021975 0.8846624921276354 0.0
6.2477478321225 0.4334735083228647 0.0
3.3875465067601898 3.042674294675699 0.0
3.804476719180161 3.2508090299312506 0.0
4.000571911038795 4.22324173576171 0.0
4.488908192576326 4.312729314041344 0.0
4.3283601956894 3.844608818532162 0.0
2.888805068603535 6.40922759200682 0.0
2.3337762070784187 6.447432787341265 0.0
5.606019103361828 2.2379851362844807 0.0
6.041004634046153 1.9085570193061459 0.0
4.704541353748823 2.2640775139405855 0.0
5.164010624319998 2.523807953040669 0.0
3.4558907761393396 3.447421272812263 0.0
3.7885414844129865 3.748508671450326 0.0
1.6990626030529405 5.514982395254795 0.0
1.9342501270479602 6.0176034905004485 0.0
1.1730473829767316 5.530794175437823 0.0
4.85119151776997 3.9446615842975152 0.0
4.673305693516629 3.3924180964119315 0.0
6.490996903764649 0.8840560225171676 0.0
6.758560104901204 1.328848621602016 0.0
6.188552245883035 1.36925144497532 0.0
6.553460545392006 1.784577690291197 0.0
5.977123093091955 0.8622017656667078 0.0
5.543866759418687 0.8074302776272028 0.0
5.646453548730968 2.76858734686309 0.0
6.146821397836293 3.0108117826842333 0.0
6.08286596980596 2.4707670994086635 0.0
8.615317031978593 2.169451487850315 0.0
8.701961870859023 1.6799700069092522 0.0
0.8597176189799782 8.498069476816324 0.0
0.4707130597247229 6.246917119944233 0.0
0.9606226226988532 5.9670011534888765 0.0
4.164444481512112 3.45459006901259 0.0
0.9007600836508995 7.0055294075052075 0.0
0.9240422776928234 6.5040073008817565 0.0
1.3613952829086298 6.7691696029651105 0.0
1.407976532949867 6.2770126255696335 0.0
1.3414798455705519 7.261618868046066 0.0
1.7796788596209137 7.028262838101528 0.0
1.8284716113781716 6.559686868228073 0.0
1.7934766669923548 7.5190980753866 0.0
2.2116168909941827 7.24528706685579 0.0
2.156484664606034 6.836812441550069 0.0
2.749855003555151 4.633996359517729 0.0
1.4369646082579628 5.859614961695822 0.0
8.35893488440022 1.322496321025347 0.0
8.776308450416414 1.2641642602976884 0.0
9.133808427913078 1.4963196366936515 0.0
9.567050316174454 1.2618471407708571 0.0
2.9352320441015065 4.985358263036937 0.0
5.859493206461818 1.568984516402329 0.0
9.603178564326745 0.8318650316100571 0.0
3.448852558680545 5.500473886317544 0.0
3.2560214661587983 5.125542067970313 0.0
7.034220710113674 1.7363057027585445 0.0
7.267091520172487 1.3257962460290658 0.0
7.4438367487045145 1.7029399886637593 0.0
7.327285881867621 2.09452822999004 0.0
6.862745714348687 2.1768108338539185 0.0
6.435324645301668 2.2032909111873527 0.0
0.8316523264592028 5.598097478447952 0.0
-9.366610378803395 2.0888650836126823 0.0
-8.864293190543933 2.151276859117721 0.0
-8.364082761938045 2.2199440629895815 0.0
-5.032460263392282 3.731371300780192 0.0
-8.728143128563419 0.4208734745539111 0.0
-0.4581943962648904 8.777464467117204 0.0
-2.1382202769370187 9.159758274696282 0.0
-4.680750763603491 4.135348096906471 0.0
-2.4297633332273616 7.6637094834422905 0.0
-2.6855298669966707 6.636413000572601 0.0
-0.3416364975406536 4.737066557639926 0.0
-4.692902990374787 0.3883380167781301 0.0
-3.5653881362485325 5.261506704597789 0.0
-2.9182977988300953 2.27745095831062 0.0
-3.161828052212927 0.4523170096587581 0.0
-0.416063525524745 3.245939188292362 0.0
-0.4333972216336411 7.260238664435006 0.0
-7.253914098182052 0.4452616188438423 0.0
-9.504893679194682 0.7389909904584666 0.0
-1.8454707329631344 9.538089634426726 0.0
-2.8958563952059446 0.8280435091503726 0.0
-1.7476916426944815 2.939126658539476 0.0
-2.272762487234891 2.9243332346578477 0.0
-2.5669222018008804 7.189837337483745 0.0
-7.791630904476155 2.3103725791495586 0.0
-9.141972107807934 0.398174580773869 0.0
-0.4614209204572333 9.323250590863235 0.0
-7.396097617463051 2.6018794027088576 0.0
-0.448932245290352 5.738090706522569 0.0
-5.746542935303156 0.4918242073551067 0.0
-6.917398468240499 2.629211032008831 0.0
-0.4327720531464423 7.756347989817144 0.0
-7.7516783763851445 0.4404088978315723 0.0
-0.4374721128777236 3.7216024402614236 0.0
-8.246919703903822 0.4350381167375712 0.0
-0.97918241389725 9.059241051555716 0.0
-8.981335858122671 0.8219384383297825 0.0
-0.4800737673371334 5.19277287083332 0.0
-4.2251983606975845 0.4879720325361134 0.0
-6.7538252344188665 0.4549819171466023 0.0
-0.8632442738089268 7.509942915918748 0.0
-0.861950278740325 8.003116087434098 0.0
-9.060502023985105 1.6859679867766673 0.0
-9.556166896565571 1.6222858448877844 0.0
-1.2318907398477033 2.944084025211323 0.0
-2.9280927556784997 1.254962249944052 0.0
-2.006203973227754 3.3740797605107566 0.0
-1.4833414903882298 3.388878436457116 0.0
-0.9110819969242671 3.42317898843197 0.0
-0.7426220605044792 2.923792010018759 0.0
-2.8597186832984356 2.8626951270086956 0.0
-9.256458517228525 1.226638565090413 0.0
-9.663726636535019 1.2170845456065482 0.0
-3.2802815814937922 5.707655144398966 0.0
-3.0272992268858507 5.212144075143612 0.0
-3.386871203825149 0.9393812054514648 0.0
-3.367060453171882 1.4966447619999368 0.0
-3.690128090062467 0.450905177991352 0.0
-3.8108350117452745 1.2521889367478725 0.0
-3.7958130105774295 1.7530715714072524 0.0
-3.8665536124305877 0.8278207321129951 0.0
-4.2285468069586685 0.999303701196915 0.0
-3.3545696508101113 2.5379049624007157 0.0
-3.3876669511166946 3.0493939301048263 0.0
-1.2454281505033136 3.8454277401406385 0.0
-0.8132126813052813 3.9077294247469556 0.0
-3.8006087046678534 2.772472055821609 0.0
-3.8113291756359935 3.268518539309194 0.0
-3.7938503697206016 2.2627659353365415 0.0
-4.222338766214568 2.5070358297717474 0.0
-1.7503246623755782 3.8232340397091127 0.0
-1.5013186062554624 4.265669155064357 0.0
-2.001301000861019 4.262426148739821 0.0
-1.7497528924299897 4.697991517180418 0.0
-2.7500394200655878 5.654867326356125 0.0
-2.502238445695421 5.1741887058293425 0.0
-3.0030450604525827 6.151048093085693 0.0
-2.458018975986986 6.09127264803348 0.0
-0.4373875745101259 8.259824365604157 0.0
-0.8841328848334784 8.499093983393784 0.0
-2.2005120607019415 8.15823207530428 0.0
-2.0250532231875895 7.729939520891339 0.0
-0.412101628397257 2.9189451341328647 0.0
-7.503976110647724 0.8885216614898539 0.0
-4.227644058189219 1.485038652183972 0.0
-4.222162513166359 1.9972062575467628 0.0
-8.004006540860166 0.8795826159178919 0.0
-7.7639734585256335 1.3327532527473984 0.0
-8.271128140593135 1.3138361246847818 0.0
-8.042761254740777 1.7862953189327015 0.0
-3.3605834346202963 2.0134898693733225 0.0
-2.9293686139938044 1.7572872251148421 0.0
-4.227292907224807 3.016387458014708 0.0
-4.218882116906219 3.5137417524430177 0.0
-4.684294886183093 3.27778334849146 0.0
-4.571475553805654 3.7297663602470292 0.0
-4.655895162186151 1.7176538912521266 0.0
-4.644694993919224 2.244921160012156 0.0
-5.080327650759312 1.975168965314488 0.0
-5.051860155508642 2.5074975669835986 0.0
-5.512842961836305 2.258600733060522 0.0
-5.441772168188949 2.8737532691607948 0.0
-4.658594367718131 1.1780648650170562 0.0
-5.098471850109247 1.4081232630926888 0.0
-4.590427275647451 0.7514475171955741 0.0
-2.5330942495979945 3.365796425193074 0.0
-2.2579584247390194 3.819781195728617 0.0
-1.0055900332782246 4.2839162556033665 0.0
-0.4800768377118961 4.266613860239813 0.0
-0.7584065234716358 4.71991549133696 0.0
-1.2518243732674765 4.701494233517572 0.0
-1.0040413882814032 5.130671613959594 0.0
-1.4910235303525095 5.1233686574081165 0.0
-1.2326830461728515 5.527963022155796 0.0
-1.989304635189326 5.142262808439037 0.0
-1.7092816841653227 5.5552034943426065 0.0
-2.7671664681298846 3.828272629423928 0.0
-2.5072347087370024 4.271643281769014 0.0
-3.016975541546063 4.283714548361451 0.0
-2.764635815194298 4.734155600000746 0.0
-5.962276947666241 2.5712150042398303 0.0
-5.940100019054473 3.1499909739450827 0.0
-5.155973982572231 0.693236662325603 0.0
-0.4420086376517805 6.759898409192692 0.0
-0.873899922814591 7.01954362567364 0.0
-0.4549833214837204 6.248443112343751 0.0
-3.045022990793042 3.4007829912493728 0.0
-3.2623080269763016 3.8430366783653946 0.0
-4.251266207121147 3.9825597920759686 0.0
-4.3250102975222635 4.458060312931344 0.0
-3.9497285326870126 4.257146723566942 0.0
-6.409405829641218 2.8886247278219273 0.0
-6.447433995803105 2.3337761418252487 0.0
-2.2174121528320767 5.611297822587019 0.0
-1.8823784206424483 6.064869610445864 0.0
-2.253912780178657 4.7123730568870945 0.0
-3.45745069531744 3.470736778298903 0.0
-3.779669095854391 3.8025543094271352 0.0
-5.5149820330785095 1.6990637228745715 0.0
-6.017602514962714 1.934250082942798 0.0
-5.530793815677908 1.173049127880569 0.0
-1.2799399121541788 7.753232786881963 0.0
-1.28520758580739 8.227043240591044 0.0
-1.2941016249761552 7.2739011558356275 0.0
-1.6892807293584888 7.52032076902175 0.0
-1.7286571890342695 7.061758336545203 0.0
-2.1036815634909134 7.3385300640305235 0.0
-1.3221694606866938 6.792709080478136 0.0
-1.7771647793901442 6.589559122120246 0.0
-1.3746203280886504 6.30082057805982 0.0
-0.901066080493866 6.515678585265422 0.0
-0.9501573426972975 5.962098567602762 0.0
-8.560141976642473 1.7407379017864457 0.0
-8.76943009137231 1.2767284924252635 0.0
-8.49828528594938 0.8600057342377223 0.0
-6.246920528874364 0.4707121778629197 0.0
-5.9670009700444036 0.9606229911788677 0.0
-7.005535819449386 0.9007600836508995 0.0
-6.504008980040906 0.9240424119174229 0.0
-6.768976098299167 1.361385006174764 0.0
-6.276835995602636 1.4081556396722483 0.0
-7.261767212604389 1.3414764265404493 0.0
-7.028248842508445 1.7796898472294451 0.0
-6.559487325742716 1.828464529069361 0.0
-7.519306782613845 1.793665214165129 0.0
-7.245280707678026 2.211605461573643 0.0
-6.836794776878329 2.1565012035001647 0.0
-3.527533296683306 4.284090529909087 0.0
-4.634529508879378 2.749999195300563 0.0
-5.859433384407265 1.437055141937659 0.0
-3.2945078743717295 4.757227204822266 0.0
-3.8817118479379915 4.767734733828699 0.0
-1.6957537188202398 7.977323613421906 0.0
-1.7064208487947123 8.462457274152051 0.0
-2.175099794185523 6.8763197364250015 0.0
-2.1970067139264313 6.45032551146838 0.0
-1.2944098266328898 8.65585172333293 0.0
-4.986300584316841 2.934784543529119 0.0
-1.2977991082180833 9.536133810286866 0.0
-1.6277297589064579 9.021212232809122 0.0
-1.4309839269053446 5.880989792651135 0.0
-0.8449027073667852 9.585687032039608 0.0
-5.501104881524362 3.4481062631278663 0.0
-5.127196258223046 3.2552431665739805 0.0
-2.1459721793524964 8.72238028121438 0.0
-5.598097632613405 0.8316520873675781 0.0
-0.8210694929233863 5.51226166184802 0.0
-2.0881399145338326 -9.367333172729236 0.0
-2.148747178303423 -8.865946694202897 0.0
-2.2120810666873263 -8.367456750189989 0.0
-3.7389857738263466 -5.031987688961547 0.0
-0.4202843120648154 -8.728891097661146 0.0
-8.76384253732438 -0.4312430442346142 0.0
-9.179731640569285 -2.1584732694775113 0.0
-4.144022621331645 -4.674996105669082 0.0
-7.669483242471335 -2.2996262175108915 0.0
-6.624781720283608 -2.685143126416512 0.0
-4.7085563126891765 -0.5287399092543961 0.0
-0.5261676844802743 -4.699678707037744 0.0
-5.261130812276081 -3.5959270357266555 0.0
-2.2750027001188258 -2.9184910093179623 0.0
-0.4490469248102951 -3.1602038951543228 0.0
-3.164752697439366 -0.4439221843506599 0.0
-7.260715142662778 -0.4329934839577529 0.0
-0.4415905629255761 -7.253839238106946 0.0
-0.7386180827461359 -9.505263137425052 0.0
-9.553056015981818 -1.8677168544682354 0.0
-0.825514736737933 -2.8956444898865015 0.0
-2.9305739635763137 -1.7493190462810204 0.0
-2.915551318210168 -2.2713092215574533 0.0
-7.16622893829971 -2.5449459743405995 0.0
-2.2820618635733823 -7.797510534184952 0.0
-0.3977823660552016 -9.142530314491156 0.0
-9.298879181557481 -0.4433430196300571 0.0
-2.5361480892089734 -7.322294505291202 0.0
-5.7572194372023215 -0.4484206168237779 0.0
-0.4525363084350289 -5.748099333838877 0.0
-2.719798384889873 -6.867725750479347 0.0
-7.758168155755584 -0.4328495500834135 0.0
-0.4408455219042047 -7.751677360338272 0.0
-3.689072486732959 -0.434588590036582 0.0
-9.004672747281948 -0.8499585303059743 0.0
-0.4341271000572782 -8.247814241056664 0.0
-0.8207738569895273 -8.982642906484108 0.0
-0.455555290164682 -4.177103694545864 0.0
-5.249705065230502 -0.4634184609608751 0.0
-7.511360351093369 -0.8690567009767809 0.0
-8.009633758569084 -0.8660979026905562 0.0
-0.4436443730514643 -6.753544337956398 0.0
-1.684146697649581 -9.061955545948175 0.0
-1.6216356404215961 -9.556620768199357 0.0
-2.9341990344616597 -1.2442814880064597 0.0
-3.3555962424628554 -2.002967856720175 0.0
-3.370360711925354 -1.4837256077735614 0.0
-3.3946929589345514 -0.9234135298869374 0.0
-2.9006939494734043 -0.8196098525834983 0.0
-1.2515371800514998 -2.930265338424805 0.0
-2.8539641605873696 -2.856927552537764 0.0
-0.4666763871315833 -5.2389631611708865 0.0
-0.913920154852466 -4.99277321213487 0.0
-1.2263919377804555 -9.257230262421011 0.0
-1.2168766637861843 -9.663992212216353 0.0
-0.9300251810174203 -3.391541087391304 0.0
-1.490560523503806 -3.3753305258367834 0.0
-2.931140308334589 -6.405827525655861 0.0
-2.4141136425413476 -6.446460020934515 0.0
-3.345345271350805 -2.5277742844036952 0.0
-3.776673390143695 -2.2516825109928083 0.0
-1.237355046103417 -3.83594403467677 0.0
-1.7506588155939387 -3.8106424858351655 0.0
-2.64841850266083 -5.968311062042732 0.0
-2.1262144580726723 -6.013698640177291 0.0
-7.01607404171347 -0.8726775263912027 0.0
-7.2624301372887725 -1.3096182280409023 0.0
-3.827635557631125 -1.2361394296000776 0.0
-3.884291279104457 -0.7998810264097377 0.0
-3.7884620332808208 -1.744590727543588 0.0
-2.5341796868182085 -3.3546172826268763 0.0
-3.0392805331399826 -3.383250241975858 0.0
-4.225314428919088 -1.5000793775060222 0.0
-4.318247913237166 -0.9635431345567995 0.0
-2.7696904273878076 -3.8007078910495813 0.0
-3.2603726556079486 -3.802492378660614 0.0
-2.2642225285484736 -3.798982582365522 0.0
-2.5118729581407857 -4.230697430510245 0.0
-2.0051187005269444 -4.240934784114394 0.0
-2.265066475419051 -4.665881175081603 0.0
-3.7862155079403808 -2.757421074912881 0.0
-4.21196965309691 -2.4816613844426607 0.0
-4.185673932412177 -0.4526310094083609 0.0
-3.376989708208348 -3.035319900934632 0.0
-3.795131055143578 -3.2376298623051962 0.0
-3.450025137284781 -3.441412015477836 0.0
-3.78447768574525 -3.742774121347959 0.0
-8.260282760703252 -0.4300255737200008 0.0
-8.507907326527102 -0.8599239993288196 0.0
-8.255860307045968 -1.303143128582781 0.0
-8.75603603393298 -1.2746372233517573 0.0
-7.753847063363342 -1.3115766005964802 0.0
-7.986002938303836 -1.7751040056932923 0.0
-7.487485306930102 -1.7575396881036234 0.0
-1.7550664784132497 -2.93104989057322 0.0
-2.011159434499625 -3.364771015230918 0.0
-0.884726853564386 -7.507659654000872 0.0
-7.024621531985842 -1.7409095647816553 0.0
-6.775367934722713 -1.3189306613638845 0.0
-6.560361692087669 -1.7756008175048417 0.0
-6.273808796347419 -1.3510270303401675 0.0
-6.027420974632629 -1.88922970066109 0.0
-6.51792929239318 -0.8833442793153428 0.0
-6.012733946411965 -0.8961581101798867 0.0
-5.755583409105483 -1.3648904024932054 0.0
-5.474520711606306 -1.8096085879878387 0.0
-0.4417696354129035 -3.681952305252631 0.0
-1.489075826631126 -4.260648517635313 0.0
-6.7625331872345695 -0.4364858197464875 0.0
-6.261221883595551 -0.4421048326223753 0.0
-0.8762693716512029 -8.007515776292749 0.0
-1.3245703827262627 -7.773182644696534 0.0
-1.308490079697279 -8.276152133821903 0.0
-1.773678372112398 -8.051305796978863 0.0
-3.0155922832339943 -4.2303020018243505 0.0
-3.512630788503599 -4.208813449128457 0.0
-3.285432479794851 -4.686184705984362 0.0
-3.7377340810813413 -4.562964065492725 0.0
-5.505849231184467 -0.9045310446552537 0.0
-5.236729862863496 -1.355089016194047 0.0
-4.960630014318761 -1.8355776761774256 0.0
-5.244259881634993 -2.1509117573884278 0.0
-4.710543647700121 -1.3194792444528332 0.0
-4.533716955755244 -1.762075753517462 0.0
-4.186232500368661 -1.9876736522387517 0.0
-4.591673358918117 -2.1777421490934694 0.0
-0.8050152949313834 -3.8780218829912547 0.0
-0.9527243211903293 -4.313378213995892 0.0
-2.76067598789803 -4.648276067083905 0.0
-2.9524475897964058 -4.9998871317344555 0.0
-2.5412950667646133 -5.072513929251077 0.0
-2.9125876869022953 -5.452741701978992 0.0
-2.024378032949029 -5.124014359915171 0.0
-2.3456888763128543 -5.537784972126593 0.0
-1.7432619794929547 -4.691958298182777 0.0
-1.4297647482759643 -5.188760279723749 0.0
-5.706114642305906 -3.297682323294912 0.0
-5.208145045152516 -3.049440954923747 0.0
-5.664370277597431 -2.776155922884253 0.0
-5.232098594478217 -2.541688407593429 0.0
-5.6198876405469695 -2.274045277327249 0.0
-4.948554097516381 -2.2838844811012713 0.0
-6.084408940252519 -2.4731928599522086 0.0
-6.150260708600256 -3.0121080695186255 0.0
-5.016799794326403 -0.9137368061858437 0.0
-4.6887969143168915 -0.9285812047825217 0.0
-1.2397317636062883 -4.684106736150062 0.0
-0.907103513150739 -4.672736053740449 0.0
-1.8280859979076016 -5.6042990376990645 0.0
-3.9990227650863552 -4.222819595216763 0.0
-4.488109025625683 -4.311403367887099 0.0
-4.324945777409888 -3.8388422021441104 0.0
-4.849287218270207 -3.9411779034790837 0.0
-4.6770387663241495 -3.368317731911685 0.0
-4.22406944135805 -2.9995204241599795 0.0
-4.7258017991128805 -2.7022609069819317 0.0
-4.160122874711431 -3.438516119500991 0.0
-1.7353222430784623 -8.56393123770611 0.0
-1.2739891257913332 -8.77174624043434 0.0
-0.8576026553592477 -8.50036479315447 0.0
-3.178883050272198 -5.9432884587463155 0.0
-8.243087398328885 -2.233536221831445 0.0
-0.9161353079716399 -5.487849964597166 0.0
-0.8963239218668235 -6.000247884245334 0.0
-1.3498810602985856 -5.756478571990821 0.0
-0.4466065346034682 -6.251988224975136 0.0
-0.8926992705838899 -6.501194740627267 0.0
-1.3362606816135436 -6.252889010450648 0.0
-1.6966506096490122 -6.021682967317108 0.0
-1.8442015428109109 -6.49532773642428 0.0
-1.3442020654907907 -6.759145680911257 0.0
-1.7734966836996637 -7.048515076245514 0.0
-0.8906259497438977 -7.00505596887196 0.0
-8.511064472368297 -1.7401104766938356 0.0
-9.072183763565878 -1.680452839397717 0.0
-1.3316361460719541 -7.269889524094039 0.0
-1.7693239226023572 -7.541978126917471 0.0
-9.55451125460524 -1.356452772650703 0.0
-8.756333423865854 -2.169386317800358 0.0
-9.50855886688214 -0.8906114325366051 0.0
-9.181110084228857 -1.2084025251098356 0.0
-3.4634307881395436 -5.504576362512151 0.0
-3.270553725246934 -5.134738219320009 0.0
-7.236122485371659 -2.10454547235677 0.0
-6.838799797236792 -2.175572165816189 0.0
-6.428297177885223 -2.1973955069451216 0.0
-2.233656793244948 -6.9181616168118 0.0
-2.1209269428227095 -7.323854176857841 0.0
9.366587948653496 -2.088514473388541 0.0
8.86407911585121 -2.1506997622759387 0.0
8.36378464758634 -2.2194095844137722 0.0
5.029622302157996 -3.7334356840616474 0.0
8.72797854464502 -0.4206646527460727 0.0
0.4275273550560333 -8.778839910545333 0.0
2.0393854978975408 -9.120364946552835 0.0
4.675118008085655 -4.142991039297089 0.0
2.4299889954784315 -7.6692416336607785 0.0
2.689793799107376 -6.631198745759431 0.0
0.3424484309003045 -4.738355173535924 0.0
4.692902993130646 -0.3883379963249194 0.0
3.6032578146899796 -5.257670189905471 0.0
2.918155699609957 -2.2767556657645347 0.0
3.161828063666529 -0.4523170225468665 0.0
0.4160755370948226 -3.246030741026737 0.0
0.4402671693759604 -7.267061482944457 0.0
7.253953547793467 -0.4456049415977485 0.0
9.504915870352646 -0.7388364596892174 0.0
1.8219989422059069 -9.58484544681232 0.0
2.8958081727309337 -0.8280002534356008 0.0
1.7482496478084524 -2.939581691655233 0.0
2.2733100434231965 -2.923961129488921 0.0
2.565855077169936 -7.187322022020521 0.0
7.79154321714892 -2.3102396480151235 0.0
9.142000728036566 -0.398145603882865 0.0
0.4964069904503808 -9.337742053829752 0.0
7.396272378933446 -2.601891721766295 0.0
0.4277201396862344 -5.7479477762674875 0.0
5.746544881670748 -0.491822134466803 0.0
6.917399281692065 -2.6292083534950272 0.0
0.4398451606539435 -7.776486004147309 0.0
7.750372332737322 -0.4426326978151103 0.0
0.4375796599247641 -3.722053687963677 0.0
8.246481201595632 -0.4353959011019342 0.0
0.7937220688630342 -8.991030182956006 0.0
8.981399828892602 -0.8215136645412624 0.0
0.4757716164061385 -5.203935565155508 0.0
4.225195778811317 -0.4879516182189363 0.0
6.753845812098241 -0.4550800963043233 0.0
0.8933179648721441 -7.536616127299183 0.0
0.884492950100395 -8.059747240031445 0.0
9.060336028801926 -1.685314820780711 0.0
9.55608251646399 -1.6219570053602315 0.0
1.2320855279026905 -2.9442596944780055 0.0
2.9280837674070366 -1.2549699189938401 0.0
2.0071410741547253 -3.375914067754353 0.0
1.4836825141601593 -3.3894861137142147 0.0
0.9113254929627941 -3.423709111891318 0.0
0.7428023265583977 -2.9239756194652786 0.0
2.8596474872557867 -2.859954584698487 0.0
8.55983810204598 -1.7396753266200324 0.0
8.769318375686932 -1.2758389553758427 0.0
3.298218395592256 -5.701498782155515 0.0
3.067478590033907 -5.189297413419384 0.0
3.3870593276254786 -0.939192583630371 0.0
3.367062851663729 -1.4966416566444032 0.0
3.6901523299501893 -0.4509042799287002 0.0
3.8110163276223443 -1.2520033569393636 0.0
3.795810862786248 -1.7526999939320849 0.0
3.866549582206291 -0.8278206019044312 0.0
4.228735558343098 -0.9991186017759759 0.0
3.3540784775537293 -2.5361187679870927 0.0
3.386182742483957 -3.0436872708596923 0.0
1.2458481733190498 -3.846869800533524 0.0
0.81334725898376 -3.909216338899106 0.0
3.7991319707798374 -2.769576646331953 0.0
3.804556051199654 -3.2623589966465634 0.0
3.793385899003574 -2.261819089322998 0.0
4.221542027896554 -2.50686803148482 0.0
1.7505332709210835 -3.8233145613991413 0.0
1.5016163727309262 -4.270155239048732 0.0
2.007828937038942 -4.260931019725417 0.0
1.7544321869283035 -4.707940205319936 0.0
9.256432842539581 -1.226295530877234 0.0
9.663720526539574 -1.2168829726542114 0.0
2.2908364024388206 -8.147606335741662 0.0
1.9502754808648821 -7.7799446606353175 0.0
0.4321637632914755 -8.280605818649848 0.0
0.8374563680339985 -8.563163646739852 0.0
0.4122838890524962 -2.9191270762456236 0.0
7.504039383413945 -0.8887050618488743 0.0
4.227643377650379 -1.4850451230901545 0.0
4.22198011025773 -1.997037574786079 0.0
3.3603596682436536 -2.0128576691106064 0.0
2.929315025777117 -1.7570495982802186 0.0
8.003521986900417 -0.8799160890929727 0.0
7.763735298577768 -1.3327308855050006 0.0
4.226307340363121 -3.012485025385957 0.0
4.209114468021726 -3.511646366701762 0.0
4.680844023383446 -3.2781651998239196 0.0
4.561751845259041 -3.7351796393311902 0.0
8.270806858172687 -1.3136999631928763 0.0
8.042363919812635 -1.7860983427542507 0.0
2.5350601399294512 -3.362924549864145 0.0
2.263783288965531 -3.8144571709542134 0.0
4.655900715932385 -1.7176420142539737 0.0
4.644533604987497 -2.24491746138279 0.0
5.0803283863043065 -1.9751670595333124 0.0
5.051768597041789 -2.5075121352575893 0.0
5.512846682527627 -2.2586904766525313 0.0
5.44141265735186 -2.8740494400240175 0.0
4.658595840952179 -1.1780653072335454 0.0
5.098470007815219 -1.4081267777750472 0.0
4.590609667727927 -0.7512636369361214 0.0
2.773815487020327 -3.8103313130404777 0.0
2.5238635304274184 -4.254807537631247 0.0
3.0355347518754985 -4.23311398795943 0.0
2.8044812124012646 -4.701612570560632 0.0
1.005722522344023 -4.288682249291924 0.0
0.4804164317567471 -4.268637790788716 0.0
0.7580037642745951 -4.729281788141278 0.0
1.2528496896548444 -4.717332856564447 0.0
1.0073251752607009 -5.163979060165649 0.0
1.5029942487027925 -5.157079859615494 0.0
1.2641256434095258 -5.637219510872172 0.0
2.0089413228030666 -5.149853315194069 0.0
1.748094123014546 -5.573954756915709 0.0
5.155974200339868 -0.6932345736748005 0.0
5.96217882585632 -2.571224093517226 0.0
5.9399634286563865 -3.1501394209856395 0.0
0.4376600391391982 -6.75658342022604 0.0
0.8820127794586639 -7.015644383269477 0.0
0.4330960525200485 -6.248294257696019 0.0
1.7956008050660726 -8.253381717422815 0.0
1.4039740598913575 -7.821592463777306 0.0
1.2959697823949434 -8.3889401965949 0.0
3.0436769735493137 -3.3882087340765272 0.0
3.2525361394612484 -3.805350711709833 0.0
2.7714274729695014 -5.646319374966015 0.0
2.5284611616774746 -5.164795495997941 0.0
3.012351385871773 -6.146676935061678 0.0
2.473014419091146 -6.082353412094804 0.0
4.2239870580058785 -4.000943744813261 0.0
4.313306431510909 -4.489278584983968 0.0
3.845483033822292 -4.3294848297881 0.0
2.2413842120661225 -5.608064568233085 0.0
1.910973432377972 -6.042028845338271 0.0
6.4092275920069355 -2.8888050686032605 0.0
6.447432787342914 -2.3337762070781496 0.0
2.2700617668679484 -4.705792838436638 0.0
1.664058842653862 -8.754543296316328 0.0
1.185005800545758 -8.889404139632983 0.0
1.5139879585825973 -9.233307337530666 0.0
1.0162820722966417 -9.396230486838114 0.0
3.448356957846082 -3.4564233193639016 0.0
3.749642588291877 -3.7891299395811853 0.0
1.3687747763794187 -9.644915619774011 0.0
5.514982395355882 -1.6990626006813923 0.0
6.017603490475704 -1.9342501270468464 0.0
5.5307941753433205 -1.1730473826128058 0.0
3.9456771668735957 -4.851600651335213 0.0
3.3948976637867028 -4.674388843185652 0.0
0.8831229143211347 -6.49262321180186 0.0
1.3274348620137308 -6.760942529360534 0.0
1.3694593183564256 -6.189847227466648 0.0
1.7849790441472626 -6.5546299075364995 0.0
0.8622082443610105 -5.9785727013533965 0.0
0.8077032609812625 -5.545242690243393 0.0
2.165521199220279 -8.634509672614245 0.0
8.498069476816324 -0.8597176189799782 0.0
6.246917119944233 -0.470713059724714 0.0
5.967001153491337 -0.9606226227012105 0.0
7.0055294075052075 -0.9007600836508995 0.0
6.504007300881755 -0.9240422776928234 0.0
6.769169602965104 -1.3613952829086298 0.0
6.277012625570099 -1.4079765329497782 0.0
7.2616188680460665 -1.3414798455705519 0.0
7.028262838101524 -1.7796788596209137 0.0
6.559686868228511 -1.8284716113780917 0.0
7.5190980753866 -1.7934766669923548 0.0
7.245287066855791 -2.21161689099418 0.0
6.836812441550026 -2.156484664606043 0.0
3.4565150127320536 -4.165357908830072 0.0
4.633997000982316 -2.74985103083341 0.0
5.859614961651124 -1.4369646082434286 0.0
4.9853581065636945 -2.935231732650328 0.0
1.5703281230864279 -5.861188343150726 0.0
5.500473854634051 -3.448852522743893 0.0
5.125634257803807 -3.2560154003684287 0.0
1.734913788001783 -7.037008161919884 0.0
1.321582971949897 -7.272123060220185 0.0
1.698987848565028 -7.450010686481669 0.0
2.093450712662113 -7.330422571720092 0.0
2.1770139168857097 -6.864236554928366 0.0
2.2051658648193797 -6.43551947699334 0.0
5.598097478450345 -0.8316523264575295 0.0
0.7527054231672244 -9.68311697117782 0.0
0.8514526677684549 0.3946740531649067 0.0
0.6948732193615521 2.0584558104200044 0.0
1.9984445427674231 1.7660900743226031 0.0
0.4932001532699757 0.7345342876908123 0.0
1.2623874706481901 0.416768537683244 0.0
1.0140375376491646 0.8124608170798344 0.0
1.4920153421650921 0.8468183575328113 0.0
1.2404416006306849 1.252260284958459 0.0
1.7219838546505302 1.2855455085975707 0.0
0.7546587036959607 1.2142177094692144 0.0
0.9760888072017819 1.653044146628157 0.0
0.4636836701606466 1.6061266553709748 0.0
1.215746431289715 2.0852820045929685 0.0
1.4681817997935325 1.6917484187757017 0.0
1.6392332519680148 2.1068903221333275 0.0
0.3415960929721336 1.2114340794622207 0.0
2.144999142341232 1.2817282077853438 0.0
1.9960859961351523 0.8649563607394756 0.0
1.7276158467590232 0.4363339765643825 0.0
2.101687052635312 0.5010631492721733 0.0
2.273983330461865 0.7161445137875706 0.0
-0.3946740531649067 0.8514526677684549 0.0
-2.0584558104200044 0.6948732193615521 0.0
-1.7660900743226031 1.9984445427674231 0.0
-0.7345342876908123 0.4932001532699757 0.0
-0.416768537683244 1.2623874706481901 0.0
-0.8124608170798344 1.0140375376491646 0.0
-0.8468183575328113 1.4920153421650921 0.0
-1.252260284958459 1.2404416006306849 0.0
-1.2855455085975707 1.7219838546505302 0.0
-1.2142177094692144 0.7546587036959607 0.0
-1.653044146628157 0.9760888072017819 0.0
-1.6061266553709748 0.4636836701606466 0.0
-2.0852820045929685 1.215746431289715 0.0
-1.6917484187757017 1.4681817997935325 0.0
-2.1068903221333275 1.6392332519680148 0.0
-1.2114340794622207 0.3415960929721336 0.0
-1.2817282077853438 2.144999142341232 0.0
-0.8649563607394756 1.9960859961351523 0.0
-0.4363339765643825 1.7276158467590232 0.0
-0.5010631492721733 2.101687052635312 0.0
-0.7161445137875706 2.273983330461865 0.0
-0.8514526677684549 -0.3946740531649067 0.0
-0.6948732193615521 -2.0584558104200044 0.0
-1.9984445427674231 -1.7660900743226031 0.0
-0.4932001532699757 -0.7345342876908123 0.0
-1.2623874706481901 -0.416768537683244 0.0
-1.0140375376491646 -0.8124608170798344 0.0
-1.4920153421650921 -0.8468183575328113 0.0
-1.2404416006306849 -1.252260284958459 0.0
-1.7219838546505302 -1.2855455085975707 0.0
-0.7546587036959607 -1.2142177094692144 0.0
-0.9760888072017819 -1.653044146628157 0.0
-0.4636836701606466 -1.6061266553709748 0.0
-1.215746431289715 -2.0852820045929685 0.0
-1.4681817997935325 -1.6917484187757017 0.0
-1.6392332519680148 -2.1068903221333275 0.0
-0.3415960929721336 -1.2114340794622207 0.0
-2.144999142341232 -1.2817282077853438 0.0
-1.9960859961351523 -0.8649563607394756 0.0
-1.7276158467590232 -0.4363339765643825 0.0
-2.101687052635312 -0.5010631492721733 0.0
-2.273983330461865 -0.7161445137875706 0.0
0.3946740531649067 -0.8514526677684549 0.0
2.0584558104200044 -0.6948732193615521 0.0
1.7660900743226031 -1.9984445427674231 0.0
0.7345342876908123 -0.4932001532699757 0.0
0.416768537683244 -1.2623874706481901 0.0
0.8124608170798344 -1.0140375376491646 0.0
0.8468183575328113 -1.4920153421650921 0.0
1.252260284958459 -1.2404416006306849 0.0
1.2855455085975707 -1.7219838546505302 0.0
1.2142177094692144 -0.7546587036959607 0.0
1.653044146628157 -0.9760888072017819 0.0
1.6061266553709748 -0.4636836701606466 0.0
2.0852820045929685 -1.215746431289715 0.0
1.6917484187757017 -1.4681817997935325 0.0
2.1068903221333275 -1.6392332519680148 0.0
1.2114340794622207 -0.3415960929721336 0.0
1.2817282077853438 -2.144999142341232 0.0
0.8649563607394756 -1.9960859961351523 0.0
0.4363339765643825 -1.7276158467590232 0.0
0.5010631492721733 -2.101687052635312 0.0
0.7161445137875706 -2.273983330461865 0.0
CELL_DATA 2028
SCALARS f:thickness float 1
LOOKUP_TABLE default
1.0
1.0
1.0
1.0
1.0
1.0
1.0
1.0
1.0
1.0
1.0
1.0
1.0
1.0
1.0
1.0
1.0
1.0
1.0
1.0
1.0
1.0
1.0
1.0
1.0
1.0
1.0
1.0
1.0
1.0
1.0
1.0
1.0
1.0
1.0
1.0
1.0
1.0
1.0
1.0
1.0
1.0
1.0
1.0
1.0
1.0
1.0
1.0
1.0
1.0
1.0
1.0
1.0
1.0
1.0
1.0
1.0
1.0
1.0
1.0
1.0
1.0
1.0
1.0
1.0
1.0
1.0
1.0
1.0
1.0
1.0
1.0
1.0
1.0
1.0
1.0
1.0
1.0
1.0
1.0
1.0
1.0
1.0
1.0
1.0
1.0
1.0
1.0
1.0
1.0
1.0
1.0
1.0
1.0
1.0
1.0
1.0
1.0
1.0
1.0
1.0
1.0
1.0
1.0
1.0
1.0
1.0
1.0
1.0
1.0
1.0
1.0
1.0
1.0
1.0
1.0
1.0
1.0
1.0
1.0
1.0
1.0
1.0
1.0
1.0
1.0
1.0
1.0
1.0
1.0
1.0
1.0
1.0
1.0
1.0
1.0
1.0
1.0
1.0
1.0
1.0
1.0
1.0
1.0
1.0
1.0
1.0
1.0
1.0
1.0
1.0
1.0
1.0
1.0
1.0
1.0
1.0
1.0
1.0
1.0
1.0
1.0
1.0
1.0
1.0
1.0
1.0
1.0
1.0
1.0
1.0
1.0
1.0
1.0
1.0
1.0
1.0
1.0
1.0
1.0
1.0
1.0
1.0
1.0
1.0
1.0
1.0
1.0
1.0
1.0
1.0
1.0
1.0
1.0
1.0
1.0
1.0
1.0
1.0
1.0
1.0
1.0
1.0
1.0
1.0
1.0
1.0
1.0
1.0
1.0
1.0
1.0
1.0
1.0
1.0
1.0
1.0
1.0
1.0
1.0
1.0
1.0
1.0
1.0
1.0
1.0
1.0
1.0
1.0
1.0
1.0
1.0
1.0
1.0
1.0
1.0
1.0
1.0
1.0
1.0
1.0
1.0
1.0
1.0
1.0
1.0
1.0
1.0
1.0
1.0
1.0
1.0
1.0
1.0
1.0
1.0
1.0
1.0
1.0
1.0
1.0
1.0
1.0
1.0
1.0
1.0
1.0
1.0
1.0
1.0
1.0
1.0
1.0
1.0
1.0
1.0
1.0
1.0
1.0
1.0
1.0
1.0
1.0
1.0
1.0
1.0
1.0
1.0
1.0
1.0
1.0
1.0
1.0
1.0
1.0
1.0
1.0
1.0
1.0
1.0
1.0
1.0
1.0
1.0
1.0
1.0
1.0
1.0
1.0
1.0
1.0
1.0
1.0
1.0
1.0
1.0
1.0
1.0
1.0
1.0
1.0
1.0
1.0
1.0
1.0
1.0
1.0
1.0
1.0
1.0
1.0
1.0
1.0
1.0
1.0
1.0
1.0
1.0
1.0
1.0
1.0
1.0
1.0
1.0
1.0
1.0
1.0
1.0
1.0
1.0
1.0
1.0
1.0
1.0
1.0
1.0
1.0
1.0
1.0
1.0
1.0
1.0
1.0
1.0
1.0
1.0
1.0
1.0
1.0
1.0
1.0
1.0
1.0
1.0
1.0
1.0
1.0
1.0
1.0
1.0
1.0
1.0
1.0
1.0
1.0
1.0
1.0
1.0
1.0
1.0
1.0
1.0
1.0
1.0
1.0
1.0
1.0
1.0
1.0
1.0
1.0
1.0
1.0
1.0
1.0
1.0
1.0
1.0
1.0
1.0
1.0
1.0
1.0
1.0
1.0
1.0
1.0
1.0
1.0
1.0
1.0
1.0
1.0
1.0
1.0
1.0
1.0
1.0
1.0
1.0
1.0
1.0
1.0
1.0
1.0
1.0
1.0
1.0
1.0
1.0
1.0
1.0
1.0
1.0
1.0
1.0
1.0
1.0
1.0
1.0
1.0
1.0
1.0
1.0
1.0
1.0
1.0
1.0
1.0
1.0
1.0
1.0
1.0
1.0
1.0
1.0
1.0
1.0
1.0
1.0
1.0
1.0
1.0
1.0
1.0
1.0
1.0
1.0
1.0
1.0
1.0
1.0
1.0
1.0
1.0
1.0
1.0
1.0
1.0
1.0
1.0
1.0
1.0
1.0
1.0
1.0
1.0
1.0
1.0
1.0
1.0
1.0
1.0
1.0
1.0
1.0
1.0
1.0
1.0
1.0
1.0
1.0
1.0
1.0
1.0
1.0
1.0
1.0
1.0
1.0
1.0
1.0
1.0
1.0
1.0
1.0
1.0
1.0
1.0
1.0
1.0
1.0
1.0
1.0
1.0
1.0
1.0
1.0
1.0
1.0
1.0
1.0
1.0
1.0
1.0
1.0
1.0
1.0
1.0
1.0
1.0
1.0
1.0
1.0
1.0
1.0
1.0
1.0
1.0
1.0
1.0
1.0
1.0
1.0
1.0
1.0
1.0
1.0
1.0
1.0
1.0
1.0
1.0
1.0
1.0
1.0
1.0
1.0
1.0
1.0
1.0
1.0
1.0
1.0
1.0
1.0
1.0
1.0
1.0
1.0
1.0
1.0
1.0
1.0
1.0
1.0
1.0
1.0
1.0
1.0
1.0
1.0
1.0
1.0
1.0
1.0
1.0
1.0
1.0
1.0
1.0
1.0
1.0
1.0
1.0
1.0
1.0
1.0
1.0
1.0
1.0
1.0
1.0
1.0
1.0
1.0
1.0
1.0
1.0
1.0
1.0
1.0
1.0
1.0
1.0
1.0
1.0
1.0
1.0
1.0
1.0
1.0
1.0
1.0
1.0
1.0
1.0
1.0
1.0
1.0
1.0
1.0
1.0
1.0
1.0
1.0
1.0
1.0
1.0
1.0
1.0
1.0
1.0
1.0
1.0
1.0
1.0
1.0
1.0
1.0
1.0
1.0
1.0
1.0
1.0
1.0
1.0
1.0
1.0
1.0
1.0
1.0
1.0
1.0
1.0
1.0
1.0
1.0
1.0
1.0
1.0
1.0
1.0
1.0
1.0
1.0
1.0
1.0
1.0
1.0
1.0
1.0
1.0
1.0
1.0
1.0
1.0
1.0
1.0
1.0
1.0
1.0
1.0
1.0
1.0
1.0
1.0
1.0
1.0
1.0
1.0
1.0
1.0
1.0
1.0
1.0
1.0
1.0
1.0
1.0
1.0
1.0
1.0
1.0
1.0
1.0
1.0
1.0
1.0
1.0
1.0
1.0
1.0
1.0
1.0
1.0
1.0
1.0
1.0
1.0
1.0
1.0
1.0
1.0
1.0
1.0
1.0
1.0
1.0
1.0
1.0
1.0
1.0
1.0
1.0
1.0
1.0
1.0
1.0
1.0
1.0
1.0
1.0
1.0
1.0
1.0
1.0
1.0
1.0
1.0
1.0
1.0
1.0
1.0
1.0
1.0
1.0
1.0
1.0
1.0
1.0
1.0
1.0
1.0
1.0
1.0
1.0
1.0
1.0
1.0
1.0
1.0
1.0
1.0
1.0
1.0
1.0
1.0
1.0
1.0
1.0
1.0
1.0
1.0
1.0
1.0
1.0
1.0
1.0
1.0
1.0
1.0
1.0
1.0
1.0
1.0
1.0
1.0
1.0
1.0
1.0
1.0
1.0
1.0
1.0
1.0
1.0
1.0
1.0
1.0
1.0
1.0
1.0
1.0
1.0
1.0
1.0
1.0
1.0
1.0
1.0
1.0
1.0
1.0
1.0
1.0
1.0
1.0
1.0
1.0
1.0
1.0
1.0
1.0
1.0
1.0
1.0
1.0
1.0
1.0
1.0
1.0
1.0
1.0
1.0
1.0
1.0
1.0
1.0
1.0
1.0
1.0
1.0
1.0
1.0
1.0
1.0
1.0
1.0
1.0
1.0
1.0
1.0
1.0
1.0
1.0
1.0
1.0
1.0
1.0
1.0
1.0
1.0
1.0
1.0
1.0
1.0
1.0
1.0
1.0
1.0
1.0
1.0
1.0
1.0
1.0
1.0
1.0
1.0
1.0
1.0
1.0
1.0
1.0
1.0
1.0
1.0
1.0
1.0
1.0
1.0
1.0
1.0
1.0
1.0
1.0
1.0
1.0
1.0
1.0
1.0
1.0
1.0
1.0
1.0
1.0
1.0
1.0
1.0
1.0
1.0
1.0
1.0
1.0
1.0
1.0
1.0
1.0
1.0
1.0
1.0
1.0
1.0
1.0
1.0
1.0
1.0
1.0
1.0
1.0
1.0
1.0
1.0
1.0
1.0
1.0
1.0
1.0
1.0
1.0
1.0
1.0
1.0
1.0
1.0
1.0
1.0
1.0
1.0
1.0
1.0
1.0
1.0
1.0
1.0
1.0
1.0
1.0
1.0
1.0
1.0
1.0
1.0
1.0
1.0
1.0
1.0
1.0
1.0
1.0
1.0
1.0
1.0
1.0
1.0
1.0
1.0
1.0
1.0
1.0
1.0
1.0
1.0
1.0
1.0
1.0
1.0
1.0
1.0
1.0
1.0
1.0
1.0
1.0
1.0
1.0
1.0
1.0
1.0
1.0
1.0
1.0
1.0
1.0
1.0
1.0
1.0
1.0
1.0
1.0
1.0
1.0
1.0
1.0
1.0
1.0
1.0
1.0
1.0
1.0
1.0
1.0
1.0
1.0
1.0
1.0
1.0
1.0
1.0
1.0
1.0
1.0
1.0
1.0
1.0
1.0
1.0
1.0
1.0
1.0
1.0
1.0
1.0
1.0
1.0
1.0
1.0
1.0
1.0
1.0
1.0
1.0
1.0
1.0
1.0
1.0
1.0
1.0
1.0
1.0
1.0
1.0
1.0
1.0
1.0
1.0
1.0
1.0
1.0
1.0
1.0
1.0
1.0
1.0
1.0
1.0
1.0
1.0
1.0
1.0
1.0
1.0
1.0
1.0
1.0
1.0
1.0
1.0
1.0
1.0
1.0
1.0
1.0
1.0
1.0
1.0
1.0
1.0
1.0
1.0
1.0
1.0
1.0
1.0
1.0
1.0
1.0
1.0
1.0
1.0
1.0
1.0
1.0
1.0
1.0
1.0
1.0
1.0
1.0
1.0
1.0
1.0
1.0
1.0
1.0
1.0
1.0
1.0
1.0
1.0
1.0
1.0
1.0
1.0
1.0
1.0
1.0
1.0
1.0
1.0
1.0
1.0
1.0
1.0
1.0
1.0
1.0
1.0
1.0
1.0
1.0
1.0
1.0
1.0
1.0
1.0
1.0
1.0
1.0
1.0
1.0
1.0
1.0
1.0
1.0
1.0
1.0
1.0
1.0
1.0
1.0
1.0
1.0
1.0
1.0
1.0
1.0
1.0
1.0
1.0
1.0
1.0
1.0
1.0
1.0
1.0
1.0
1.0
1.0
1.0
1.0
1.0
1.0
1.0
1.0
1.0
1.0
1.0
1.0
1.0
1.0
1.0
1.0
1.0
1.0
1.0
1.0
1.0
1.0
1.0
1.0
1.0
1.0
1.0
1.0
1.0
1.0
1.0
1.0
1.0
1.0
1.0
1.0
1.0
1.0
1.0
1.0
1.0
1.0
1.0
1.0
1.0
1.0
1.0
1.0
1.0
1.0
1.0
1.0
1.0
1.0
1.0
1.0
1.0
1.0
1.0
1.0
1.0
1.0
1.0
1.0
1.0
1.0
1.0
1.0
1.0
1.0
1.0
1.0
1.0
1.0
1.0
1.0
1.0
1.0
1.0
1.0
1.0
1.0
1.0
1.0
1.0
1.0
1.0
1.0
1.0
1.0
1.0
1.0
1.0
1.0
1.0
1.0
1.0
1.0
1.0
1.0
1.0
1.0
1.0
1.0
1.0
1.0
1.0
1.0
1.0
1.0
1.0
1.0
1.0
1.0
1.0
1.0
1.0
1.0
1.0
1.0
1.0
1.0
1.0
1.0
1.0
1.0
1.0
1.0
1.0
1.0
1.0
1.0
1.0
1.0
1.0
1.0
1.0
1.0
1.0
1.0
1.0
1.0
1.0
1.0
1.0
1.0
1.0
1.0
1.0
1.0
1.0
1.0
1.0
1.0
1.0
1.0
1.0
1.0
1.0
1.0
1.0
1.0
1.0
1.0
1.0
1.0
1.0
1.0
1.0
1.0
1.0
1.0
1.0
1.0
1.0
1.0
1.0
1.0
1.0
1.0
1.0
1.0
1.0
1.0
1.0
1.0
1.0
1.0
1.0
1.0
1.0
1.0
1.0
1.0
1.0
1.0
1.0
1.0
1.0
1.0
1.0
1.0
1.0
1.0
1.0
1.0
1.0
1.0
1.0
1.0
1.0
1.0
1.0
1.0
1.0
1.0
1.0
1.0
1.0
1.0
1.0
1.0
1.0
1.0
1.0
1.0
1.0
1.0
1.0
1.0
1.0
1.0
1.0
1.0
1.0
1.0
1.0
1.0
1.0
1.0
1.0
1.0
1.0
1.0
1.0
1.0
1.0
1.0
1.0
1.0
1.0
1.0
1.0
1.0
1.0
1.0
1.0
1.0
1.0
1.0
1.0
1.0
1.0
1.0
1.0
1.0
1.0
1.0
1.0
1.0
1.0
1.0
1.0
1.0
1.0
1.0
1.0
1.0
1.0
1.0
1.0
1.0
1.0
1.0
1.0
1.0
1.0
1.0
1.0
1.0
1.0
1.0
1.0
1.0
1.0
1.0
1.0
1.0
1.0
1.0
1.0
1.0
1.0
1.0
1.0
1.0
1.0
1.0
1.0
1.0
1.0
1.0
1.0
1.0
1.0
1.0
1.0
1.0
1.0
1.0
1.0
1.0
1.0
1.0
1.0
1.0
1.0
1.0
1.0
1.0
1.0
1.0
1.0
1.0
1.0
1.0
1.0
1.0
1.0
1.0
1.0
1.0
1.0
1.0
1.0
1.0
1.0
1.0
1.0
1.0
1.0
1.0
1.0
1.0
1.0
1.0
1.0
1.0
1.0
1.0
1.0
1.0
1.0
1.0
1.0
1.0
1.0
1.0
1.0
1.0
1.0
1.0
1.0
1.0
1.0
1.0
1.0
1.0
1.0
1.0
1.0
1.0
1.0
1.0
1.0
1.0
1.0
1.0
1.0
1.0
1.0
1.0
1.0
1.0
1.0
1.0
1.0
1.0
1.0
1.0
1.0
1.0
1.0
1.0
1.0
1.0
1.0
1.0
1.0
1.0
1.0
1.0
1.0
1.0
1.0
1.0
1.0
1.0
1.0
1.0
1.0
1.0
1.0
1.0
1.0
1.0
1.0
1.0
1.0
1.0
1.0
1.0
1.0
1.0
1.0
1.0
1.0
1.0
1.0
1.0
1.0
1.0
1.0
1.0
1.0
1.0
1.0
1.0
1.0
1.0
1.0
1.0
1.0
1.0
1.0
1.0
1.0
1.0
1.0
1.0
1.0
1.0
1.0
1.0
1.0
1.0
1.0
1.0
1.0
1.0
1.0
1.0
1.0
1.0
1.0
1.0
1.0
1.0
1.0
1.0
1.0
1.0
1.0
1.0
1.0
1.0
1.0
1.0
1.0
1.0
1.0
1.0
1.0
1.0
1.0
1.0
1.0
1.0
1.0
1.0
1.0
1.0
1.0
1.0
1.0
1.0
1.0
1.0
1.0
1.0
1.0
1.0
1.0
1.0
1.0
1.0
1.0
1.0
1.0
1.0
1.0
1.0
1.0
1.0
1.0
1.0
1.0
1.0
1.0
1.0
1.0
1.0
1.0
1.0
1.0
1.0
1.0
1.0
1.0
1.0
1.0
1.0
1.0
1.0
1.0
1.0
1.0
1.0
1.0
1.0
1.0
1.0
1.0
1.0
1.0
1.0
1.0
1.0
1.0
1.0
1.0
1.0
1.0
1.0
1.0
1.0
1.0
1.0
1.0
1.0
1.0
1.0
1.0
1.0
1.0
1.0
1.0
1.0
1.0
1.0
1.0
1.0
1.0
1.0
1.0
1.0
1.0
1.0
1.0
1.0
1.0
1.0
1.0
1.0
1.0
1.0
1.0
1.0
1.0
1.0
1.0
1.0
1.0
1.0
1.0
1.0
1.0
1.0
1.0
1.0
1.0
1.0
1.0
1.0
1.0
1.0
1.0
1.0
1.0
1.0
1.0
1.0
1.0
1.0
1.0
1.0
1.0
1.0
1.0
1.0
1.0
1.0
1.0
1.0
1.0
1.0
1.0
1.0
1.0
1.0
1.0
1.0
1.0
1.0
1.0
1.0
1.0
1.0
1.0
1.0
1.0
1.0
1.0
1.0
1.0
1.0
1.0
1.0
1.0
1.0
1.0
1.0
1.0
1.0
1.0
1.0
1.0
1.0
1.0
1.0
1.0
1.0
1.0
1.0
1.0
1.0
1.0
1.0
1.0
1.0
1.0
1.0
1.0
1.0
1.0
1.0
1.0
1.0
1.0
1.0
1.0
1.0
1.0
1.0
1.0
1.0
1.0
1.0
1.0
1.0
1.0
1.0
1.0
1.0
1.0
1.0
1.0
1.0
1.0
1.0
1.0
1.0
1.0
1.0
1.0
1.0
1.0
1.0
1.0
1.0
1.0
1.0
1.0
1.0
1.0
1.0
1.0
1.0
1.0
1.0
1.0
1.0
1.0
1.0
1.0
1.0
1.0
1.0
1.0
1.0
1.0
1.0
1.0
1.0
1.0
1.0
1.0
1.0
1.0
1.0
1.0
1.0
1.0
1.0
1.0
1.0
1.0
1.0
1.0
1.0
1.0
1.0
1.0
1.0
1.0
1.0
1.0
1.0
1.0
1.0
1.0
1.0
1.0
1.0
1.0
1.0
1.0
1.0
1.0
1.0
1.0
1.0
1.0
1.0
1.0
1.0
1.0
1.0
1.0
1.0
1.0
1.0
1.0
1.0
1.0
1.0
1.0
1.0
1.0
1.0
1.0
