# vtk DataFile Version 3.0
File written by membrane-model
ASCII
DATASET UNSTRUCTURED_GRID
POINTS 797 float
-0.007000000216066837 -0.013000000268220901 0.0
0.007000000216066837 -0.013000000268220901 0.0
0.007000000216066837 -0.008500000461935997 0.0
0.0024999999441206455 -0.008500000461935997 0.0
0.0024999999441206455 0.008500000461935997 0.0
0.007000000216066837 0.008500000461935997 0.0
0.007000000216066837 0.013000000268220901 0.0
-0.007000000216066837 0.013000000268220901 0.0
-0.007000000216066837 0.008500000461935997 0.0
-0.0024999999441206455 0.008500000461935997 0.0
-0.0024999999441206455 -0.008500000461935997 0.0
-0.007000000216066837 -0.008500000461935997 0.0
-0.006500000134110451 -0.013000000268220901 0.0
-0.006000000052154064 -0.013000000268220901 0.0
-0.005499999970197678 -0.013000000268220901 0.0
-0.004999999888241291 -0.013000000268220901 0.0
-0.0044999998062849045 -0.013000000268220901 0.0
-0.004000000189989805 -0.013000000268220901 0.0
-0.0035000001080334187 -0.013000000268220901 0.0
-0.003000000026077032 -0.013000000268220901 0.0
-0.0024999999441206455 -0.013000000268220901 0.0
-0.0020000000949949026 -0.013000000268220901 0.0
-0.001500000013038516 -0.013000000268220901 0.0
-0.0010000000474974513 -0.013000000268220901 0.0
-0.0005000000237487257 -0.013000000268220901 0.0
-1.7970000487643745e-14 -0.013000000268220901 0.0
0.0005000000237487257 -0.013000000268220901 0.0
0.0010000000474974513 -0.013000000268220901 0.0
0.001500000013038516 -0.013000000268220901 0.0
0.0020000000949949026 -0.013000000268220901 0.0
0.0024999999441206455 -0.013000000268220901 0.0
0.003000000026077032 -0.013000000268220901 0.0
0.0035000001080334187 -0.013000000268220901 0.0
0.004000000189989805 -0.013000000268220901 0.0
0.0044999998062849045 -0.013000000268220901 0.0
0.004999999888241291 -0.013000000268220901 0.0
0.005499999970197678 -0.013000000268220901 0.0
0.006000000052154064 -0.013000000268220901 0.0
0.006500000134110451 -0.013000000268220901 0.0
0.006529621779918671 -0.01297534815967083 0.0
0.006064397282898426 -0.012901663780212402 0.0
0.005609423387795687 -0.01277975458651781 0.0
0.005169684998691082 -0.012610954232513905 0.0
0.004749999847263098 -0.01239711418747902 0.0
0.004354966338723898 -0.012140576727688313 0.0
0.003988912329077721 -0.0118441516533494 0.0
0.003655848326161504 -0.011511087417602539 0.0
0.0033594234846532345 -0.011145033873617649 0.0
0.003102885792031884 -0.01075000036507845 0.0
0.002889045514166355 -0.010330314747989178 0.0
0.002720245625823736 -0.00989057682454586 0.0
0.0025983357336372137 -0.009435602463781834 0.0
0.00252465158700943 -0.008970377966761589 0.0
0.0024999999441206455 -0.00800000037997961 0.0
0.0024999999441206455 -0.007499999832361937 0.0
0.0024999999441206455 -0.007000000216066837 0.0
0.0024999999441206455 -0.006500000134110451 0.0
0.0024999999441206455 -0.006000000052154064 0.0
0.0024999999441206455 -0.005499999970197678 0.0
0.0024999999441206455 -0.004999999888241291 0.0
0.0024999999441206455 -0.0044999998062849045 0.0
0.0024999999441206455 -0.004000000189989805 0.0
0.0024999999441206455 -0.0035000001080334187 0.0
0.0024999999441206455 -0.003000000026077032 0.0
0.0024999999441206455 -0.0024999999441206455 0.0
0.0024999999441206455 -0.0020000000949949026 0.0
0.0024999999441206455 -0.001500000013038516 0.0
0.0024999999441206455 -0.0010000000474974513 0.0
0.0024999999441206455 -0.0005000000237487257 0.0
0.0024999999441206455 -1.9980544996300864e-14 0.0
0.0024999999441206455 0.0005000000237487257 0.0
0.0024999999441206455 0.0010000000474974513 0.0
0.0024999999441206455 0.001500000013038516 0.0
0.0024999999441206455 0.0020000000949949026 0.0
0.0024999999441206455 0.0024999999441206455 0.0
0.0024999999441206455 0.003000000026077032 0.0
0.0024999999441206455 0.0035000001080334187 0.0
0.0024999999441206455 0.004000000189989805 0.0
0.0024999999441206455 0.0044999998062849045 0.0
0.0024999999441206455 0.004999999888241291 0.0
0.0024999999441206455 0.005499999970197678 0.0
0.0024999999441206455 0.006000000052154064 0.0
0.0024999999441206455 0.006500000134110451 0.0
0.0024999999441206455 0.007000000216066837 0.0
0.0024999999441206455 0.007499999832361937 0.0
0.0024999999441206455 0.00800000037997961 0.0
0.00252465158700943 0.008970377966761589 0.0
0.0025983357336372137 0.009435602463781834 0.0
0.002720245625823736 0.00989057682454586 0.0
0.002889045514166355 0.010330314747989178 0.0
0.003102885792031884 0.01075000036507845 0.0
0.0033594234846532345 0.011145033873617649 0.0
0.003655848326161504 0.011511087417602539 0.0
0.003988912329077721 0.0118441516533494 0.0
0.004354966338723898 0.012140576727688313 0.0
0.004749999847263098 0.01239711418747902 0.0
0.005169684998691082 0.012610954232513905 0.0
0.005609423387795687 0.01277975458651781 0.0
0.006064397282898426 0.012901663780212402 0.0
0.006529621779918671 0.01297534815967083 0.0
0.006500000134110451 0.013000000268220901 0.0
0.006000000052154064 0.013000000268220901 0.0
0.005499999970197678 0.013000000268220901 0.0
0.004999999888241291 0.013000000268220901 0.0
0.0044999998062849045 0.013000000268220901 0.0
0.004000000189989805 0.013000000268220901 0.0
0.0035000001080334187 0.013000000268220901 0.0
0.003000000026077032 0.013000000268220901 0.0
0.0024999999441206455 0.013000000268220901 0.0
0.0020000000949949026 0.013000000268220901 0.0
0.001500000013038516 0.013000000268220901 0.0
0.0010000000474974513 0.013000000268220901 0.0
0.0005000000237487257 0.013000000268220901 0.0
1.7970000487643745e-14 0.013000000268220901 0.0
-0.0005000000237487257 0.013000000268220901 0.0
-0.0010000000474974513 0.013000000268220901 0.0
-0.001500000013038516 0.013000000268220901 0.0
-0.0020000000949949026 0.013000000268220901 0.0
-0.0024999999441206455 0.013000000268220901 0.0
-0.003000000026077032 0.013000000268220901 0.0
-0.0035000001080334187 0.013000000268220901 0.0
-0.004000000189989805 0.013000000268220901 0.0
-0.0044999998062849045 0.013000000268220901 0.0
-0.004999999888241291 0.013000000268220901 0.0
-0.005499999970197678 0.013000000268220901 0.0
-0.006000000052154064 0.013000000268220901 0.0
-0.006500000134110451 0.013000000268220901 0.0
-0.006529621779918671 0.01297534815967083 0.0
-0.006064397282898426 0.012901663780212402 0.0
-0.005609423387795687 0.01277975458651781 0.0
-0.005169684998691082 0.012610954232513905 0.0
-0.004749999847263098 0.01239711418747902 0.0
-0.004354966338723898 0.012140576727688313 0.0
-0.003988912329077721 0.0118441516533494 0.0
-0.003655848326161504 0.011511087417602539 0.0
-0.0033594234846532345 0.011145033873617649 0.0
-0.003102885792031884 0.01075000036507845 0.0
-0.002889045514166355 0.010330314747989178 0.0
-0.002720245625823736 0.00989057682454586 0.0
-0.0025983357336372137 0.009435602463781834 0.0
-0.00252465158700943 0.008970377966761589 0.0
-0.0024999999441206455 0.00800000037997961 0.0
-0.0024999999441206455 0.007499999832361937 0.0
-0.0024999999441206455 0.007000000216066837 0.0
-0.0024999999441206455 0.006500000134110451 0.0
-0.0024999999441206455 0.006000000052154064 0.0
-0.0024999999441206455 0.005499999970197678 0.0
-0.0024999999441206455 0.004999999888241291 0.0
-0.0024999999441206455 0.0044999998062849045 0.0
-0.0024999999441206455 0.004000000189989805 0.0
-0.0024999999441206455 0.0035000001080334187 0.0
-0.0024999999441206455 0.003000000026077032 0.0
-0.0024999999441206455 0.0024999999441206455 0.0
-0.0024999999441206455 0.0020000000949949026 0.0
-0.0024999999441206455 0.001500000013038516 0.0
-0.0024999999441206455 0.0010000000474974513 0.0
-0.0024999999441206455 0.0005000000237487257 0.0
-0.0024999999441206455 1.9980544996300864e-14 0.0
-0.0024999999441206455 -0.0005000000237487257 0.0
-0.0024999999441206455 -0.0010000000474974513 0.0
-0.0024999999441206455 -0.001500000013038516 0.0
-0.0024999999441206455 -0.0020000000949949026 0.0
-0.0024999999441206455 -0.0024999999441206455 0.0
-0.0024999999441206455 -0.003000000026077032 0.0
-0.0024999999441206455 -0.0035000001080334187 0.0
-0.0024999999441206455 -0.004000000189989805 0.0
-0.0024999999441206455 -0.0044999998062849045 0.0
-0.0024999999441206455 -0.004999999888241291 0.0
-0.0024999999441206455 -0.005499999970197678 0.0
-0.0024999999441206455 -0.006000000052154064 0.0
-0.0024999999441206455 -0.006500000134110451 0.0
-0.0024999999441206455 -0.007000000216066837 0.0
-0.0024999999441206455 -0.007499999832361937 0.0
-0.0024999999441206455 -0.00800000037997961 0.0
-0.00252465158700943 -0.008970377966761589 0.0
-0.0025983357336372137 -0.009435602463781834 0.0
-0.002720245625823736 -0.00989057682454586 0.0
-0.002889045514166355 -0.010330314747989178 0.0
-0.003102885792031884 -0.01075000036507845 0.0
-0.0033594234846532345 -0.011145033873617649 0.0
-0.003655848326161504 -0.011511087417602539 0.0
-0.003988912329077721 -0.0118441516533494 0.0
-0.004354966338723898 -0.012140576727688313 0.0
-0.004749999847263098 -0.01239711418747902 0.0
-0.005169684998691082 -0.012610954232513905 0.0
-0.005609423387795687 -0.01277975458651781 0.0
-0.006064397282898426 -0.012901663780212402 0.0
-0.006529621779918671 -0.01297534815967083 0.0
-0.0008114778902381659 -0.012616433203220367 0.0
-0.0010881476337090135 -0.012332534417510033 0.0
-0.0012958316365256906 -0.012641599401831627 0.0
0.00024080838193185627 -0.00791357271373272 0.0
-0.00011737666500266641 -0.008023642003536224 0.0
0.00020229002984706312 -0.008232987485826015 0.0
-0.0014882456744089723 -0.01228056289255619 0.0
-0.000932940049096942 0.010417405515909195 0.0
-0.001338737434707582 0.010574862360954285 0.0
-0.001320054056122899 0.010189265944063663 0.0
-0.0011208951473236084 0.010854433290660381 0.0
-0.0024403431452810764 0.01030887570232153 0.0
-0.002279054606333375 0.009881775826215744 0.0
0.0007157984655350447 -0.011177807115018368 0.0
0.0008811521693132818 -0.011508231051266193 0.0
0.001197893638163805 -0.01120331697165966 0.0
0.0023483028635382652 -0.010330131277441978 0.0
0.002348080277442932 -0.009882268495857716 0.0
0.0012210241984575987 -0.011699995957314968 0.0
-0.0020450137089937925 0.010248062200844288 0.0
-0.002093636430799961 0.010740376077592373 0.0
-0.001440298743546009 -0.008010121993720531 0.0
-0.001962879439815879 -0.00774718914180994 0.0
-0.0018556223949417472 -0.00823882408440113 0.0
-0.0014486220898106694 -0.007558771874755621 0.0
-0.0019267533207312226 -0.007255309261381626 0.0
-0.0014092727797105908 -0.0070738838985562325 0.0
-0.001924887066707015 -0.0067617627792060375 0.0
-0.0013987445272505283 -0.006577212363481522 0.0
-0.0019240911351516843 -0.006262532435357571 0.0
-0.0013986205449327826 -0.006078548263758421 0.0
-0.001924087293446064 -0.005762535147368908 0.0
-0.0013983126264065504 -0.0055792685598134995 0.0
-0.0019240863621234894 -0.005262535531073809 0.0
-0.0013982655946165323 -0.005079411435872316 0.0
-0.0019240861292928457 -0.004762535914778709 0.0
-0.0013982594246044755 -0.004579423926770687 0.0
-0.0019240861292928457 -0.004262535832822323 0.0
-0.0013982593081891537 -0.004079424776136875 0.0
-0.001924086012877524 -0.00376253598369658 0.0
-0.0013982593081891537 -0.0035794249270111322 0.0
-0.001924086012877524 -0.0032625359017401934 0.0
-0.0016895293956622481 0.010429468005895615 0.0
-0.001097021740861237 -0.010407952591776848 0.0
-0.001655222731642425 -0.010556827299296856 0.0
-0.0012513846158981323 -0.010857108980417252 0.0
-0.0013982593081891537 -0.0030794248450547457 0.0
-0.001924086012877524 -0.002762535819783807 0.0
-0.001587321748957038 -0.011091466061770916 0.0
-0.000815316685475409 -0.010876044631004333 0.0
-0.0013982593081891537 -0.0025794249959290028 0.0
-0.001924086012877524 -0.002262535970658064 0.0
-0.0029880504589527845 0.011739843524992466 0.0
-0.0026366261299699545 0.011902614496648312 0.0
-0.0030121328309178352 0.01217198371887207 0.0
-0.003393755992874503 0.011827373877167702 0.0
-0.003551668720319867 0.012218295596539974 0.0
-0.0013982593081891537 -0.002079424913972616 0.0
-0.001924086012877524 -0.0017625358887016773 0.0
-0.0013982593081891537 -0.0015794249484315515 0.0
-0.001924086012877524 -0.0012625359231606126 0.0
-0.0013982593081891537 -0.0010794248664751649 0.0
-0.001924086012877524 -0.0007625358994118869 0.0
-0.0013982593081891537 -0.0005794249009341002 0.0
-0.001924086012877524 -0.0002625358756631613 0.0
-0.0013982593081891537 -7.942489901324734e-05 0.0
-0.001924086012877524 0.00023746411898173392 0.0
-0.0013982593081891537 0.00042057508835569024 0.0
-0.001924086012877524 0.0007374641136266291 0.0
-0.0013982593081891537 0.0009205751121044159 0.0
-0.001924086012877524 0.0012374641373753548 0.0
-0.0013982593081891537 0.0014205750776454806 0.0
-0.001924086012877524 0.0017374641029164195 0.0
-0.0013982591917738318 0.0019205751596018672 0.0
-0.001924086012877524 0.0022374640684574842 0.0
-0.0029880504589527845 -0.011739843524992466 0.0
-0.0027192013803869486 -0.011523943394422531 0.0
-0.0031659197993576527 -0.011481850408017635 0.0
-0.0013982584932819009 0.002420575823634863 0.0
-0.0019240861292928457 0.002737464150413871 0.0
0.0029880504589527845 0.011739843524992466 0.0
0.0027190851978957653 0.011523700319230556 0.0
0.0031658171210438013 0.011481690220534801 0.0
-0.00316592282615602 0.011478881351649761 0.0
-0.0027161904145032167 0.011517941020429134 0.0
-0.0013982546515762806 0.002920578932389617 0.0
-0.0019240861292928457 0.0032374639995396137 0.0
0.003165919566527009 -0.011478881351649761 0.0
0.0027161904145032167 -0.011517941020429134 0.0
0.0029880504589527845 -0.011739843524992466 0.0
-0.0013982324162498116 0.0034205967094749212 0.0
-0.0019240863621234894 0.0037374638486653566 0.0
-0.0013981037773191929 0.003920692950487137 0.0
-0.0019240874098613858 0.004237463232129812 0.0
-0.0013973712921142578 0.004421204328536987 0.0
-0.0019240925321355462 0.004737460520118475 0.0
0.0019447652157396078 0.01221713051199913 0.0
0.0022809295915067196 0.011961854062974453 0.0
0.0024824102874845266 0.012253936380147934 0.0
-0.0019720466807484627 -0.01222942490130663 0.0
-0.0022809295915067196 -0.011961854062974453 0.0
-0.0024873362854123116 -0.01225602999329567 0.0
-0.0013932464644312859 0.0049238321371376514 0.0
-0.0019241169793531299 0.005237450357526541 0.0
-0.002490913262590766 0.012253094464540482 0.0
-0.0022809295915067196 0.011961854062974453 0.0
-0.0020001339726150036 0.012216111645102501 0.0
0.0024908820632845163 -0.012253234162926674 0.0
0.0022809295915067196 -0.011961854062974453 0.0
0.0019999893847852945 -0.012216871604323387 0.0
-0.0013703126460313797 0.005436739418655634 0.0
-0.0018996888538822532 0.005735044367611408 0.0
-0.0012826445745304227 0.006002134643495083 0.0
-0.0019054284784942865 0.006254023872315884 0.0
-0.0013244219589978456 0.00655751209706068 0.0
-0.0019272788194939494 0.006736856419593096 0.0
-0.0014251813990995288 0.007040518801659346 0.0
-0.0019368445500731468 0.007235324941575527 0.0
-0.0014141307910904288 0.007505492307245731 0.0
-0.0019484194926917553 0.00773597601801157 0.0
-0.0014331479324027896 0.008085924200713634 0.0
-0.0020078103989362717 0.00828444492071867 0.0
0.0002894583158195019 0.010353872552514076 0.0
0.00015944696497172117 0.010752150788903236 0.0
-6.382500578183681e-05 0.01046285592019558 0.0
0.001995716243982315 0.007769438438117504 0.0
0.0019226775038987398 0.00831559393554926 0.0
0.0014563065487891436 0.00762317655608058 0.0
0.0019268301548436284 0.007259910926222801 0.0
0.002637221710756421 0.011905713006854057 0.0
0.001436112099327147 0.007083434145897627 0.0
0.0019238694803789258 0.006762279663234949 0.0
0.0014077801024541259 0.006581116933375597 0.0
0.001924100797623396 0.006262525450438261 0.0
-0.0026388487312942743 -0.011905907653272152 0.0
0.0013990210136398673 0.006079843733459711 0.0
0.0019240897381678224 0.005762533284723759 0.0
0.0013982554664835334 0.005579425487667322 0.0
0.0019240869442000985 0.005262535065412521 0.0
0.001398251624777913 0.005079415161162615 0.0
0.0019240862457081676 0.004762535914778709 0.0
0.002636605640873313 -0.011902658268809319 0.0
0.0013982589589431882 0.004579422529786825 0.0
0.0019240861292928457 0.004262535832822323 0.0
-0.0028790829237550497 -0.011143245734274387 0.0
0.0028786773327738047 0.011142558418214321 0.0
-0.0028822687454521656 0.011132008396089077 0.0
0.00288225244730711 -0.01113200280815363 0.0
0.0013982593081891537 0.004079424310475588 0.0
0.001924086012877524 0.00376253598369658 0.0
-0.002330704824998975 -0.011614159680902958 0.0
-0.002422097371891141 -0.011218387633562088 0.0
-0.0026484630070626736 -0.010804956778883934 0.0
0.0013982593081891537 0.0035794246941804886 0.0
0.001924086012877524 0.0032625359017401934 0.0
0.0023225753102451563 0.011613445356488228 0.0
0.0024213988799601793 0.01121710054576397 0.0
0.002621428808197379 0.010770078748464584 0.0
0.0013982593081891537 0.0030794248450547457 0.0
0.001924086012877524 0.002762535819783807 0.0
-0.0024282606318593025 0.011161869391798973 0.0
-0.002336210338398814 0.011613729409873486 0.0
-0.002618847182020545 0.010763256810605526 0.0
0.0013982593081891537 0.0025794249959290028 0.0
0.001924086012877524 0.002262535970658064 0.0
0.0024280983489006758 -0.01116191502660513 0.0
0.0023361823987215757 -0.011613736860454082 0.0
0.002622719155624509 -0.010766955092549324 0.0
0.0013982593081891537 0.002079424913972616 0.0
0.001924086012877524 0.0017625358887016773 0.0
0.0013982593081891537 0.0015794249484315515 0.0
0.001924086012877524 0.0012625359231606126 0.0
0.003012116067111492 -0.012172025628387928 0.0
0.001602009404450655 0.011942116543650627 0.0
0.0019128747517243028 0.011770795099437237 0.0
0.0033937525004148483 -0.011827381327748299 0.0
0.003551668720319867 -0.012218295596539974 0.0
0.0017329524271190166 0.012641618959605694 0.0
0.001308690756559372 0.012693479657173157 0.0
-0.0016018640017136931 -0.01194249652326107 0.0
-0.001959209330379963 -0.011773351579904556 0.0
-0.003013172186911106 -0.012172737158834934 0.0
-0.0018170159310102463 -0.012641793116927147 0.0
-0.0015912727685645223 0.011929848231375217 0.0
-0.0016526365652680397 0.012300238013267517 0.0
-0.0019128747517243028 0.011770795099437237 0.0
-0.0013744720490649343 0.012603908777236938 0.0
-0.0018137793522328138 0.012640520930290222 0.0
0.0015903018647804856 -0.011935033835470676 0.0
0.0016526365652680397 -0.012300238013267517 0.0
0.0019128747517243028 -0.011770795099437237 0.0
0.0013757391134276986 -0.012605545111000538 0.0
0.0018137737642973661 -0.012640515342354774 0.0
0.0013982593081891537 0.0010794248664751649 0.0
0.001924086012877524 0.0007625358994118869 0.0
0.0013982593081891537 0.0005794249009341002 0.0
0.001924086012877524 0.0002625358756631613 0.0
0.0013982593081891537 7.942489901324734e-05 0.0
0.001924086012877524 -0.00023746411898173392 0.0
0.0013982593081891537 -0.00042057508835569024 0.0
0.001924086012877524 -0.0007374641136266291 0.0
0.0013982593081891537 -0.0009205751121044159 0.0
0.001924086012877524 -0.0012374641373753548 0.0
0.0013982593081891537 -0.0014205750776454806 0.0
0.001924086012877524 -0.0017374641029164195 0.0
-0.0035515709314495325 -0.012218037620186806 0.0
-0.003393912222236395 -0.011827951297163963 0.0
0.0013982593081891537 -0.0019205750431865454 0.0
0.001924086012877524 -0.0022374640684574842 0.0
0.0013982593081891537 -0.002420575125142932 0.0
0.001924086012877524 -0.002737464150413871 0.0
0.0013982593081891537 -0.002920574974268675 0.0
0.0019240861292928457 -0.0032374639995396137 0.0
-0.0019639423117041588 -0.011301511898636818 0.0
-0.002076199045404792 -0.010803227312862873 0.0
-0.002403389662504196 -0.010465281084179878 0.0
0.0013982591917738318 -0.003420574590563774 0.0
0.0019240861292928457 -0.0037374640814960003 0.0
0.0019639423117041588 0.011301511898636818 0.0
0.002114741364493966 0.010860949754714966 0.0
0.00230705295689404 0.010283229872584343 0.0
0.00301270536147058 0.01217268779873848 0.0
-0.001998358638957143 0.011288784444332123 0.0
0.0035515709314495325 0.012218037620186806 0.0
0.0033938174601644278 0.011827916838228703 0.0
0.0020846796687692404 -0.010871751233935356 0.0
0.001964170951396227 -0.011301643215119839 0.0
0.001342822564765811 0.012292829342186451 0.0
0.0013982587261125445 -0.003920573275536299 0.0
0.0019240864785388112 -0.0042374636977910995 0.0
0.001398255117237568 -0.0044205691665410995 0.0
0.001924087991937995 -0.004737462382763624 0.0
0.0011503413552418351 0.011783759109675884 0.0
0.0016109423013404012 0.01155085302889347 0.0
-0.0011545682791620493 -0.011895530857145786 0.0
-0.00154692935757339 -0.01155658345669508 0.0
0.001398235559463501 -0.0049205562099814415 0.0
0.0019240948604419827 -0.005237457808107138 0.0
-0.0016159865772351623 0.01148594357073307 0.0
-0.0011531090131029487 0.011645171791315079 0.0
0.0016166704008355737 -0.011491695418953896 0.0
0.001398146734572947 -0.00542055256664753 0.0
0.0019241254776716232 -0.005737438797950745 0.0
0.0040044281631708145 0.012423031032085419 0.0
0.00369622022844851 0.012675303034484386 0.0
0.004434898961335421 0.012660120613873005 0.0
0.0005988497287034988 0.010639405809342861 0.0
-0.0001069384379661642 -0.009518138132989407 0.0
0.00040261130197905004 -0.009463815949857235 0.0
-2.0780913473572582e-05 -0.00905634742230177 0.0
-0.0040044281631708145 -0.012423031963407993 0.0
-0.00369622022844851 -0.012675303034484386 0.0
-0.0008541746065020561 -0.008994451723992825 0.0
-0.0009129626560024917 -0.009506200440227985 0.0
-0.0005024285637773573 -0.009229576215147972 0.0
-0.0006639918428845704 0.010764014907181263 0.0
-0.0004703461891040206 0.010352538898587227 0.0
0.0013978512724861503 -0.005920919124037027 0.0
0.001924253418110311 -0.006237369496375322 0.0
0.001397690619342029 -0.006425251252949238 0.0
0.0019246845040470362 -0.006737180519849062 0.0
0.0014093129429966211 -0.0069418856874108315 0.0
0.0019250311888754368 -0.007237309589982033 0.0
0.0014257680159062147 -0.0074658687226474285 0.0
0.0019168735016137362 -0.007741374429315329 0.0
-0.004434898961335421 -0.012660120613873005 0.0
-0.003696280997246504 0.012675398960709572 0.0
-0.004004455171525478 0.012423092499375343 0.0
5.7135355746140704e-05 0.011923713609576225 0.0
-0.00039052002830430865 0.011947862803936005 0.0
-0.00016210874309763312 0.011563736945390701 0.0
0.0014187073102220893 -0.008006727322936058 0.0
0.0019033943535760045 -0.008313646540045738 0.0
-0.00023449202126357704 0.01232499536126852 0.0
-0.0005514859803952277 -0.009589520283043385 0.0
-0.0007581586833111942 -0.009986905381083488 0.0
-0.0011147598270326853 -0.008720791898667812 0.0
-0.0009371215128339827 -0.008245198056101799 0.0
-0.0013991951709613204 -0.008395588956773281 0.0
0.0015749124577268958 0.011029885150492191 0.0
0.0017707475926727057 0.010535540990531445 0.0
-0.0005682287737727165 -0.008712801150977612 0.0
-0.001603182521648705 0.010959995910525322 0.0
-0.004434903617948294 0.012660130858421326 0.0
-0.0016866838559508324 -0.008800177834928036 0.0
0.0016774095129221678 -0.011009733192622662 0.0
0.0017550729680806398 -0.010496602393686771 0.0
0.0004192264750599861 0.011916876770555973 0.0
0.000268840289209038 0.012247697450220585 0.0
0.0003432263038121164 0.011543571949005127 0.0
0.003696280997246504 -0.012675398960709572 0.0
0.004004455171525478 -0.012423092499375343 0.0
0.004434903617948294 -0.012660130858421326 0.0
0.001305911224335432 -0.010336068458855152 0.0
0.0011545018060132861 -0.009937858209013939 0.0
0.0009383593569509685 -0.01025970559567213 0.0
0.0015906490152701735 -0.009944367222487926 0.0
-0.0008618297870270908 0.011183541268110275 0.0
-0.0004407787637319416 0.011186126619577408 0.0
-0.00024619328905828297 0.010779337957501411 0.0
0.0006999120814725757 0.010257022455334663 0.0
0.0005078641697764397 0.009968078695237637 0.0
2.3350810351985274e-06 0.01115834154188633 0.0
0.00045769265852868557 0.01107539888471365 0.0
-0.0006312483455985785 0.01162409596145153 0.0
0.0013961520744487643 0.010192867368459702 0.0
0.001405885792337358 0.010698644444346428 0.0
0.001040482660755515 0.010436316020786762 0.0
0.0012124457862228155 -0.009622441604733467 0.0
0.001235187635757029 -0.009274903684854507 0.0
0.0008609567885287106 -0.009368103928864002 0.0
0.0010332136880606413 -0.008966091088950634 0.0
0.0008029740420170128 0.011402547359466553 0.0
0.0009860772406682372 0.010935707949101925 0.0
0.001543009770102799 0.00985211506485939 0.0
0.0018257407937198877 0.010147671215236187 0.0
-0.0019415973220020533 -0.00914272665977478 0.0
-0.0021810790058225393 -0.00886031985282898 0.0
-0.0022951241116970778 -0.009261143393814564 0.0
-0.0005506083834916353 -0.0077552334405481815 0.0
-7.974232971719175e-07 -0.007537906523793936 0.0
-0.0004725090111605823 -0.00719520915299654 0.0
0.0005294028087519109 -0.010875845327973366 0.0
0.00027311936719343066 -0.01118292286992073 0.0
-1.8426768292556517e-05 -0.006971657741814852 0.0
-0.0004975649644620717 -0.00669899582862854 0.0
0.00045199834858067334 -0.011578275822103024 0.0
-2.5514447770547122e-05 -0.006483762059360743 0.0
-0.0004973486065864563 -0.006202179938554764 0.0
-0.0011020404053851962 -0.01135325524955988 0.0
-0.0007846370572224259 -0.01168663427233696 0.0
-0.0006112591363489628 -0.011293630115687847 0.0
-3.0955134207033552e-06 -0.005997797939926386 0.0
-0.0004973410395905375 -0.005702704191207886 0.0
-3.8391064549614384e-07 -0.005499699153006077 0.0
-0.000497347442433238 -0.005202725995332003 0.0
-5.804993270430714e-05 -0.011336671188473701 0.0
-0.00032808692776598036 -0.010833740234375 0.0
-4.5655038860559216e-08 -0.004999957978725433 0.0
-0.0004973484901711345 -0.004702730569988489 0.0
0.0001460379862692207 -0.010826336219906807 0.0
-5.212500653328789e-09 -0.0044999937526881695 0.0
-0.0004973486647941172 -0.004202731419354677 0.0
0.00023643365420866758 -0.009924902580678463 0.0
-3.246684354962781e-05 -0.010329527780413628 0.0
0.0004923094529658556 -0.010399313643574715 0.0
-5.522508561561779e-10 -0.003999998793005943 0.0
-0.0004973486647941172 -0.003702731803059578 0.0
-0.0002830300945788622 -0.009947816841304302 0.0
-4.90111805306892e-11 -0.003499999875202775 0.0
-0.0004973486647941172 -0.0032027317211031914 0.0
-0.002133837202563882 0.00954329501837492 0.0
-0.0022134764585644007 0.009227277711033821 0.0
-0.0018417666433379054 0.009307576343417168 0.0
-2.2088522417390566e-12 -0.003000000026077032 0.0
-0.0004973486647941172 -0.0027027318719774485 0.0
4.3594658048415336e-13 -0.0024999999441206455 0.0
-0.0004973486647941172 -0.002202731790021062 0.0
-0.002395239658653736 -0.010097675025463104 0.0
9.866395894730928e-13 -0.0020000000949949026 0.0
-0.0004973486647941172 -0.0017027318244799972 0.0
8.66623057495762e-14 -0.001500000013038516 0.0
-0.0004973486647941172 -0.0012027317425236106 0.0
-0.0004918889026157558 -0.010356247425079346 0.0
1.4291139886074555e-14 -0.0010000000474974513 0.0
-0.0004973486647941172 -0.0007027317769825459 0.0
1.5872719805187785e-16 -0.0005000000237487257 0.0
-0.0004973486647941172 -0.00020273176778573543 0.0
-4.187514050790764e-15 -6.187794637709529e-15 0.0
-0.0004973486647941172 0.000297268241411075 0.0
-3.82595973132116e-14 0.0005000000237487257 0.0
-0.0004973486647941172 0.0007972682360559702 0.0
0.002068360336124897 -0.009636088274419308 0.0
0.0020182773005217314 -0.010072448290884495 0.0
0.0 0.0010000000474974513 0.0
-0.0004973486647941172 0.001297268201597035 0.0
-6.885957732835624e-13 0.001500000013038516 0.0
-0.0004973486647941172 0.0017972682835534215 0.0
-0.0004484083328861743 -0.008246686309576035 0.0
-9.356856652334433e-13 0.0020000000949949026 0.0
-0.0004973487230017781 0.0022972682490944862 0.0
-9.992771811084822e-05 -0.008496558293700218 0.0
-1.3587511107568395e-12 0.0024999999441206455 0.0
-0.0004973487230017781 0.002797268098220229 0.0
0.0019975975155830383 0.009835511445999146 0.0
0.0023616442922502756 0.009793620556592941 0.0
2.418052390262826e-11 0.0029999997932463884 0.0
-0.0004973487230017781 0.0032972677145153284 0.0
3.9826200670667333e-10 0.0034999994095414877 0.0
-0.0004973481991328299 0.003797265700995922 0.0
0.001381595153361559 -0.010740179568529129 0.0
4.30869473433404e-09 0.003999995533376932 0.0
-0.0004973402246832848 0.004297251347452402 0.0
0.0009612245485186577 -0.010718251578509808 0.0
4.0550979463205294e-08 0.004499966744333506 0.0
-0.0004972568131051958 0.004797146189957857 0.0
-0.0003114165738224983 -0.012585269287228584 0.0
0.00020217323617544025 -0.012706686742603779 0.0
0.00021636998280882835 -0.012312673963606358 0.0
3.574112383830652e-07 0.004999745637178421 0.0
-0.0004964909167028964 0.005296327639371157 0.0
3.040968522327603e-06 0.005498137790709734 0.0
-0.00043951263069175184 0.005791351664811373 0.0
0.00012286161654628813 0.012637455947697163 0.0
0.0004990326124243438 0.012535842135548592 0.0
2.553772173996549e-05 0.005985702853649855 0.0
-0.0004343354667071253 0.006238227244466543 0.0
1.911494655360002e-05 0.00647825188934803 0.0
-0.0004672292561735958 0.006698900368064642 0.0
-0.0009357307571917772 0.008172411471605301 0.0
-0.0005031985929235816 0.008105553686618805 0.0
-0.0006747777806594968 0.008581076748669147 0.0
9.977809895644896e-06 0.007006358355283737 0.0
-0.000542982597835362 0.007235620636492968 0.0
-0.000152068430907093 0.008381841704249382 0.0
0.0005452488549053669 -0.007611249107867479 0.0
-0.000892863841727376 0.007731643505394459 0.0
0.000756214780267328 0.012162445113062859 0.0
0.0009047837811522186 0.012609257362782955 0.0
-0.002144677098840475 -0.008479864336550236 0.0
-0.0012431546347215772 -0.009176534600555897 0.0
-0.0012974211713299155 -0.009597050957381725 0.0
-0.0023283560294657946 -0.00966873299330473 0.0
-0.0019801717717200518 -0.009509271010756493 0.0
0.000508078490383923 0.007280209567397833 0.0
0.0004977420321665704 0.006705339998006821 0.0
0.0004969322471879423 0.006202701013535261 0.0
-0.0005331311258487403 0.009577575139701366 0.0
-0.0005899895331822336 0.009066476486623287 0.0
-0.0002117514086421579 0.009294123388826847 0.0
0.0004973047762177885 0.005702679511159658 0.0
-0.00024043823941610754 0.008844519034028053 0.0
0.0004973420291207731 0.005202718544751406 0.0
0.0013411161489784718 -0.008560104295611382 0.0
0.001033228705637157 -0.008203687146306038 0.0
0.0008087281021289527 -0.008601497858762741 0.0
0.0004973476752638817 0.004702728241682053 0.0
0.000599376333411783 -0.008128076791763306 0.0
0.0004973485483787954 0.00420273095369339 0.0
0.00048156545381061733 0.008957868441939354 0.0
8.36038016132079e-05 0.009061994962394238 0.0
0.0001899514754768461 0.00863337330520153 0.0
0.0004973486647941172 0.0037027315702289343 0.0
0.0004973486647941172 0.0032027317211031914 0.0
0.0004973486647941172 0.0027027318719774485 0.0
0.0004973486647941172 0.002202731790021062 0.0
-0.002015531063079834 -0.010299497283995152 0.0
0.0004973486647941172 0.0017027318244799972 0.0
0.0004973486647941172 0.0012027317425236106 0.0
0.0004973486647941172 0.0007027317769825459 0.0
-0.0020148693583905697 -0.009931648150086403 0.0
0.0004973486647941172 0.00020273176778573543 0.0
0.0004973486647941172 -0.000297268241411075 0.0
-0.0004019040206912905 0.00768976379185915 0.0
-2.0968582248315215e-05 0.007467431947588921 0.0
-3.671340527944267e-05 0.007956340909004211 0.0
0.0004973486647941172 -0.0007972682360559702 0.0
0.00031233756453730166 0.007739667315036058 0.0
0.0004973486647941172 -0.001297268201597035 0.0
0.0004973486647941172 -0.0017972682835534215 0.0
0.0004973486647941172 -0.0022972682490944862 0.0
0.0004973487230017781 -0.002797268098220229 0.0
0.0004973487230017781 -0.0032972681801766157 0.0
0.000497348781209439 -0.0037972675636410713 0.0
0.0004973481991328299 -0.004297264385968447 0.0
0.0004973395261913538 -0.004797245375812054 0.0
0.000616069883108139 0.008457236923277378 0.0
0.00029155611991882324 0.008168244734406471 0.0
0.0004972515744157135 -0.005297115072607994 0.0
0.000496462220326066 -0.00579617265611887 0.0
0.0004897873150184751 -0.006289108656346798 0.0
0.0008970540366135538 -0.006616767030209303 0.0
0.000962213147431612 -0.007180779241025448 0.0
0.0004611666954588145 -0.00679106917232275 0.0
-0.000294492463581264 0.012722266837954521 0.0
0.0004618868697434664 -0.00720433983951807 0.0
-0.0012157820165157318 0.008564167656004429 0.0
-0.0016308173071593046 0.00854292418807745 0.0
0.002757123438641429 -0.012609565630555153 0.0
-0.0020344776567071676 0.008841844275593758 0.0
0.001788437832146883 0.00888847652822733 0.0
0.00137589150108397 0.008580950088799 0.0
-0.002757125301286578 0.012609566561877728 0.0
0.00035732463584281504 -0.00863072369247675 0.0
0.001769018592312932 -0.008825425058603287 0.0
0.0027594822458922863 0.012609466910362244 0.0
-0.0027596675790846348 -0.01260947622358799 0.0
0.000820094661321491 -0.011878935620188713 0.0
0.001693525817245245 -0.009346009232103825 0.0
0.0021612937562167645 -0.0091358358040452 0.0
0.00122424669098109 0.009541522711515427 0.0
0.0007716990658082068 0.009655076079070568 0.0
0.0008273555431514978 0.009268704801797867 0.0
0.0013142101233825088 0.009131863713264465 0.0
0.0010348041541874409 0.009982360526919365 0.0
-0.0016012487467378378 -0.010148439556360245 0.0
0.0009109125239774585 0.008805222809314728 0.0
0.001002674107439816 0.008337709121406078 0.0
0.0016669253818690777 0.007929597049951553 0.0
0.0013740391004830599 0.008104671724140644 0.0
0.0005333159933798015 -0.008999167010188103 0.0
-0.0011839151848107576 -0.009969363920390606 0.0
0.0010080058127641678 -0.007702818140387535 0.0
-0.001736552338115871 0.009864243678748608 0.0
-0.0009491601376794279 0.00947254803031683 0.0
-0.0010510202264413238 0.009033659473061562 0.0
0.000819759676232934 0.00784100592136383 0.0
0.0004784502962138504 -0.011983342468738556 0.0
0.0007318921270780265 -0.012256767600774765 0.0
0.0021804103162139654 0.00875161960721016 0.0
-0.0015390028711408377 0.008967433124780655 0.0
-0.0013932529836893082 0.009401364251971245 0.0
-0.0008700166363269091 0.006398307159543037 0.0
-0.0009294598712585866 0.006881189066916704 0.0
-0.0009084695484489202 0.00510998023673892 0.0
-0.0008858184446580708 0.005620402749627829 0.0
0.0002614994009491056 0.009520675987005234 0.0
-0.000851919234264642 0.010014072060585022 0.0
-0.001242015976458788 0.009762723930180073 0.0
0.0009083697223104537 -0.006105287000536919 0.0
-0.001626787823624909 -0.009327190928161144 0.0
0.0009315592469647527 0.006895881611853838 0.0
0.0009109443053603172 0.006393901538103819 0.0
0.0006059127626940608 -0.012635488994419575 0.0
0.000910030968952924 0.005892682354897261 0.0
-0.0009098725276999176 0.004607740323990583 0.0
-0.000910082773771137 0.004107395652681589 0.0
-0.000939840218052268 -0.007387806661427021 0.0
-0.0009061793680302799 -0.00688935536891222 0.0
0.0009101012255996466 0.005392644088715315 0.0
-0.0009101133910007775 0.0036073431838303804 0.0
-0.0009101176401600242 0.0031073351856321096 0.0
-0.0009101181640289724 0.0026073341723531485 0.0
-0.0009101182222366333 0.0021073338575661182 0.0
-0.0009101182804442942 0.0016073338920250535 0.0
-0.0009101182804442942 0.0011073339264839888 0.0
-0.0009101182804442942 0.0006073339027352631 0.0
-0.0009101182804442942 -0.0018926660995930433 0.0
-0.0009101182804442942 -0.0013926661340519786 0.0
-0.0009101182804442942 -0.0008926661103032529 0.0
-0.0009101182804442942 -0.0003926660865545273 0.0
-0.0009101182804442942 0.00010733390809036791 0.0
0.0009101182804442942 0.0013926661340519786 0.0
0.0009101182804442942 0.0008926661103032529 0.0
0.0009101182804442942 0.0003926660865545273 0.0
0.0009101182804442942 -0.00010733390809036791 0.0
0.0009101182804442942 -0.0006073339027352631 0.0
0.001763148931786418 0.009413249790668488 0.0
0.0009101182804442942 -0.0011073339264839888 0.0
0.0009101182804442942 -0.0016073338920250535 0.0
0.0009101182804442942 0.0018926660995930433 0.0
-0.0009101182804442942 -0.00239266618154943 0.0
0.0009101182804442942 -0.0021073338575661182 0.0
0.0009101182804442942 0.00239266618154943 0.0
-0.0009101182804442942 -0.002892666030675173 0.0
0.0009101182804442942 -0.002607333939522505 0.0
0.0009101182804442942 0.002892666030675173 0.0
-0.0009101182804442942 -0.0033926661126315594 0.0
-0.00327483587898314 0.01264526043087244 0.0
0.0009101182804442942 -0.0031073337886482477 0.0
0.0009101182804442942 0.0033926661126315594 0.0
-0.0009101182804442942 -0.0038926659617573023 0.0
0.0032748356461524963 -0.01264526043087244 0.0
0.0009101183386519551 -0.003607333404943347 0.0
0.0009101182804442942 0.0038926657289266586 0.0
-0.0009101183386519551 -0.004392665345221758 0.0
0.0009101181058213115 -0.004107331391423941 0.0
0.0009101182222366333 0.004392664413899183 0.0
-0.000910118396859616 -0.004892663564532995 0.0
0.0009101169998757541 0.004892660304903984 0.0
0.0032748179510235786 0.012645099312067032 0.0
-0.0032748179510235786 -0.012645100243389606 0.0
0.000910114380531013 -0.004607321694493294 0.0
0.0022593578323721886 0.01265676412731409 0.0
-0.0022593524772673845 -0.01265677995979786 0.0
-0.002258532214909792 0.012656433507800102 0.0
0.002258527558296919 -0.012656430713832378 0.0
-0.001212896080687642 0.012160832062363625 0.0
-0.0009101210744120181 -0.005392645951360464 0.0
0.0012246216647326946 -0.012172502465546131 0.0
0.0009100816678255796 -0.005107268691062927 0.0
0.0009098465670831501 -0.005606974475085735 0.0
-0.0009101849282160401 -0.005892373155802488 0.0
-0.0009107299265451729 -0.0063907611183822155 0.0
0.0021742882672697306 0.009137580171227455 0.0
-0.0010383514454588294 -0.00787515938282013 0.0
0.0010066876420751214 0.007391360122710466 0.0
0.0009850412607192993 -0.012536806054413319 0.0
0.0011720503680408 0.011325987987220287 0.0
0.0021716717164963484 -0.008749056607484818 0.0
-0.0007229211623780429 0.012254133820533752 0.0
-0.0006231144070625305 0.01263927947729826 0.0
-0.0009867806220427155 0.012534279376268387 0.0
-0.0008854299667291343 0.011916382238268852 0.0
-0.0012730995658785105 0.011215556412935257 0.0
6.156387826194987e-05 -0.011854026466608047 0.0
-0.0002539858396630734 -0.012167136184871197 0.0
-0.0003818460099864751 -0.011751561425626278 0.0
-0.0007820086902938783 0.00601187814027071 0.0
-0.0010189523454755545 0.007326737977564335 0.0
-0.0006734715425409377 -0.012139196507632732 0.0
0.0021849889308214188 0.009523183107376099 0.0
0.0014199772849678993 -0.008992769755423069 0.0
0.000739853538107127 -0.009863406419754028 0.0
-1.018792772811139e-05 0.010039464570581913 0.0
-0.0016116984188556671 -0.009737384505569935 0.0
0.0007084563840180635 0.01175085548311472 0.0
-0.00016857469745445997 0.009682255797088146 0.0
-0.0004273915255907923 0.009935973212122917 0.0
CELLS 1400 5600
3 127 126 7
3 99 6 100
3 128 126 127
3 128 125 126
3 98 100 101
3 98 99 100
3 129 125 128
3 129 124 125
3 97 101 102
3 97 98 101
3 96 102 103
3 96 97 102
3 130 124 129
3 130 123 124
3 188 189 190
3 95 96 103
3 131 123 130
3 191 192 193
3 189 194 190
3 195 196 197
3 195 198 196
3 199 138 200
3 201 202 203
3 204 50 205
3 202 206 203
3 199 207 208
3 209 210 211
3 210 173 211
3 212 213 210
3 213 172 210
3 214 215 213
3 14 15 184
3 14 184 185
3 14 185 13
3 215 171 213
3 216 217 215
3 217 170 215
3 218 219 217
3 219 169 217
3 220 221 219
3 221 168 219
3 222 223 221
3 223 167 221
3 224 225 223
3 15 183 184
3 13 185 186
3 13 186 12
3 225 166 223
3 226 227 225
3 227 165 225
3 228 229 227
3 207 230 208
3 229 164 227
3 231 232 233
3 36 37 41
3 36 41 42
3 36 42 35
3 234 235 229
3 232 236 233
3 235 163 229
3 237 231 233
3 188 190 23
3 37 38 40
3 37 40 41
3 238 239 235
3 240 241 242
3 239 162 235
3 243 242 244
3 245 246 239
3 243 240 242
3 246 161 239
3 38 1 39
3 38 39 40
3 247 248 246
3 248 160 246
3 249 250 248
3 250 159 248
3 251 252 250
3 12 186 187
3 12 187 0
3 252 158 250
3 253 254 252
3 254 157 252
3 255 256 254
3 256 156 254
3 257 258 256
3 258 155 256
3 259 260 258
3 260 154 258
3 261 262 260
3 262 153 260
3 263 264 265
3 266 267 262
3 268 269 270
3 267 152 262
3 271 272 240
3 273 274 267
3 275 276 277
3 274 151 267
3 278 279 274
3 279 150 274
3 280 281 279
3 281 149 279
3 282 283 281
3 284 285 286
3 283 148 281
3 287 288 289
3 290 291 283
3 292 293 294
3 291 147 283
3 295 296 297
3 298 299 291
3 299 146 291
3 300 301 299
3 301 145 299
3 302 303 301
3 303 144 301
3 304 305 303
3 305 143 303
3 306 307 305
3 307 142 305
3 308 309 307
3 309 141 307
3 310 311 312
3 313 85 314
3 315 316 313
3 316 84 313
3 35 42 43
3 286 285 317
3 318 319 316
3 319 83 316
3 320 321 319
3 289 288 322
3 321 82 319
3 323 324 321
3 324 81 321
3 241 293 292
3 325 326 324
3 326 80 324
3 327 328 326
3 329 296 295
3 328 79 326
3 330 331 328
3 331 78 328
3 332 265 264
3 333 270 269
3 272 271 334
3 276 275 335
3 336 337 331
3 264 338 339
3 337 77 331
3 340 178 332
3 341 342 337
3 269 343 344
3 342 76 337
3 345 90 333
3 346 347 342
3 348 349 272
3 347 75 342
3 334 136 350
3 351 352 347
3 353 354 276
3 352 74 347
3 335 48 355
3 356 357 352
3 357 73 352
3 358 359 357
3 359 72 357
3 277 329 360
3 361 362 284
3 363 360 364
3 365 110 366
3 363 277 360
3 367 368 287
3 369 322 263
3 370 22 190
3 294 371 372
3 294 373 371
3 374 375 372
3 374 116 375
3 297 376 377
3 297 378 376
3 379 380 377
3 379 28 380
3 381 382 359
3 382 71 359
3 383 384 382
3 384 70 382
3 385 386 384
3 386 69 384
3 387 388 386
3 388 68 386
3 389 390 388
3 390 67 388
3 391 392 390
3 392 66 390
3 284 362 285
3 362 343 285
3 393 369 394
3 287 368 288
3 368 338 288
3 369 263 394
3 293 373 294
3 293 349 373
3 372 375 294
3 296 378 297
3 296 354 378
3 377 380 297
3 395 396 392
3 396 65 392
3 397 398 396
3 398 64 396
3 399 400 398
3 339 401 402
3 400 63 398
3 403 177 340
3 404 405 400
3 344 406 407
3 405 62 400
3 408 89 345
3 409 317 268
3 208 410 348
3 411 409 412
3 350 137 199
3 409 268 412
3 413 414 353
3 415 361 284
3 355 49 204
3 284 365 415
3 415 365 366
3 355 413 353
3 413 355 204
3 416 417 405
3 417 61 405
3 418 419 417
3 419 60 417
3 415 420 361
3 420 421 361
3 194 422 367
3 422 423 367
3 424 425 419
3 371 426 427
3 425 59 419
3 376 428 206
3 338 401 339
3 338 368 401
3 429 430 425
3 343 406 344
3 343 362 406
3 430 58 425
3 348 410 349
3 410 373 349
3 431 105 432
3 353 414 354
3 414 378 354
3 431 433 105
3 310 434 311
3 104 105 433
3 361 421 362
3 421 406 362
3 435 436 437
3 438 17 439
3 440 441 442
3 367 423 368
3 423 401 368
3 443 195 444
3 373 426 371
3 373 410 426
3 445 446 430
3 446 57 430
3 447 448 446
3 378 428 376
3 378 414 428
3 448 56 446
3 449 450 448
3 450 55 448
3 451 452 450
3 452 54 450
3 438 453 17
3 16 17 453
3 454 121 455
3 443 198 195
3 422 194 189
3 456 457 458
3 459 460 452
3 456 461 457
3 460 53 452
3 462 441 463
3 402 401 236
3 401 423 236
3 442 441 462
3 464 465 466
3 407 406 467
3 406 421 467
3 407 468 408
3 464 469 465
3 470 410 208
3 470 426 410
3 121 471 455
3 211 472 466
3 473 414 413
3 473 428 414
3 204 474 413
3 456 475 476
3 456 477 475
3 471 121 122
3 478 33 479
3 33 480 479
3 480 33 34
3 481 482 483
3 481 484 482
3 485 443 486
3 232 402 236
3 468 407 467
3 470 208 230
3 473 413 474
3 443 487 486
3 488 310 489
3 488 434 310
3 490 311 491
3 311 434 491
3 458 486 490
3 458 492 486
3 493 494 495
3 493 468 494
3 496 497 498
3 497 499 498
3 500 491 501
3 491 434 501
3 502 503 493
3 503 468 493
3 504 505 506
3 505 174 506
3 507 508 509
3 510 511 201
3 509 512 513
3 511 514 201
3 513 515 516
3 517 518 519
3 516 520 521
3 517 422 518
3 521 522 523
3 524 525 519
3 523 526 527
3 524 528 525
3 527 529 530
3 531 532 533
3 530 534 535
3 531 536 532
3 535 537 538
3 539 540 541
3 538 542 543
3 539 139 540
3 543 544 545
3 403 546 177
3 545 547 548
3 546 176 177
3 548 549 550
3 525 532 551
3 550 552 553
3 528 532 525
3 553 554 555
3 350 208 348
3 555 556 557
3 208 350 199
3 557 558 559
3 560 561 205
3 559 562 563
3 560 484 561
3 563 564 565
3 469 566 465
3 565 567 568
3 469 569 566
3 568 570 571
3 572 573 408
3 571 574 575
3 573 88 408
3 575 576 577
3 473 578 203
3 577 579 580
3 578 581 203
3 580 582 583
3 584 585 586
3 583 587 588
3 584 25 585
3 588 589 590
3 112 591 592
3 590 593 594
3 112 113 591
3 594 595 596
3 597 598 599
3 596 600 601
3 598 602 599
3 508 191 603
3 308 604 597
3 605 415 606
3 173 607 211
3 173 10 607
3 469 440 442
3 441 608 609
3 506 610 611
3 612 600 613
3 506 175 610
3 613 595 614
3 615 616 617
3 614 593 618
3 616 619 617
3 618 589 620
3 621 622 623
3 620 587 624
3 622 625 623
3 624 582 626
3 627 628 629
3 626 579 630
3 628 619 629
3 630 576 631
3 592 591 476
3 631 574 632
3 591 461 476
3 632 570 633
3 402 634 403
3 633 567 635
3 402 232 634
3 635 564 636
3 634 546 403
3 636 562 637
3 634 638 546
3 637 558 639
3 420 415 605
3 639 556 640
3 641 642 643
3 640 554 644
3 645 643 642
3 644 552 646
3 641 601 642
3 646 549 647
3 194 367 287
3 647 547 648
3 287 370 194
3 648 544 649
3 194 370 190
3 649 542 650
3 435 442 462
3 650 537 651
3 442 435 437
3 651 534 652
3 536 435 462
3 652 529 653
3 654 629 655
3 653 526 656
3 655 602 643
3 656 522 657
3 655 629 602
3 657 520 658
3 449 659 660
3 658 515 661
3 113 662 591
3 661 512 663
3 591 662 461
3 663 508 603
3 660 659 661
3 661 663 660
3 664 665 308
3 664 597 599
3 360 295 666
3 667 9 309
3 314 668 669
3 360 329 295
3 242 292 670
3 625 671 623
3 621 672 460
3 242 241 292
3 673 286 409
3 212 210 209
3 465 209 466
3 209 211 466
3 286 317 409
3 674 289 369
3 214 213 212
3 289 322 369
3 216 215 214
3 622 621 459
3 218 217 216
3 423 517 236
3 422 517 423
3 220 219 218
3 202 675 206
3 676 560 677
3 222 221 220
3 677 560 51
3 202 201 514
3 224 223 222
3 678 679 680
3 226 225 224
3 546 610 176
3 678 680 681
3 228 227 226
3 638 610 546
3 234 229 228
3 682 679 678
3 634 683 638
3 669 684 685
3 238 235 234
3 232 683 634
3 245 239 238
3 313 314 686
3 247 246 245
3 685 684 654
3 687 315 686
3 249 248 247
3 686 314 687
3 415 366 606
3 251 250 249
3 686 315 313
3 253 252 251
3 606 366 111
3 688 498 499
3 436 498 688
3 255 254 253
3 237 551 231
3 257 256 255
3 551 463 231
3 259 258 257
3 231 463 689
3 690 660 603
3 451 660 690
3 261 260 259
3 663 603 660
3 266 262 261
3 473 203 428
3 273 267 266
3 428 203 206
3 508 192 191
3 278 274 273
3 507 192 508
3 622 690 625
3 280 279 278
3 459 690 622
3 207 199 200
3 282 281 280
3 207 691 230
3 290 283 282
3 603 625 690
3 231 683 232
3 298 291 290
3 200 691 207
3 300 299 298
3 689 683 231
3 625 603 191
3 302 301 300
3 191 193 625
3 616 692 693
3 304 303 302
3 615 692 616
3 306 305 304
3 584 188 24
3 308 306 604
3 24 188 23
3 308 307 306
3 664 308 597
3 665 309 308
3 315 687 694
3 606 112 592
3 111 112 606
3 675 695 696
3 202 514 675
3 687 314 669
3 514 695 675
3 318 316 315
3 668 314 697
3 320 319 318
3 698 541 667
3 699 541 698
3 323 321 320
3 697 314 4
3 596 595 600
3 325 324 323
3 561 204 205
3 327 326 325
3 613 600 595
3 561 484 474
3 330 328 327
3 474 204 561
3 302 700 701
3 336 331 330
3 701 700 596
3 341 337 336
3 663 512 508
3 236 517 233
3 509 508 512
3 346 342 341
3 702 703 298
3 351 347 346
3 233 517 237
3 356 352 351
3 588 703 702
3 704 617 628
3 358 357 356
3 628 617 619
3 705 197 706
3 381 359 358
3 628 627 704
3 383 382 381
3 487 312 311
3 385 384 383
3 311 490 487
3 387 386 385
3 706 197 691
3 389 388 387
3 707 659 447
3 391 390 389
3 658 659 707
3 395 392 391
3 612 642 600
3 609 608 708
3 397 396 395
3 440 608 441
3 399 398 397
3 690 459 451
3 664 698 665
3 404 400 399
3 709 710 320
3 613 710 709
3 416 405 404
3 559 558 562
3 637 562 558
3 418 417 416
3 555 554 556
3 424 419 418
3 640 556 554
3 557 556 558
3 429 425 424
3 639 558 556
3 553 552 554
3 445 430 429
3 644 554 552
3 447 446 445
3 550 549 552
3 646 552 549
3 449 448 447
3 636 564 562
3 451 450 449
3 563 562 564
3 548 547 549
3 459 452 451
3 647 549 547
3 660 451 449
3 621 460 459
3 684 669 681
3 669 668 681
3 627 654 684
3 635 567 564
3 627 629 654
3 565 564 567
3 499 621 623
3 545 544 547
3 599 602 619
3 648 547 544
3 602 629 619
3 437 569 469
3 437 671 569
3 633 570 567
3 26 711 585
3 585 711 586
3 464 466 472
3 568 567 570
3 585 25 26
3 543 542 544
3 649 544 542
3 632 574 570
3 571 570 574
3 538 537 542
3 650 542 537
3 631 576 574
3 575 574 576
3 535 534 537
3 651 537 534
3 630 579 576
3 577 576 579
3 530 529 534
3 652 534 529
3 626 582 579
3 580 579 582
3 527 526 529
3 653 529 526
3 710 712 323
3 614 712 710
3 713 702 290
3 583 702 713
3 624 587 582
3 412 93 411
3 583 582 587
3 92 93 412
3 523 522 526
3 656 526 522
3 394 181 393
3 180 181 394
3 714 713 282
3 580 713 714
3 244 133 243
3 243 133 134
3 214 715 716
3 716 715 509
3 364 45 363
3 363 45 46
3 344 407 345
3 408 345 407
3 712 717 325
3 339 402 340
3 618 717 712
3 403 340 402
3 272 241 240
3 272 349 241
3 718 714 280
3 349 293 241
3 276 329 277
3 479 44 45
3 276 354 329
3 354 296 329
3 268 317 269
3 455 132 133
3 577 714 718
3 317 343 269
3 719 718 278
3 181 182 438
3 317 285 343
3 93 94 431
3 263 322 264
3 322 338 264
3 575 718 719
3 720 719 273
3 322 288 338
3 571 719 720
3 721 720 266
3 568 720 721
3 722 721 261
3 565 721 722
3 723 722 259
3 563 722 723
3 724 723 257
3 559 723 724
3 725 726 247
3 548 726 725
3 726 727 249
3 550 727 726
3 727 728 251
3 553 728 727
3 728 729 253
3 480 43 44
3 555 729 728
3 729 724 255
3 557 724 729
3 471 131 132
3 730 731 381
3 636 731 730
3 270 412 268
3 182 183 453
3 731 732 383
3 94 95 433
3 637 732 731
3 412 270 92
3 732 733 385
3 693 664 599
3 91 92 270
3 265 394 263
3 437 688 671
3 394 265 180
3 179 180 265
3 240 243 271
3 639 733 732
3 134 271 243
3 271 134 135
3 681 680 684
3 680 627 684
3 277 363 275
3 46 275 363
3 623 688 499
3 733 734 387
3 640 734 733
3 681 668 735
3 734 736 389
3 644 736 734
3 736 737 391
3 275 46 47
3 646 737 736
3 738 730 358
3 635 730 738
3 739 725 245
3 545 725 739
3 680 704 627
3 737 740 395
3 647 740 737
3 741 738 356
3 633 738 741
3 742 739 238
3 543 739 742
3 740 743 397
3 648 743 740
3 744 741 351
3 688 437 436
3 632 741 744
3 745 742 234
3 670 746 242
3 538 742 745
3 743 747 399
3 119 746 670
3 119 120 746
3 649 747 743
3 748 744 346
3 631 744 748
3 749 745 228
3 666 750 360
3 31 750 666
3 535 745 749
3 140 9 667
3 747 751 404
3 650 751 747
3 752 748 341
3 630 748 752
3 753 749 226
3 530 749 753
3 751 754 416
3 651 754 751
3 431 94 433
3 755 752 336
3 438 182 453
3 626 752 755
3 471 132 455
3 756 753 224
3 480 44 479
3 527 753 756
3 757 755 330
3 31 32 750
3 409 758 673
3 624 755 757
3 673 758 107
3 758 106 107
3 369 759 674
3 754 760 418
3 674 759 19
3 759 18 19
3 761 284 286
3 284 761 365
3 105 106 432
3 109 365 761
3 762 287 289
3 411 93 431
3 287 762 370
3 393 181 438
3 21 370 762
3 292 294 763
3 17 18 439
3 375 763 294
3 455 133 244
3 763 375 117
3 454 120 121
3 295 297 764
3 479 45 364
3 380 764 297
3 478 32 33
3 623 671 688
3 104 433 103
3 433 95 103
3 131 471 123
3 764 380 29
3 471 122 123
3 3 53 460
3 43 480 35
3 480 34 35
3 15 453 183
3 314 85 4
3 15 16 453
3 269 344 333
3 345 333 344
3 9 141 309
3 264 339 332
3 106 758 432
3 340 332 339
3 652 760 754
3 432 758 411
3 334 348 272
3 348 334 350
3 335 353 276
3 18 759 439
3 717 757 327
3 353 335 355
3 53 54 452
3 439 759 393
3 454 746 120
3 374 372 765
3 54 55 450
3 244 746 454
3 372 371 765
3 371 427 765
3 620 757 717
3 478 750 32
3 766 756 222
3 379 377 767
3 364 750 478
3 377 376 767
3 523 756 766
3 376 206 767
3 55 56 448
3 760 768 424
3 653 768 760
3 763 670 292
3 670 763 118
3 768 769 429
3 656 769 768
3 764 666 295
3 56 57 446
3 666 764 30
3 770 766 220
3 286 673 761
3 57 58 430
3 108 761 673
3 521 766 770
3 289 674 762
3 20 762 674
3 746 244 242
3 716 771 216
3 750 364 360
3 409 411 758
3 369 393 759
3 513 771 716
3 620 589 587
3 58 59 425
3 411 431 432
3 588 587 589
3 769 707 445
3 393 438 439
3 657 707 769
3 521 520 522
3 657 522 520
3 59 60 419
3 454 455 244
3 771 770 218
3 516 770 771
3 60 61 417
3 478 479 364
3 697 772 668
3 86 772 697
3 697 4 86
3 641 598 604
3 643 598 641
3 614 595 593
3 673 107 108
3 674 19 20
3 594 593 595
3 118 119 670
3 61 62 405
3 30 31 666
3 773 715 212
3 507 715 773
3 618 593 589
3 154 155 258
3 590 589 593
3 516 515 520
3 62 63 400
3 155 156 256
3 658 520 515
3 153 154 260
3 156 157 254
3 774 709 318
3 612 709 774
3 513 512 515
3 63 64 398
3 152 153 262
3 157 158 252
3 661 515 512
3 64 65 396
3 158 159 250
3 696 711 775
3 159 160 248
3 775 711 27
3 467 421 776
3 776 421 420
3 672 677 777
3 160 161 246
3 161 162 239
3 777 677 52
3 52 3 777
3 65 66 392
3 151 152 267
3 778 779 780
3 162 163 235
3 66 67 390
3 163 164 229
3 150 151 274
3 265 332 179
3 270 333 91
3 135 334 271
3 780 779 115
3 47 335 275
3 761 108 109
3 762 20 21
3 655 645 694
3 117 118 763
3 67 68 388
3 29 30 764
3 643 645 655
3 781 457 778
3 164 165 227
3 492 457 781
3 782 426 470
3 178 179 332
3 68 69 386
3 90 91 333
3 334 135 136
3 335 47 48
3 69 70 384
3 365 109 110
3 370 21 22
3 116 117 375
3 28 29 380
3 177 178 340
3 427 426 782
3 89 90 345
3 350 136 137
3 355 48 49
3 586 783 784
3 366 110 111
3 70 71 382
3 190 22 23
3 115 116 374
3 27 28 379
3 784 783 785
3 300 703 786
3 786 703 590
3 165 166 225
3 71 72 359
3 612 645 642
3 304 701 787
3 422 189 788
3 787 701 601
3 712 614 618
3 712 325 323
3 702 298 290
3 72 73 357
3 88 89 408
3 199 137 138
3 204 49 50
3 702 583 588
3 713 580 583
3 713 290 282
3 703 300 298
3 73 74 352
3 703 588 590
3 770 516 521
3 166 167 223
3 74 75 347
3 770 220 218
3 167 168 221
3 771 218 216
3 584 24 25
3 771 513 516
3 768 653 656
3 768 429 424
3 716 216 214
3 716 509 513
3 573 789 87
3 717 618 620
3 75 76 342
3 572 789 573
3 87 88 573
3 717 327 325
3 76 77 337
3 714 577 580
3 714 282 280
3 302 300 700
3 594 596 700
3 503 502 572
3 503 408 468
3 760 652 653
3 572 408 503
3 760 424 418
3 766 521 523
3 709 320 318
3 77 78 331
3 709 612 613
3 766 222 220
3 757 620 624
3 757 330 327
3 149 150 279
3 209 465 773
3 773 212 209
3 78 79 328
3 773 465 507
3 754 651 652
3 754 418 416
3 304 302 701
3 596 601 701
3 667 309 665
3 440 469 464
3 79 80 326
3 464 608 440
3 718 575 577
3 718 280 278
3 756 523 527
3 696 586 711
3 26 27 711
3 756 224 222
3 80 81 324
3 200 138 139
3 787 604 306
3 205 50 51
3 168 169 219
3 306 304 787
3 601 604 787
3 755 624 626
3 81 82 321
3 755 336 330
3 169 170 217
3 170 171 215
3 82 83 319
3 715 214 212
3 148 149 281
3 171 172 213
3 715 507 509
3 751 650 651
3 685 694 687
3 687 669 685
3 172 173 210
3 654 694 685
3 751 416 404
3 315 694 774
3 83 84 316
3 147 148 283
3 774 318 315
3 146 147 291
3 774 694 612
3 145 146 299
3 114 779 662
3 144 145 301
3 84 85 313
3 719 571 575
3 601 600 642
3 143 144 303
3 142 143 305
3 141 142 307
3 662 779 461
3 662 113 114
3 560 205 51
3 560 676 484
3 719 278 273
3 689 463 441
3 441 609 689
3 753 527 530
3 699 691 541
3 753 226 224
3 539 200 139
3 539 541 691
3 691 200 539
3 752 626 630
3 778 461 779
3 114 115 779
3 27 379 775
3 767 696 775
3 775 379 767
3 608 464 472
3 472 708 608
3 752 341 336
3 115 374 780
3 765 778 780
3 780 374 765
3 747 649 650
3 645 612 694
3 510 533 528
3 747 404 399
3 581 533 510
3 720 568 571
3 708 472 504
3 504 611 708
3 676 790 497
3 720 273 266
3 497 790 499
3 502 735 572
3 497 496 676
3 749 530 535
3 524 519 785
3 749 228 226
3 435 531 436
3 748 630 631
3 536 531 435
3 748 346 341
3 437 469 442
3 496 484 676
3 743 648 649
3 501 495 494
3 468 467 494
3 501 434 495
3 743 399 397
3 494 467 501
3 604 601 641
3 721 565 568
3 606 592 605
3 721 266 261
3 569 671 193
3 745 535 538
3 531 533 791
3 791 436 531
3 193 671 625
3 792 704 489
3 193 192 569
3 310 312 792
3 745 234 228
3 525 551 237
3 744 631 632
3 792 489 310
3 237 519 525
3 744 351 346
3 196 470 230
3 677 672 676
3 677 51 52
3 230 197 196
3 198 470 196
3 740 647 648
3 581 510 201
3 682 495 488
3 740 397 395
3 488 495 434
3 488 489 682
3 655 694 654
3 722 563 565
3 722 261 259
3 742 538 543
3 536 551 532
3 528 533 532
3 462 463 536
3 742 238 234
3 578 481 581
3 492 427 485
3 578 473 474
3 474 481 578
3 741 632 633
3 793 708 611
3 611 638 793
3 741 356 351
3 739 543 545
3 477 490 491
3 491 500 477
3 597 604 598
3 643 602 598
3 683 793 638
3 789 772 87
3 689 793 683
3 682 502 493
3 789 572 735
3 735 772 789
3 493 495 682
3 739 245 238
3 735 502 678
3 678 681 735
3 678 502 682
3 477 794 475
3 791 533 483
3 605 476 475
3 483 533 581
3 704 680 679
3 682 489 679
3 475 794 605
3 679 489 704
3 737 646 647
3 616 599 619
3 737 395 391
3 693 599 616
3 511 510 528
3 511 524 514
3 738 633 635
3 528 524 511
3 192 507 566
3 738 358 356
3 481 474 484
3 481 483 581
3 566 507 465
3 197 230 691
3 566 569 192
3 723 559 563
3 195 197 705
3 476 605 592
3 705 444 195
3 723 259 257
3 139 140 540
3 667 541 540
3 540 140 667
3 788 189 188
3 615 705 692
3 699 693 692
3 188 584 788
3 736 644 646
3 704 795 617
3 698 664 693
3 693 699 698
3 665 698 667
3 736 391 389
3 617 795 615
3 734 640 644
3 463 551 536
3 706 691 699
3 706 692 705
3 734 389 387
3 699 692 706
3 733 639 640
3 638 611 610
3 175 176 610
3 517 519 237
3 777 460 672
3 458 490 477
3 3 460 777
3 733 387 385
3 482 496 791
3 791 483 482
3 484 496 482
3 732 637 639
3 732 385 383
3 735 668 772
3 456 476 461
3 456 458 477
3 86 87 772
3 427 492 781
3 778 765 781
3 731 636 637
3 487 490 486
3 492 485 486
3 781 765 427
3 731 383 381
3 501 467 776
3 420 500 776
3 785 788 784
3 776 500 501
3 443 485 198
3 443 444 487
3 584 586 784
3 659 449 447
3 659 658 661
3 783 524 785
3 784 788 584
3 514 524 783
3 730 635 636
3 730 381 358
3 696 767 675
3 724 557 559
3 782 470 198
3 782 485 427
3 675 767 206
3 198 485 782
3 724 257 255
3 796 444 705
3 705 615 796
3 792 444 796
3 710 323 320
3 518 788 785
3 710 613 614
3 581 201 203
3 707 447 445
3 672 621 790
3 790 676 672
3 790 621 499
3 707 657 658
3 785 519 518
3 422 788 518
3 792 796 795
3 420 605 794
3 477 500 794
3 729 555 557
3 794 500 420
3 795 796 615
3 791 496 498
3 498 436 791
3 795 704 792
3 594 700 786
3 487 444 312
3 786 700 300
3 312 444 792
3 786 590 594
3 695 783 586
3 586 696 695
3 514 783 695
3 174 175 506
3 611 504 506
3 769 445 429
3 769 656 657
3 729 255 253
3 10 505 607
3 472 211 607
3 607 505 472
3 725 247 245
3 725 545 548
3 461 778 457
3 492 458 457
3 726 249 247
3 708 793 609
3 726 548 550
3 609 793 689
3 505 10 174
3 505 504 472
3 727 251 249
3 727 550 553
3 728 553 555
3 728 253 251
CELL_TYPES 1400
5
5
5
5
5
5
5
5
5
5
5
5
5
5
5
5
5
5
5
5
5
5
5
5
5
5
5
5
5
5
5
5
5
5
5
5
5
5
5
5
5
5
5
5
5
5
5
5
5
5
5
5
5
5
5
5
5
5
5
5
5
5
5
5
5
5
5
5
5
5
5
5
5
5
5
5
5
5
5
5
5
5
5
5
5
5
5
5
5
5
5
5
5
5
5
5
5
5
5
5
5
5
5
5
5
5
5
5
5
5
5
5
5
5
5
5
5
5
5
5
5
5
5
5
5
5
5
5
5
5
5
5
5
5
5
5
5
5
5
5
5
5
5
5
5
5
5
5
5
5
5
5
5
5
5
5
5
5
5
5
5
5
5
5
5
5
5
5
5
5
5
5
5
5
5
5
5
5
5
5
5
5
5
5
5
5
5
5
5
5
5
5
5
5
5
5
5
5
5
5
5
5
5
5
5
5
5
5
5
5
5
5
5
5
5
5
5
5
5
5
5
5
5
5
5
5
5
5
5
5
5
5
5
5
5
5
5
5
5
5
5
5
5
5
5
5
5
5
5
5
5
5
5
5
5
5
5
5
5
5
5
5
5
5
5
5
5
5
5
5
5
5
5
5
5
5
5
5
5
5
5
5
5
5
5
5
5
5
5
5
5
5
5
5
5
5
5
5
5
5
5
5
5
5
5
5
5
5
5
5
5
5
5
5
5
5
5
5
5
5
5
5
5
5
5
5
5
5
5
5
5
5
5
5
5
5
5
5
5
5
5
5
5
5
5
5
5
5
5
5
5
5
5
5
5
5
5
5
5
5
5
5
5
5
5
5
5
5
5
5
5
5
5
5
5
5
5
5
5
5
5
5
5
5
5
5
5
5
5
5
5
5
5
5
5
5
5
5
5
5
5
5
5
5
5
5
5
5
5
5
5
5
5
5
5
5
5
5
5
5
5
5
5
5
5
5
5
5
5
5
5
5
5
5
5
5
5
5
5
5
5
5
5
5
5
5
5
5
5
5
5
5
5
5
5
5
5
5
5
5
5
5
5
5
5
5
5
5
5
5
5
5
5
5
5
5
5
5
5
5
5
5
5
5
5
5
5
5
5
5
5
5
5
5
5
5
5
5
5
5
5
5
5
5
5
5
5
5
5
5
5
5
5
5
5
5
5
5
5
5
5
5
5
5
5
5
5
5
5
5
5
5
5
5
5
5
5
5
5
5
5
5
5
5
5
5
5
5
5
5
5
5
5
5
5
5
5
5
5
5
5
5
5
5
5
5
5
5
5
5
5
5
5
5
5
5
5
5
5
5
5
5
5
5
5
5
5
5
5
5
5
5
5
5
5
5
5
5
5
5
5
5
5
5
5
5
5
5
5
5
5
5
5
5
5
5
5
5
5
5
5
5
5
5
5
5
5
5
5
5
5
5
5
5
5
5
5
5
5
5
5
5
5
5
5
5
5
5
5
5
5
5
5
5
5
5
5
5
5
5
5
5
5
5
5
5
5
5
5
5
5
5
5
5
5
5
5
5
5
5
5
5
5
5
5
5
5
5
5
5
5
5
5
5
5
5
5
5
5
5
5
5
5
5
5
5
5
5
5
5
5
5
5
5
5
5
5
5
5
5
5
5
5
5
5
5
5
5
5
5
5
5
5
5
5
5
5
5
5
5
5
5
5
5
5
5
5
5
5
5
5
5
5
5
5
5
5
5
5
5
5
5
5
5
5
5
5
5
5
5
5
5
5
5
5
5
5
5
5
5
5
5
5
5
5
5
5
5
5
5
5
5
5
5
5
5
5
5
5
5
5
5
5
5
5
5
5
5
5
5
5
5
5
5
5
5
5
5
5
5
5
5
5
5
5
5
5
5
5
5
5
5
5
5
5
5
5
5
5
5
5
5
5
5
5
5
5
5
5
5
5
5
5
5
5
5
5
5
5
5
5
5
5
5
5
5
5
5
5
5
5
5
5
5
5
5
5
5
5
5
5
5
5
5
5
5
5
5
5
5
5
5
5
5
5
5
5
5
5
5
5
5
5
5
5
5
5
5
5
5
5
5
5
5
5
5
5
5
5
5
5
5
5
5
5
5
5
5
5
5
5
5
5
5
5
5
5
5
5
5
5
5
5
5
5
5
5
5
5
5
5
5
5
5
5
5
5
5
5
5
5
5
5
5
5
5
5
5
5
5
5
5
5
5
5
5
5
5
5
5
5
5
5
5
5
5
5
5
5
5
5
5
5
5
5
5
5
5
5
5
5
5
5
5
5
5
5
5
5
5
5
5
5
5
5
5
5
5
5
5
5
5
5
5
5
5
5
5
5
5
5
5
5
5
5
5
5
5
5
5
5
5
5
5
5
5
5
5
5
5
5
5
5
5
5
5
5
5
5
5
5
5
5
5
5
5
5
5
5
5
5
5
5
5
5
5
5
5
5
5
5
5
5
5
5
5
5
5
5
5
5
5
5
5
5
5
5
5
5
5
5
5
5
5
5
5
5
5
5
5
5
5
5
5
5
5
5
5
5
5
5
5
5
5
5
5
5
5
5
5
5
5
5
5
5
5
5
5
5
5
5
5
5
5
5
5
5
5
5
5
5
5
5
5
5
5
5
5
5
5
5
5
5
5
5
5
5
5
5
5
5
5
5
5
5
5
5
5
5
5
5
5
5
5
5
5
5
5
5
5
5
5
5
5
5
5
5
5
5
5
5
5
5
5
5
5
5
5
5
5
5
5
5
5
5
5
5
5
5
5
5
5
5
5
5
5
5
5
5
5
5
5
5
5
5
5
5
5
5
5
5
5
5
5
5
5
5
5
5
5
5
5
5
5
5
5
5
5
5
5
5
5
5
5
5
5
5
5
5
5
5
5
5
5
5
5
5
5
5
5
5
5
5
5
5
5
5
5
5
5
5
5
5
5
5
5
5
5
5
5
5
5
5
5
5
5
5
5
5
5
5
5
5
5
5
5
5
5
5
5
5
5
5
5
5
5
5
5
5
5
5
5
5
5
5
5
5
5
5
5
5
5
5
5
5
5
5
5
5
5
5
5
5
5
5
5
5
5
5
5
5
5
5
5
5
5
5
5
5
5
5
5
5
5
5
5
5
5
5
5
5
5
5
5
5
5
5
5
5
5
5
5
5
5
5
5
5
5
5
5
POINT_DATA 797
SCALARS v:bnd int 1
LOOKUP_TABLE default
15
15
4
4
4
4
15
15
4
4
4
4
15
15
15
15
15
15
15
15
15
15
15
15
15
15
15
15
15
15
15
15
15
15
15
15
15
15
15
4
4
4
4
4
4
4
4
4
4
4
4
4
4
4
4
4
4
4
4
4
4
4
4
4
4
4
4
4
4
4
4
4
4
4
4
4
4
4
4
4
4
4
4
4
4
4
4
4
4
4
4
4
4
4
4
4
4
4
4
4
15
15
15
15
15
15
15
15
15
15
15
15
15
15
15
15
15
15
15
15
15
15
15
15
15
15
15
4
4
4
4
4
4
4
4
4
4
4
4
4
4
4
4
4
4
4
4
4
4
4
4
4
4
4
4
4
4
4
4
4
4
4
4
4
4
4
4
4
4
4
4
4
4
4
4
4
4
4
4
4
4
4
4
4
4
4
4
4
4
4
4
4
4
4
4
4
4
4
4
4
4
4
4
4
4
4
4
4
4
4
4
4
4
4
4
4
4
4
4
4
4
4
4
4
4
4
4
4
4
4
4
4
4
4
4
4
4
4
4
4
4
4
4
4
4
4
4
4
4
4
4
4
4
4
4
4
4
4
4
4
4
4
4
4
4
4
4
4
4
4
4
4
4
4
4
4
4
4
4
4
4
4
4
4
4
4
4
4
4
4
4
4
4
4
4
4
4
4
4
4
4
4
4
4
4
4
4
4
4
4
4
4
4
4
4
4
4
4
4
4
4
4
4
4
4
4
4
4
4
4
4
4
4
4
4
4
4
4
4
4
4
4
4
4
4
4
4
4
4
4
4
4
4
4
4
4
4
4
4
4
4
4
4
4
4
4
4
4
4
4
4
4
4
4
4
4
4
4
4
4
4
4
4
4
4
4
4
4
4
4
4
4
4
4
4
4
4
4
4
4
4
4
4
4
4
4
4
4
4
4
4
4
4
4
4
4
4
4
4
4
4
4
4
4
4
4
4
4
4
4
4
4
4
4
4
4
4
4
4
4
4
4
4
4
4
4
4
4
4
4
4
4
4
4
4
4
4
4
4
4
4
4
4
4
4
4
4
4
4
4
4
4
4
4
4
4
4
4
4
4
4
4
4
4
4
4
4
4
4
4
4
4
4
4
4
4
4
4
4
4
4
4
4
4
4
4
4
4
4
4
4
4
4
4
4
4
4
4
4
4
4
4
4
4
4
4
4
4
4
4
4
4
4
4
4
4
4
4
4
4
4
4
4
4
4
4
4
4
4
4
4
4
4
4
4
4
4
4
4
4
4
4
4
4
4
4
4
4
4
4
4
4
4
4
4
4
4
4
4
4
4
4
4
4
4
4
4
4
4
4
4
4
4
4
4
4
4
4
4
4
4
4
4
4
4
4
4
4
4
4
4
4
4
4
4
4
4
4
4
4
4
4
4
4
4
4
4
4
4
4
4
4
4
4
4
4
4
4
4
4
4
4
4
4
4
4
4
4
4
4
4
4
4
4
4
4
4
4
4
4
4
4
4
4
4
4
4
4
4
4
4
4
4
4
4
4
4
4
4
4
4
4
4
4
4
4
4
4
4
4
4
4
4
4
4
4
4
4
4
4
4
4
4
4
4
4
4
4
4
4
4
4
4
4
4
4
4
4
4
4
4
4
4
4
4
4
4
4
4
4
4
4
4
4
4
4
4
4
4
4
4
4
4
4
4
4
4
4
4
4
4
4
4
4
4
4
4
4
4
4
4
4
4
4
4
4
4
4
4
4
4
4
4
4
4
4
4
4
4
4
4
4
4
4
4
4
4
4
4
4
4
4
4
4
4
4
4
SCALARS v:x double 3
LOOKUP_TABLE default
-0.006999999999999999 -0.018 0.0
0.006999999999999999 -0.018 0.0
0.006999999999999999 -0.0085 0.0
0.0025 -0.0085 0.0
0.0025 0.0085 0.0
0.006999999999999999 0.0085 0.0
0.006999999999999999 0.018 0.0
-0.006999999999999999 0.018 0.0
-0.006999999999999999 0.0085 0.0
-0.0025 0.0085 0.0
-0.0025 -0.0085 0.0
-0.006999999999999999 -0.0085 0.0
-0.006500000000000932 -0.018 0.0
-0.006000000000002058 -0.018 0.0
-0.005500000000002966 -0.018 0.0
-0.005000000000004333 -0.018 0.0
-0.004500000000005652 -0.018 0.0
-0.004000000000006851 -0.018 0.0
-0.003500000000008219 -0.018 0.0
-0.003000000000009853 -0.018 0.0
-0.002500000000011127 -0.018 0.0
-0.002000000000012664 -0.018 0.0
-0.001500000000013864 -0.018 0.0
-0.001000000000015402 -0.018 0.0
-0.0005000000000166746 -0.018 0.0
-1.797000048764374e-14 -0.018 0.0
0.0004999999999830574 -0.018 0.0
0.0009999999999835765 -0.018 0.0
0.001499999999985189 -0.018 0.0
0.001999999999987088 -0.018 0.0
0.0024999999999887 -0.018 0.0
0.002999999999988857 -0.018 0.0
0.003499999999990759 -0.018 0.0
0.00399999999999266 -0.018 0.0
0.004499999999992819 -0.018 0.0
0.004999999999994427 -0.018 0.0
0.005499999999996331 -0.018 0.0
0.005999999999997941 -0.018 0.0
0.006499999999998099 -0.018 0.0
0.006529621914212136 -0.01297534852904336 0.0
0.006064397389266505 -0.01290166420286562 0.0
0.005609423521311024 -0.01277975432202796 0.0
0.005169685101640575 -0.01261095455738002 0.0
0.004749999995494057 -0.01239711431442847 0.0
0.00435496635964459 -0.01214057647102601 0.0
0.003988912265080869 -0.01184415170897189 0.0
0.00365584827966575 -0.01151108772229995 0.0
0.003359423521162432 -0.01114503362960372 0.0
0.003102885680311057 -0.01074999999539453 0.0
0.002889045439161993 -0.01033031489059265 0.0
0.00272024567552431 -0.009890576471155623 0.0
0.002598335796119559 -0.009435602605959156 0.0
0.002524651470790988 -0.008970378084211762 0.0
0.0025 -0.008000000000000937 0.0
0.0025 -0.007500000000001534 0.0
0.0025 -0.007000000000002352 0.0
0.0025 -0.006500000000003078 0.0
0.0025 -0.006000000000004314 0.0
0.0025 -0.005500000000005717 0.0
0.0025 -0.005000000000006952 0.0
0.0025 -0.004500000000008357 0.0
0.0025 -0.004000000000009254 0.0
0.0025 -0.003500000000011106 0.0
0.0025 -0.003000000000012063 0.0
0.0025 -0.002500000000013835 0.0
0.0025 -0.002000000000014881 0.0
0.0025 -0.001500000000016564 0.0
0.0025 -0.00100000000001777 0.0
0.0025 -0.0005000000000187077 0.0
0.0025 -1.998054499630086e-14 0.0
0.0025 0.0004999999999809566 0.0
0.0025 0.0009999999999820517 0.0
0.0025 0.001499999999982828 0.0
0.0025 0.001999999999984422 0.0
0.0025 0.002499999999985379 0.0
0.0025 0.002999999999986793 0.0
0.0025 0.003499999999987468 0.0
0.0025 0.003999999999989162 0.0
0.0025 0.004499999999989839 0.0
0.0025 0.004999999999991532 0.0
0.0025 0.005499999999992211 0.0
0.0025 0.005999999999993625 0.0
0.0025 0.00649999999999458 0.0
0.0025 0.006999999999996172 0.0
0.0025 0.007499999999996773 0.0
0.0025 0.007999999999998727 0.0
0.002524651470893034 0.008970378085182668 0.0
0.002598335797173572 0.009435602610917897 0.0
0.002720245677893262 0.009890576478446508 0.0
0.002889045442653864 0.01033031489843552 0.0
0.003102885685892361 0.01075000000506163 0.0
0.003359423529382525 0.01114503364091771 0.0
0.003655848290853529 0.01151108773472523 0.0
0.003988912277703049 0.01184415172033695 0.0
0.004354966371392028 0.01214057647956102 0.0
0.004750000005978547 0.01239711432048169 0.0
0.005169685111172261 0.0126109545616238 0.0
0.005609423528871794 0.0127797543244846 0.0
0.006064397394279606 0.01290166420393119 0.0
0.006529621916762455 0.01297534852931141 0.0
0.006500000000000932 0.018 0.0
0.006000000000002058 0.018 0.0
0.005500000000002966 0.018 0.0
0.005000000000004333 0.018 0.0
0.004500000000005652 0.018 0.0
0.004000000000006851 0.018 0.0
0.003500000000008219 0.018 0.0
0.003000000000009853 0.018 0.0
0.002500000000011127 0.018 0.0
0.002000000000012664 0.018 0.0
0.001500000000013864 0.018 0.0
0.001000000000015402 0.018 0.0
0.0005000000000166746 0.018 0.0
1.797000048764374e-14 0.018 0.0
-0.0004999999999830574 0.018 0.0
-0.0009999999999835765 0.018 0.0
-0.001499999999985189 0.018 0.0
-0.001999999999987088 0.018 0.0
-0.0024999999999887 0.018 0.0
-0.002999999999988857 0.018 0.0
-0.003499999999990759 0.018 0.0
-0.00399999999999266 0.018 0.0
-0.004499999999992819 0.018 0.0
-0.004999999999994427 0.018 0.0
-0.005499999999996331 0.018 0.0
-0.005999999999997941 0.018 0.0
-0.006499999999998099 0.018 0.0
-0.006529621914212136 0.01297534852904336 0.0
-0.006064397389266505 0.01290166420286562 0.0
-0.005609423521311024 0.01277975432202796 0.0
-0.005169685101640575 0.01261095455738002 0.0
-0.004749999995494057 0.01239711431442847 0.0
-0.00435496635964459 0.01214057647102601 0.0
-0.003988912265080869 0.01184415170897189 0.0
-0.00365584827966575 0.01151108772229995 0.0
-0.003359423521162432 0.01114503362960372 0.0
-0.003102885680311057 0.01074999999539453 0.0
-0.002889045439161993 0.01033031489059265 0.0
-0.00272024567552431 0.009890576471155623 0.0
-0.002598335796119559 0.009435602605959156 0.0
-0.002524651470790988 0.008970378084211762 0.0
-0.0025 0.008000000000000937 0.0
-0.0025 0.007500000000001534 0.0
-0.0025 0.007000000000002352 0.0
-0.0025 0.006500000000003078 0.0
-0.0025 0.006000000000004314 0.0
-0.0025 0.005500000000005717 0.0
-0.0025 0.005000000000006952 0.0
-0.0025 0.004500000000008357 0.0
-0.0025 0.004000000000009254 0.0
-0.0025 0.003500000000011106 0.0
-0.0025 0.003000000000012063 0.0
-0.0025 0.002500000000013835 0.0
-0.0025 0.002000000000014881 0.0
-0.0025 0.001500000000016564 0.0
-0.0025 0.00100000000001777 0.0
-0.0025 0.0005000000000187077 0.0
-0.0025 1.998054499630086e-14 0.0
-0.0025 -0.0004999999999809566 0.0
-0.0025 -0.0009999999999820517 0.0
-0.0025 -0.001499999999982828 0.0
-0.0025 -0.001999999999984422 0.0
-0.0025 -0.002499999999985379 0.0
-0.0025 -0.002999999999986793 0.0
-0.0025 -0.003499999999987468 0.0
-0.0025 -0.003999999999989162 0.0
-0.0025 -0.004499999999989839 0.0
-0.0025 -0.004999999999991532 0.0
-0.0025 -0.005499999999992211 0.0
-0.0025 -0.005999999999993625 0.0
-0.0025 -0.00649999999999458 0.0
-0.0025 -0.006999999999996172 0.0
-0.0025 -0.007499999999996773 0.0
-0.0025 -0.007999999999998727 0.0
-0.002524651470893034 -0.008970378085182668 0.0
-0.002598335797173572 -0.009435602610917897 0.0
-0.002720245677893262 -0.009890576478446508 0.0
-0.002889045442653864 -0.01033031489843552 0.0
-0.003102885685892361 -0.01075000000506163 0.0
-0.003359423529382525 -0.01114503364091771 0.0
-0.003655848290853529 -0.01151108773472523 0.0
-0.003988912277703049 -0.01184415172033695 0.0
-0.004354966371392028 -0.01214057647956102 0.0
-0.004750000005978547 -0.01239711432048169 0.0
-0.005169685111172261 -0.0126109545616238 0.0
-0.005609423528871794 -0.0127797543244846 0.0
-0.006064397394279606 -0.01290166420393119 0.0
-0.006529621916762455 -0.01297534852931141 0.0
-0.0008114778958635628 -0.01261643326642932 0.0
-0.001088147648228024 -0.01233253449767345 0.0
-0.00129583158799385 -0.01264159934664475 0.0
0.0002408083874163346 -0.007913573115578604 0.0
-0.0001173766620277036 -0.008023642345545643 0.0
0.000202290027593612 -0.008232987338693657 0.0
-0.001488245704973918 -0.01228056305485956 0.0
-0.0009329400305074698 0.01041740507805661 0.0
-0.001338737438909856 0.01057486276190386 0.0
-0.001320054070462976 0.01018926599297662 0.0
-0.001120895162288923 0.01085443303317148 0.0
-0.002440343181894225 0.0103088756171985 0.0
-0.002279054621934228 0.009881776086679292 0.0
0.0007157984810107074 -0.01117780719599999 0.0
0.0008811521931668253 -0.01150823116089932 0.0
0.001197893611931013 -0.01120331697980442 0.0
0.002348302934903624 -0.01033013106443389 0.0
0.002348080342195749 -0.009882268159404097 0.0
0.001221024200745202 -0.01169999609214075 0.0
-0.002045013597972021 0.01024806255502633 0.0
-0.002093636493307547 0.01074037595907737 0.0
-0.00144029869537924 -0.008010121941150902 0.0
-0.001962879545295121 -0.007747189249268109 0.0
-0.001855622388335764 -0.008238823816675447 0.0
-0.001448622042537062 -0.007558771951707483 0.0
-0.001926753303737065 -0.007255309046922141 0.0
-0.001409272810861575 -0.007073884106226925 0.0
-0.001924887046589496 -0.006761762665709972 0.0
-0.001398744503549556 -0.006577212193844779 0.0
-0.001924091115673359 -0.006262532459943636 0.0
-0.001398620527148256 -0.006078548306302789 0.0
-0.001924087283002963 -0.005762535047139073 0.0
-0.001398312583842933 -0.005579268570012241 0.0
-0.00192408635502822 -0.005262535675227558 0.0
-0.00139826562059256 -0.0050794114454524 0.0
-0.001924086129753367 -0.004762535827774434 0.0
-0.001398259431292497 -0.00457942384015864 0.0
-0.001924086075037909 -0.004262535864827706 0.0
-0.001398259334771555 -0.004079424661944039 0.0
-0.00192408606174577 -0.003762535873840186 0.0
-0.001398259302137769 -0.003579424846490072 0.0
-0.001924086058496265 -0.003262535876057043 0.0
-0.001689529414574942 0.01042946787224443 0.0
-0.001097021761594521 -0.01040795226126535 0.0
-0.001655222765629763 -0.01055682715080837 0.0
-0.001251384669266664 -0.01085710906836592 0.0
-0.00139825929282375 -0.00307942488929854 0.0
-0.00192408605767149 -0.002762535876600049 0.0
-0.001587321723537556 -0.01109146594030623 0.0
-0.0008153167068087717 -0.01087604478550219 0.0
-0.001398259290273717 -0.002579424899371058 0.0
-0.001924086057494445 -0.002262535876700435 0.0
-0.002988050439918692 0.01173984345225533 0.0
-0.002636626023160443 0.01190261482342542 0.0
-0.003012132772615133 0.01217198382377095 0.0
-0.00339375591228267 0.01182737384112573 0.0
-0.00355166882656631 0.0122182951427545 0.0
-0.001398259289586616 -0.002079424901612237 0.0
-0.001924086057491459 -0.001762535876705133 0.0
-0.001398259289426202 -0.001579424902016067 0.0
-0.001924086057491195 -0.001262535876706874 0.0
-0.001398259289406427 -0.001079424902069365 0.0
-0.001924086057490095 -0.0007625358767079059 0.0
-0.001398259289397498 -0.0005794249020704812 0.0
-0.00192408605749193 -0.0002625358767096631 0.0
-0.001398259289326452 -7.942490200190019e-05 0.0
-0.00192408605749978 0.0002374641232811282 0.0
-0.001398259288859141 0.0004205750984569009 0.0
-0.001924086057533112 0.000737464123242942 0.0
-0.001398259285921986 0.0009205751012753031 0.0
-0.001924086057671966 0.001237464123087749 0.0
-0.001398259267879211 0.001420575118100478 0.0
-0.001924086058273948 0.001737464122447663 0.0
-0.001398259158883254 0.001920575216489653 0.0
-0.001924086060959015 0.002237464119778932 0.0
-0.002988050445711811 -0.0117398434596291 0.0
-0.002719201372057708 -0.01152394311787085 0.0
-0.003165919827204716 -0.0114818507877083 0.0
-0.001398258509046034 0.002420575781836693 0.0
-0.001924086072626983 0.002737464108860986 0.0
0.002988050445711811 0.0117398434596291 0.0
0.002719085270147463 0.01152369992173621 0.0
0.003165817027729504 0.01148168992848721 0.0
-0.003165922889849267 0.01147888119670174 0.0
-0.002716190351631266 0.01151794060317498 0.0
-0.001398254680220541 0.002920578975424747 0.0
-0.001924086124147578 0.003237464064829049 0.0
0.00316591959644247 -0.01147888154750033 0.0
0.002716190381129963 -0.01151794068769378 0.0
0.002988050439918692 -0.01173984345225533 0.0
-0.00139823237216621 0.003420596694799473 0.0
-0.001924086357216342 0.00373746388883807 0.0
-0.001398103821704634 0.003920693045021882 0.0
-0.001924087435319173 0.004237463194152052 0.0
-0.001397371325417163 0.004421204322934161 0.0
-0.001924092526824262 0.004737460502509354 0.0
0.001944765268540173 0.01221713072382361 0.0
0.00228092950332165 0.01196185452260082 0.0
0.002482410330501572 0.01225393623035015 0.0
-0.001972046729636706 -0.01222942452621992 0.0
-0.00228092950332165 -0.01196185452260082 0.0
-0.002487336205554573 -0.01225602998909662 0.0
-0.001393246457772596 0.004923832311208714 0.0
-0.00192411694216076 0.005237450346721353 0.0
-0.002490913290768772 0.01225309410643815 0.0
-0.002280929501180148 0.01196185451864228 0.0
-0.002000134056690888 0.01221611198676138 0.0
0.002490881986129692 -0.01225323424161248 0.0
0.002280929501180148 -0.01196185451864228 0.0
0.001999989428052767 -0.01221687146360888 0.0
-0.001370312595050119 0.005436739217014652 0.0
-0.001899688858257383 0.005735044442666739 0.0
-0.001282644550434161 0.006002134616980424 0.0
-0.00190542846669582 0.006254023669162106 0.0
-0.001324421962025816 0.00655751225220253 0.0
-0.001927278872084017 0.006736856309567853 0.0
-0.001425181411406568 0.00704051884511141 0.0
-0.001936844570728788 0.007235325015599017 0.0
-0.001414130824924299 0.007505492221177439 0.0
-0.001948419472891173 0.007735976082457248 0.0
-0.00143314787589674 0.008085924094858981 0.0
-0.002007810398288643 0.008284444777511488 0.0
0.0002894583289310064 0.01035387270572879 0.0
0.0001594469579321426 0.01075215091826201 0.0
-6.382500635643421e-05 0.01046285550048529 0.0
0.001995716214189597 0.007769438478299814 0.0
0.001922677538800913 0.008315594167148877 0.0
0.001456306563458568 0.00762317676763144 0.0
0.001926830127225958 0.007259910995944007 0.0
0.002637221706492804 0.01190571279214366 0.0
0.001436112101953935 0.007083434294789672 0.0
0.001923869491275847 0.006762279642809494 0.0
0.001407780044355858 0.00658111709023458 0.0
0.001924100814186253 0.006262525507572937 0.0
-0.002638848705939126 -0.01190590732001454 0.0
0.001399021025899497 0.006079843739302287 0.0
0.001924089788305551 0.00576253333549847 0.0
0.001398255426226376 0.005579425291907252 0.0
0.001924086969407512 0.005262535258559226 0.0
0.001398251672761134 0.005079415049604206 0.0
0.001924086279216408 0.004762535726530181 0.0
0.002636605704941982 -0.01190265791822533 0.0
0.001398259009446439 0.004579422374071732 0.0
0.00192408611135506 0.004262535840233966 0.0
-0.002879082993896187 -0.01114324532014827 0.0
0.002878677237847494 0.0111425584328545 0.0
-0.002882268821581693 0.01113200794845814 0.0
0.002882252361939446 -0.0111320029122945 0.0
0.001398259325625632 0.004079424268065117 0.0
0.00192408607057465 0.003762535867857576 0.0
-0.002330704790742422 -0.01161415926491111 0.0
-0.002422097357773156 -0.01121838751325284 0.0
-0.002648463116759325 -0.01080495655218915 0.0
0.001398259313541584 0.003579424745070341 0.0
0.001924086060670195 0.00326253587458448 0.0
0.002322575418726928 0.0116134456593873 0.0
0.002421398854836337 0.01121710054730111 0.0
0.002621428764083735 0.01077007833176391 0.0
0.001398259297562676 0.003079424863760516 0.0
0.001924086058239772 0.002762535876241229 0.0
-0.002428260709059149 0.01116186924028316 0.0
-0.00233621029402949 0.01161372910317221 0.0
-0.002618847148454305 0.01076325726030516 0.0
0.001398259291842626 0.002579424893026656 0.0
0.001924086057621589 0.002262535876634549 0.0
0.002428098299659686 -0.01116191464343143 0.0
0.002336182498964608 -0.01161373675842857 0.0
0.002622719138743778 -0.01076695536658772 0.0
0.001398259290097989 0.002079424900132949 0.0
0.001924086057498999 0.001762535876698448 0.0
0.001398259289574362 0.001579424901738379 0.0
0.001924086057495428 0.0012625358767029 0.0
0.00301211615929891 -0.01217202571378202 0.0
0.001602009447666433 0.0119421164479069 0.0
0.001912874760212216 0.01177079464333538 0.0
0.003393752594838541 -0.01182738088085475 0.0
0.003551668826482108 -0.01221829514310424 0.0
0.001732952446092175 0.01264161913416611 0.0
0.001308690757240437 0.01269347981575952 0.0
-0.001601864026563817 -0.0119424966137795 0.0
-0.001959209388011791 -0.01177335158652103 0.0
-0.0030131722596959 -0.01217273716007385 0.0
-0.001817015906806607 -0.01264179293753159 0.0
-0.001591272819567029 0.01192984866936078 0.0
-0.00165263651620963 0.012300237786077 0.0
-0.001912874758815805 0.011770794640004 0.0
-0.001374472044258023 0.01260390860443326 0.0
-0.001813779316222492 0.01264052095300563 0.0
0.001590301888783078 -0.01193503366416854 0.0
0.00165263651620963 -0.012300237786077 0.0
0.001912874758815805 -0.011770794640004 0.0
0.001375739097147841 -0.01260554509633831 0.0
0.001813773724769673 -0.01264051503275457 0.0
0.001398259289445701 0.001079424902032492 0.0
0.001924086057490626 0.0007625358767062638 0.0
0.001398259289418382 0.0005794249020773943 0.0
0.001924086057490227 0.0002625358767072877 0.0
0.001398259289419707 7.942490209682781e-05 0.0
0.00192408605749263 -0.0002374641232895555 0.0
0.001398259289445945 -0.0004205750978553261 0.0
0.001924086057503274 -0.0007374641232766255 0.0
0.00139825928954865 -0.0009205750976562325 0.0
0.001924086057549083 -0.001237464123224733 0.0
0.001398259289916442 -0.001420575096786703 0.0
0.001924086057740296 -0.00173746412301118 0.0
-0.003551570884658701 -0.01221803785806467 0.0
-0.003393912331326537 -0.01182795145295864 0.0
0.001398259291096378 -0.001920575092965561 0.0
0.001924086058581047 -0.002237464122109466 0.0
0.001398259294004749 -0.002420575076225092 0.0
0.001924086062290716 -0.002737464118287809 0.0
0.001398259294652819 -0.002920575003976797 0.0
0.001924086078478818 -0.003237464102322396 0.0
-0.0019639424173511 -0.0113015115292066 0.0
-0.002076199138936767 -0.0108032271414874 0.0
-0.0024033897304757 -0.01046528093569562 0.0
0.001398259236096457 -0.003420574699800999 0.0
0.001924086150479145 -0.003737464035786499 0.0
0.0019639424173511 0.0113015115292066 0.0
0.002114741469262193 0.01086094955169327 0.0
0.002307052963486809 0.01028322983853862 0.0
0.003012705349616367 0.01217268782210575 0.0
-0.001998358559566077 0.0112887848181892 0.0
0.003551570886159872 0.01221803772138939 0.0
0.003393817379629022 0.01182791639777894 0.0
0.002084679731029199 -0.0108717514317095 0.0
0.001964170890906905 -0.0113016434897309 0.0
0.001342822545894637 0.01229282964453412 0.0
0.001398258691926627 -0.003920573474747239 0.0
0.001924086476332669 -0.004237463757911441 0.0
0.001398255112713146 -0.004420568989251605 0.0
0.001924087968239111 -0.004737462599862168 0.0
0.001150341356034363 0.01178375893057483 0.0
0.001610942351285964 0.01155085295081973 0.0
-0.001154568330614501 -0.01189553040730817 0.0
-0.00154692930457754 -0.01155658353936703 0.0
0.001398235589663024 -0.004920556259094525 0.0
0.001924094805020034 -0.005237457829388704 0.0
-0.001615986528532977 0.0114859438394523 0.0
-0.001153108998613819 0.01164517149478437 0.0
0.00161667043984168 -0.01149169524127116 0.0
0.001398146779073767 -0.005420552643243415 0.0
0.001924125459333653 -0.005737438824676464 0.0
0.00400442815470211 0.01242303148551009 0.0
0.003696220303759557 0.01267530261173272 0.0
0.004434899089191305 0.01266012038004048 0.0
0.0005988497036211243 0.01063940585592161 0.0
-0.0001069384399310632 -0.009518138449561649 0.0
0.0004026113154028745 -0.009463816146377453 0.0
-2.078091348513094e-05 -0.00905634747602453 0.0
-0.004004428157503077 -0.01242303150363025 0.0
-0.003696220303759556 -0.01267530261173272 0.0
-0.000854174616255169 -0.008994451433733498 0.0
-0.0009129626787814967 -0.009506200473371721 0.0
-0.0005024285637877398 -0.009229576553536886 0.0
-0.0006639918624315032 0.0107640152208642 0.0
-0.0004703461987208532 0.01035253911626165 0.0
0.001397851285572966 -0.005920918965679228 0.0
0.001924253421939198 -0.006237369609637672 0.0
0.001397690651369343 -0.006425251483044837 0.0
0.00192468445508736 -0.006737180512613882 0.0
0.001409312925942135 -0.006941885484510859 0.0
0.001925031222934462 -0.00723730953293772 0.0
0.00142576804878391 -0.007465868716696789 0.0
0.001916873449421856 -0.007741374346880956 0.0
-0.004434899089148416 -0.01266012038394549 0.0
-0.003696281050647642 0.01267539894270475 0.0
-0.004004455353421988 0.01242309212493966 0.0
5.7135355228976e-05 0.01192371361348445 0.0
-0.0003905200173510955 0.01194786318055354 0.0
-0.0001621087377751013 0.01156373651269185 0.0
0.00141870734372706 -0.008006727529798507 0.0
0.001903394331946447 -0.008313646256087288 0.0
-0.0002344920213528588 0.01232499554574227 0.0
-0.0005514859577620343 -0.009589519998567733 0.0
-0.0007581586691260056 -0.009986905714114947 0.0
-0.001114759769086077 -0.008720792113135404 0.0
-0.0009371215209254306 -0.008245197775947793 0.0
-0.00139919519541524 -0.008395589379197566 0.0
0.001574912468414757 0.01102988514099364 0.0
0.001770747599048856 0.01053554136876153 0.0
-0.0005682287759735074 -0.008712801477122754 0.0
-0.001603182573651497 0.01095999612714614 0.0
-0.004434903618599858 0.01266013048418079 0.0
-0.001686683840759568 -0.008800177990488708 0.0
0.001677409555815459 -0.01100973314272199 0.0
0.001755072984549781 -0.01049660282669115 0.0
0.0004192264750821037 0.01191687692137036 0.0
0.0002688402808970977 0.01224769708599589 0.0
0.0003432263028336935 0.01154357215819862 0.0
0.003696281050647642 -0.01267539894270475 0.0
0.004004455353407553 -0.01242309212499961 0.0
0.004434903618597451 -0.01266013048419079 0.0
0.00130591119398688 -0.01033606855785286 0.0
0.001154501828438225 -0.009937858334307678 0.0
0.000938359360425127 -0.01025970580750888 0.0
0.001590649036511196 -0.009944367309222112 0.0
-0.0008618297789423989 0.01118354102195102 0.0
-0.0004407787721501209 0.01118612678129904 0.0
-0.0002461933001018708 0.01077933822550348 0.0
0.000699912103552971 0.01025702250763117 0.0
0.0005078641789573587 0.0099680786817103 0.0
2.335081115543873e-06 0.01115834181584866 0.0
0.0004576926500927804 0.0110753991445024 0.0
-0.0006312483250561003 0.01162409562935322 0.0
0.001396152048278222 0.01019286736906246 0.0
0.001405885842154479 0.01069864487333624 0.0
0.001040482665032969 0.01043631648487361 0.0
0.001212445775600006 -0.009622441435860557 0.0
0.001235187617179064 -0.009274903513594935 0.0
0.0008609568018580925 -0.009368103951009961 0.0
0.001033213659672533 -0.008966091095345777 0.0
0.0008029740512599163 0.01140254690006237 0.0
0.0009860772034896747 0.01093570801000568 0.0
0.001543009827731916 0.00985211526905775 0.0
0.001825740802696674 0.01014767143894493 0.0
-0.001941597327478155 -0.009142727034851684 0.0
-0.002181079036226481 -0.008860319878571603 0.0
-0.002295124149557458 -0.009261143110540911 0.0
-0.0005506083978007784 -0.007755233277648486 0.0
-7.974232726404222e-07 -0.007537906742109018 0.0
-0.000472509016239005 -0.007195209029658989 0.0
0.0005294027908120322 -0.01087584541564701 0.0
0.0002731193652599465 -0.01118292291222222 0.0
-1.842676764536076e-05 -0.006971657614820283 0.0
-0.0004975649429893819 -0.006698995628379761 0.0
0.0004519983615838319 -0.01157827535699687 0.0
-2.55144484652428e-05 -0.006483761869050731 0.0
-0.0004973486230953494 -0.006202180092490805 0.0
-0.001102040388762707 -0.01135325520394744 0.0
-0.0007846370796007893 -0.01168663468977491 0.0
-0.0006112591130369176 -0.01129363017915672 0.0
-3.095513462482061e-06 -0.005997797740740047 0.0
-0.0004973410592365786 -0.005702704158300289 0.0
-3.839106499707439e-07 -0.005499699080921332 0.0
-0.0004973474571273359 -0.005202725919890762 0.0
-5.804993205644435e-05 -0.01133667096337188 0.0
-0.0003280869249925896 -0.01083373990444115 0.0
-4.565503709740697e-08 -0.004999957829426765 0.0
-0.000497348483869201 -0.004702730476297768 0.0
0.0001460379879127615 -0.01082633668162828 0.0
-5.212500708498972e-09 -0.004499993697704126 0.0
-0.0004973486515535171 -0.004202731474408422 0.0
0.0002364336478737132 -0.009924903031263107 0.0
-3.246684270930305e-05 -0.010329527695314 0.0
0.0004923094711629269 -0.01039931319877339 0.0
-5.522508304516858e-10 -0.003999998972000245 0.0
-0.0004973486804602011 -0.003702731701034291 0.0
-0.0002830300864600685 -0.009947817290883912 0.0
-4.901118086962336e-11 -0.00349999981597121 0.0
-0.0004973486851087744 -0.003202731754631422 0.0
-0.002133837172750297 0.009543295418448094 0.0
-0.002213476537564987 0.009227277978865248 0.0
-0.00184176659643706 0.009307576579662418 0.0
-2.208852318009898e-12 -0.002999999965135018 0.0
-0.0004973486859683182 -0.002702731767135528 0.0
4.359465901165391e-13 -0.002499999993901504 0.0
-0.0004973486857841204 -0.002202731769324234 0.0
-0.002395239544129542 -0.01009767514883617 0.0
9.866396436832015e-13 -0.001999999999103628 0.0
-0.000497348685782658 -0.001702731769419874 0.0
8.666230349082167e-14 -0.001499999999910683 0.0
-0.0004973486858280643 -0.001202731769493486 0.0
-0.0004918888952272912 -0.01035624774685805 0.0
1.429113988607456e-14 -0.0009999999999888147 0.0
-0.0004973486858408584 -0.0007027317695205592 0.0
1.587271980518778e-16 -0.0005000000000003033 0.0
-0.0004973486858459656 -0.0002027317695303117 0.0
-4.187514050790764e-15 -6.187794778881687e-15 0.0
-0.0004973486858689167 0.0002972682304425976 0.0
-3.82595973132116e-14 0.0004999999999706878 0.0
-0.0004973486859633939 0.0007972682303325731 0.0
0.002068360330985193 -0.009636088614298112 0.0
0.002018277233120556 -0.01007244830489651 0.0
0.0 0.0009999999999999107 0.0
-0.0004973486863674172 0.001297268229828794 0.0
-6.885957732835624e-13 0.001499999999502196 0.0
-0.0004973486880410897 0.001797268227484956 0.0
-0.0004484083332977378 -0.008246686775141277 0.0
-9.356857088232674e-13 0.001999999996374664 0.0
-0.0004973486949964253 0.002297268215694724 0.0
-9.992771497726714e-05 -0.008496558212339888 0.0
-1.358751164239081e-12 0.002499999978669763 0.0
-0.0004973487185855176 0.002797268154982323 0.0
0.001997597615647513 0.009835511622818226 0.0
0.002361644204211243 0.009793620731124655 0.0
2.418052431973552e-11 0.002999999883244499 0.0
-0.0004973487499493313 0.003297267821566518 0.0
3.982620082324831e-10 0.00349999931078555 0.0
-0.000497348226880422 0.003797265763702834 0.0
0.001381595205685649 -0.01074017986258812 0.0
4.308694793592402e-09 0.00399999543131916 0.0
-0.0004973402162359306 0.004297251557309863 0.0
0.0009612245633105959 -0.0107182513504301 0.0
4.05509787282656e-08 0.004499966820564311 0.0
-0.0004972568059284702 0.004797145961923066 0.0
-0.0003114165867682217 -0.01258526969225819 0.0
0.0002021732338454017 -0.01270668657056152 0.0
0.0002163699850490936 -0.01231267403142721 0.0
3.574112499050302e-07 0.004999745569344653 0.0
-0.0004964909146019344 0.00529632759690166 0.0
3.040968557474114e-06 0.00549813784522902 0.0
-0.0004395126402311957 0.005791351822930807 0.0
0.0001228616206552274 0.01263745634942744 0.0
0.0004990326217767216 0.0125358425298577 0.0
2.553772122434886e-05 0.005985702827995639 0.0
-0.0004343354588059474 0.006238227436369548 0.0
1.911494668195429e-05 0.006478251848179606 0.0
-0.0004672292570344822 0.00669890013749389 0.0
-0.0009357307561183012 0.00817241173005474 0.0
-0.0005031985972694672 0.008105553773421297 0.0
-0.000674777780750632 0.00858107674923724 0.0
9.97780979393173e-06 0.007006358459424383 0.0
-0.0005429825945158367 0.007235620635502387 0.0
-0.0001520684358075498 0.008381842036537275 0.0
0.0005452488422283188 -0.007611249006048898 0.0
-0.000892863863743943 0.007731643511440687 0.0
0.0007562147809540403 0.01216244537930825 0.0
0.0009047837586809113 0.01260925707931446 0.0
-0.002144677053165415 -0.008479864339948674 0.0
-0.001243154664520824 -0.009176534606326113 0.0
-0.001297421139073198 -0.009597051053503985 0.0
-0.002328356131394811 -0.009668733119152272 0.0
-0.001980171709647512 -0.009509271123600145 0.0
0.0005080784711243685 0.007280209788321153 0.0
0.0004977420107421295 0.006705340135215918 0.0
0.0004969322259156333 0.006202701093768319 0.0
-0.0005331310970578283 0.009577574726405058 0.0
-0.0005899895358490995 0.009066476674963722 0.0
-0.000211751412325392 0.009294123617792966 0.0
0.0004973047664249078 0.005702679500005042 0.0
-0.0002404382449785287 0.008844518572009425 0.0
0.0004973420174366886 0.005202718384810563 0.0
0.001341116139255121 -0.008560103880741582 0.0
0.001033228701269958 -0.008203687430805592 0.0
0.0008087281298545103 -0.008601498267281791 0.0
0.0004973476520798914 0.004702728443932021 0.0
0.0005993763510724915 -0.008128076706187152 0.0
0.0004973485210599117 0.004202730954169391 0.0
0.000481565439350774 0.008957868238280495 0.0
8.360379823638345e-05 0.00906199457025011 0.0
0.0001899514703139276 0.008633373386110877 0.0
0.0004973486585114249 0.00370273157088833 0.0
0.0004973486811777416 0.003202731721768868 0.0
0.000497348686133669 0.002702731759193442 0.0
0.0004973486860418861 0.002202731767911772 0.0
-0.0020155310398776 -0.01029949687614731 0.0
0.0004973486859333154 0.001702731769335476 0.0
0.0004973486858504033 0.00120273176946287 0.0
0.0004973486858382277 0.0007027317695100868 0.0
-0.002014869242482013 -0.009931648585139797 0.0
0.000497348685841132 0.0002027317695203793 0.0
0.0004973486858484555 -0.0002972682304669299 0.0
-0.0004019040261013972 0.007689763947028971 0.0
-2.096858223200368e-05 0.007467432049544797 0.0
-3.671340460617417e-05 0.00795634083651356 0.0
0.0004973486858807294 -0.0007972682304263777 0.0
0.0003123375634804057 0.00773966734275601 0.0
0.0004973486860194292 -0.001297268230242387 0.0
0.0004973486865688282 -0.00179726822943067 0.0
0.0004973486886651535 -0.002297268225672006 0.0
0.0004973486969107804 -0.002797268206068317 0.0
0.0004973487243983674 -0.003297268107021439 0.0
0.0004973487576017698 -0.003797267584925913 0.0
0.000497348171982574 -0.004297264575596281 0.0
0.0004973395189823823 -0.004797245539952316 0.0
0.0006160698876814196 0.008457237261182287 0.0
0.0002915561289784111 0.008168244432767745 0.0
0.0004972515655302769 -0.005297115273039444 0.0
0.0004964622491681757 -0.005796172646676648 0.0
0.0004897873276432644 -0.006289108880316565 0.0
0.0008970540279690462 -0.006616767051829819 0.0
0.0009622131205947951 -0.007180779417864214 0.0
0.0004611666864743539 -0.006791069122101563 0.0
-0.000294492453786547 0.01272226706832785 0.0
0.0004618868587496211 -0.007204339898727767 0.0
-0.001215782056961674 0.008564167681706014 0.0
-0.001630817333261532 0.008542923806836139 0.0
0.002757123493313236 -0.01260956548496222 0.0
-0.002034477707682418 0.008841844680915619 0.0
0.001788437791296717 0.00888847618736527 0.0
0.001375891458590151 0.008580949730290667 0.0
-0.002757125195811018 0.01260956626508261 0.0
0.0003573246234311383 -0.008630723607658557 0.0
0.001769018618869956 -0.008825424938288336 0.0
0.002759482309954895 0.01260946707770278 0.0
-0.002759667624927659 -0.01260947632630145 0.0
0.0008200946365231033 -0.01187893596939109 0.0
0.001693525857215249 -0.009346009271432153 0.0
0.002161293720748848 -0.009135836034874641 0.0
0.001224246707137852 0.009541523104084942 0.0
0.0007716990448958531 0.009655076015769901 0.0
0.0008273555401200118 0.009268705044170135 0.0
0.001314210104788425 0.009131863763071086 0.0
0.001034804119790075 0.009982360103052855 0.0
-0.001601248704629745 -0.0101484396674593 0.0
0.0009109125355018407 0.008805222791877614 0.0
0.001002674058722795 0.008337708986628379 0.0
0.001666925336515186 0.007929596975735661 0.0
0.001374039107950422 0.008104672059224076 0.0
0.0005333160086457085 -0.008999166799228795 0.0
-0.001183915140945505 -0.009969363953818883 0.0
0.001008005758809311 -0.007702818155826632 0.0
-0.001736552313145754 0.009864243837336235 0.0
-0.0009491601625302063 0.00947254769382903 0.0
-0.001051020174552082 0.009033659643931269 0.0
0.0008197596928084378 0.007841005733506459 0.0
0.000478450293954708 -0.01198334237840415 0.0
0.0007318921471661115 -0.01225676779073774 0.0
0.002180410402346115 0.008751619907619844 0.0
-0.001539002839721036 0.008967433364785485 0.0
-0.001393253007999556 0.009401364197000823 0.0
-0.0008700166282516985 0.006398306928864415 0.0
-0.0009294598672949235 0.006881189094080625 0.0
-0.000908469534363574 0.005109980466961532 0.0
-0.0008858184298700609 0.005620402550917748 0.0
0.0002614994042510606 0.009520676376091945 0.0
-0.0008519192530879947 0.01001407203975947 0.0
-0.001242015961611196 0.00976272406246049 0.0
0.0009083697457966593 -0.006105287129529503 0.0
-0.001626787855099973 -0.00932719112466429 0.0
0.0009315592557810592 0.006895881407413526 0.0
0.0009109442795384774 0.006393901318685526 0.0
0.0006059127751029558 -0.01263548912978007 0.0
0.0009100309432504678 0.005892682178001312 0.0
-0.0009098725337464405 0.004607740516021556 0.0
-0.0009100827993389788 0.004107395843273492 0.0
-0.0009398402215822087 -0.007387806799362007 0.0
-0.0009061793678218423 -0.006889355191672925 0.0
0.000910101202893912 0.005392644136926667 0.0
-0.0009101133669246948 0.003607343197643263 0.0
-0.0009101176268684361 0.003107335266786217 0.0
-0.000910118183846826 0.002607334097713999 0.0
-0.000910118248861706 0.002107333931239035 0.0
-0.0009101182546810087 0.001607333908804191 0.0
-0.0009101182547410162 0.001107333906070599 0.0
-0.0009101182545687146 0.0006073339058204065 0.0
-0.0009101182544677863 -0.00189266609402404 0.0
-0.0009101182544670551 -0.001392666094120863 0.0
-0.0009101182544781266 -0.0008926660941516608 0.0
-0.0009101182544844666 -0.0003926660941651379 0.0
-0.0009101182545033871 0.0001073339058227581 0.0
0.0009101182545393848 0.001392666094047913 0.0
0.0009101182544901279 0.0008926660941331202 0.0
0.0009101182544806934 0.0003926660941569635 0.0
0.0009101182544877094 -0.0001073339058282006 0.0
0.0009101182545196092 -0.0006073339057840939 0.0
0.001763148948438065 0.009413249353754946 0.0
0.0009101182546564834 -0.001107333905596306 0.0
0.0009101182552087008 -0.001607333904769221 0.0
0.0009101182547903178 0.001892666093391755 0.0
-0.0009101182548253074 -0.00239266609307959 0.0
0.0009101182573726229 -0.002107333901028818 0.0
0.0009101182558508447 0.002392666089501186 0.0
-0.0009101182560919777 -0.002892666087627234 0.0
0.0009101182657063334 -0.002607333883522702 0.0
0.0009101182584759914 0.002892666072493072 0.0
-0.0009101182602261405 -0.003392666063292202 0.0
-0.003274835885334797 0.01264526012234113 0.0
0.0009101182928140624 -0.003107333801439332 0.0
0.0009101182657922182 0.003392666002963218 0.0
-0.000910118274140466 -0.003892665960568356 0.0
0.003274835579938649 -0.01264526004388342 0.0
0.0009101183433964031 -0.003607333410487159 0.0
0.000910118278715086 0.00389266572178443 0.0
-0.0009101183179337047 -0.00439266551536842 0.0
0.0009101181198636594 -0.004107331479844932 0.0
0.0009101182014318239 0.00439266459256781 0.0
-0.0009101184050612378 -0.004892663519183796 0.0
0.0009101169809397061 0.004892660151666475 0.0
0.003274818061963983 0.01264509954333994 0.0
-0.003274817933353153 -0.01264509985393756 0.0
0.0009101143672245207 -0.004607321554698482 0.0
0.002259357845083542 0.01265676444372426 0.0
-0.0022593524098064 -0.01265678007936915 0.0
-0.002258532193672381 0.01265643323854948 0.0
0.002258527629991109 -0.01265643035045417 0.0
-0.001212896058539059 0.01216083226908561 0.0
-0.0009101210797495979 -0.005392646145289618 0.0
0.001224621652621236 -0.01217250243475169 0.0
0.000910081674084522 -0.005107268609482824 0.0
0.0009098465444720789 -0.00560697431826673 0.0
-0.0009101849212340447 -0.005892373061070186 0.0
-0.0009107299466496403 -0.006390761112331315 0.0
0.002174288294816631 0.009137580202306213 0.0
-0.001038351479494465 -0.00787515946749134 0.0
0.001006687677197794 0.007391360094203513 0.0
0.0009850412989003431 -0.01253680638823785 0.0
0.00117205039113571 0.01132598769713974 0.0
0.002171671628471248 -0.008749057062692406 0.0
-0.0007229211789692978 0.01225413372038858 0.0
-0.00062311438750324 0.01263927933477699 0.0
-0.0009867806709441024 0.01253427967420327 0.0
-0.0008854299529310938 0.011916382257397 0.0
-0.001273099526328121 0.01121555678163834 0.0
6.156388035478783e-05 -0.01185402624646389 0.0
-0.0002539858483120884 -0.01216713641178488 0.0
-0.0003818460134306169 -0.01175156159646267 0.0
-0.000782008673914861 0.006011878036059469 0.0
-0.001018952371381561 0.007326738178040996 0.0
-0.0006734715521592049 -0.01213919606199956 0.0
0.002184988947320369 0.009523183105488447 0.0
0.001419977261242698 -0.008992770160217592 0.0
0.0007398535123982064 -0.009863406235596507 0.0
-1.018792767681385e-05 0.01003946438198714 0.0
-0.001611698449120579 -0.009737384939215095 0.0
0.0007084564039732757 0.01175085545995296 0.0
-0.0001685746923516327 0.00968225556170203 0.0
-0.0004273915262026446 0.009935972770383123 0.0
CELL_DATA 1400
SCALARS f:thickness float 1
LOOKUP_TABLE default
1.0
1.0
1.0
1.0
1.0
1.0
1.0
1.0
1.0
1.0
1.0
1.0
1.0
1.0
1.0
1.0
1.0
1.0
1.0
1.0
1.0
1.0
1.0
1.0
1.0
1.0
1.0
1.0
1.0
1.0
1.0
1.0
1.0
1.0
1.0
1.0
1.0
1.0
1.0
1.0
1.0
1.0
1.0
1.0
1.0
1.0
1.0
1.0
1.0
1.0
1.0
1.0
1.0
1.0
1.0
1.0
1.0
1.0
1.0
1.0
1.0
1.0
1.0
1.0
1.0
1.0
1.0
1.0
1.0
1.0
1.0
1.0
1.0
1.0
1.0
1.0
1.0
1.0
1.0
1.0
1.0
1.0
1.0
1.0
1.0
1.0
1.0
1.0
1.0
1.0
1.0
1.0
1.0
1.0
1.0
1.0
1.0
1.0
1.0
1.0
1.0
1.0
1.0
1.0
1.0
1.0
1.0
1.0
1.0
1.0
1.0
1.0
1.0
1.0
1.0
1.0
1.0
1.0
1.0
1.0
1.0
1.0
1.0
1.0
1.0
1.0
1.0
1.0
1.0
1.0
1.0
1.0
1.0
1.0
1.0
1.0
1.0
1.0
1.0
1.0
1.0
1.0
1.0
1.0
1.0
1.0
1.0
1.0
1.0
1.0
1.0
1.0
1.0
1.0
1.0
1.0
1.0
1.0
1.0
1.0
1.0
1.0
1.0
1.0
1.0
1.0
1.0
1.0
1.0
1.0
1.0
1.0
1.0
1.0
1.0
1.0
1.0
1.0
1.0
1.0
1.0
1.0
1.0
1.0
1.0
1.0
1.0
1.0
1.0
1.0
1.0
1.0
1.0
1.0
1.0
1.0
1.0
1.0
1.0
1.0
1.0
1.0
1.0
1.0
1.0
1.0
1.0
1.0
1.0
1.0
1.0
1.0
1.0
1.0
1.0
1.0
1.0
1.0
1.0
1.0
1.0
1.0
1.0
1.0
1.0
1.0
1.0
1.0
1.0
1.0
1.0
1.0
1.0
1.0
1.0
1.0
1.0
1.0
1.0
1.0
1.0
1.0
1.0
1.0
1.0
1.0
1.0
1.0
1.0
1.0
1.0
1.0
1.0
1.0
1.0
1.0
1.0
1.0
1.0
1.0
1.0
1.0
1.0
1.0
1.0
1.0
1.0
1.0
1.0
1.0
1.0
1.0
1.0
1.0
1.0
1.0
1.0
1.0
1.0
1.0
1.0
1.0
1.0
1.0
1.0
1.0
1.0
1.0
1.0
1.0
1.0
1.0
1.0
1.0
1.0
1.0
1.0
1.0
1.0
1.0
1.0
1.0
1.0
1.0
1.0
1.0
1.0
1.0
1.0
1.0
1.0
1.0
1.0
1.0
1.0
1.0
1.0
1.0
1.0
1.0
1.0
1.0
1.0
1.0
1.0
1.0
1.0
1.0
1.0
1.0
1.0
1.0
1.0
1.0
1.0
1.0
1.0
1.0
1.0
1.0
1.0
1.0
1.0
1.0
1.0
1.0
1.0
1.0
1.0
1.0
1.0
1.0
1.0
1.0
1.0
1.0
1.0
1.0
1.0
1.0
1.0
1.0
1.0
1.0
1.0
1.0
1.0
1.0
1.0
1.0
1.0
1.0
1.0
1.0
1.0
1.0
1.0
1.0
1.0
1.0
1.0
1.0
1.0
1.0
1.0
1.0
1.0
1.0
1.0
1.0
1.0
1.0
1.0
1.0
1.0
1.0
1.0
1.0
1.0
1.0
1.0
1.0
1.0
1.0
1.0
1.0
1.0
1.0
1.0
1.0
1.0
1.0
1.0
1.0
1.0
1.0
1.0
1.0
1.0
1.0
1.0
1.0
1.0
1.0
1.0
1.0
1.0
1.0
1.0
1.0
1.0
1.0
1.0
1.0
1.0
1.0
1.0
1.0
1.0
1.0
1.0
1.0
1.0
1.0
1.0
1.0
1.0
1.0
1.0
1.0
1.0
1.0
1.0
1.0
1.0
1.0
1.0
1.0
1.0
1.0
1.0
1.0
1.0
1.0
1.0
1.0
1.0
1.0
1.0
1.0
1.0
1.0
1.0
1.0
1.0
1.0
1.0
1.0
1.0
1.0
1.0
1.0
1.0
1.0
1.0
1.0
1.0
1.0
1.0
1.0
1.0
1.0
1.0
1.0
1.0
1.0
1.0
1.0
1.0
1.0
1.0
1.0
1.0
1.0
1.0
1.0
1.0
1.0
1.0
1.0
1.0
1.0
1.0
1.0
1.0
1.0
1.0
1.0
1.0
1.0
1.0
1.0
1.0
1.0
1.0
1.0
1.0
1.0
1.0
1.0
1.0
1.0
1.0
1.0
1.0
1.0
1.0
1.0
1.0
1.0
1.0
1.0
1.0
1.0
1.0
1.0
1.0
1.0
1.0
1.0
1.0
1.0
1.0
1.0
1.0
1.0
1.0
1.0
1.0
1.0
1.0
1.0
1.0
1.0
1.0
1.0
1.0
1.0
1.0
1.0
1.0
1.0
1.0
1.0
1.0
1.0
1.0
1.0
1.0
1.0
1.0
1.0
1.0
1.0
1.0
1.0
1.0
1.0
1.0
1.0
1.0
1.0
1.0
1.0
1.0
1.0
1.0
1.0
1.0
1.0
1.0
1.0
1.0
1.0
1.0
1.0
1.0
1.0
1.0
1.0
1.0
1.0
1.0
1.0
1.0
1.0
1.0
1.0
1.0
1.0
1.0
1.0
1.0
1.0
1.0
1.0
1.0
1.0
1.0
1.0
1.0
1.0
1.0
1.0
1.0
1.0
1.0
1.0
1.0
1.0
1.0
1.0
1.0
1.0
1.0
1.0
1.0
1.0
1.0
1.0
1.0
1.0
1.0
1.0
1.0
1.0
1.0
1.0
1.0
1.0
1.0
1.0
1.0
1.0
1.0
1.0
1.0
1.0
1.0
1.0
1.0
1.0
1.0
1.0
1.0
1.0
1.0
1.0
1.0
1.0
1.0
1.0
1.0
1.0
1.0
1.0
1.0
1.0
1.0
1.0
1.0
1.0
1.0
1.0
1.0
1.0
1.0
1.0
1.0
1.0
1.0
1.0
1.0
1.0
1.0
1.0
1.0
1.0
1.0
1.0
1.0
1.0
1.0
1.0
1.0
1.0
1.0
1.0
1.0
1.0
1.0
1.0
1.0
1.0
1.0
1.0
1.0
1.0
1.0
1.0
1.0
1.0
1.0
1.0
1.0
1.0
1.0
1.0
1.0
1.0
1.0
1.0
1.0
1.0
1.0
1.0
1.0
1.0
1.0
1.0
1.0
1.0
1.0
1.0
1.0
1.0
1.0
1.0
1.0
1.0
1.0
1.0
1.0
1.0
1.0
1.0
1.0
1.0
1.0
1.0
1.0
1.0
1.0
1.0
1.0
1.0
1.0
1.0
1.0
1.0
1.0
1.0
1.0
1.0
1.0
1.0
1.0
1.0
1.0
1.0
1.0
1.0
1.0
1.0
1.0
1.0
1.0
1.0
1.0
1.0
1.0
1.0
1.0
1.0
1.0
1.0
1.0
1.0
1.0
1.0
1.0
1.0
1.0
1.0
1.0
1.0
1.0
1.0
1.0
1.0
1.0
1.0
1.0
1.0
1.0
1.0
1.0
1.0
1.0
1.0
1.0
1.0
1.0
1.0
1.0
1.0
1.0
1.0
1.0
1.0
1.0
1.0
1.0
1.0
1.0
1.0
1.0
1.0
1.0
1.0
1.0
1.0
1.0
1.0
1.0
1.0
1.0
1.0
1.0
1.0
1.0
1.0
1.0
1.0
1.0
1.0
1.0
1.0
1.0
1.0
1.0
1.0
1.0
1.0
1.0
1.0
1.0
1.0
1.0
1.0
1.0
1.0
1.0
1.0
1.0
1.0
1.0
1.0
1.0
1.0
1.0
1.0
1.0
1.0
1.0
1.0
1.0
1.0
1.0
1.0
1.0
1.0
1.0
1.0
1.0
1.0
1.0
1.0
1.0
1.0
1.0
1.0
1.0
1.0
1.0
1.0
1.0
1.0
1.0
1.0
1.0
1.0
1.0
1.0
1.0
1.0
1.0
1.0
1.0
1.0
1.0
1.0
1.0
1.0
1.0
1.0
1.0
1.0
1.0
1.0
1.0
1.0
1.0
1.0
1.0
1.0
1.0
1.0
1.0
1.0
1.0
1.0
1.0
1.0
1.0
1.0
1.0
1.0
1.0
1.0
1.0
1.0
1.0
1.0
1.0
1.0
1.0
1.0
1.0
1.0
1.0
1.0
1.0
1.0
1.0
1.0
1.0
1.0
1.0
1.0
1.0
1.0
1.0
1.0
1.0
1.0
1.0
1.0
1.0
1.0
1.0
1.0
1.0
1.0
1.0
1.0
1.0
1.0
1.0
1.0
1.0
1.0
1.0
1.0
1.0
1.0
1.0
1.0
1.0
1.0
1.0
1.0
1.0
1.0
1.0
1.0
1.0
1.0
1.0
1.0
1.0
1.0
1.0
1.0
1.0
1.0
1.0
1.0
1.0
1.0
1.0
1.0
1.0
1.0
1.0
1.0
1.0
1.0
1.0
1.0
1.0
1.0
1.0
1.0
1.0
1.0
1.0
1.0
1.0
1.0
1.0
1.0
1.0
1.0
1.0
1.0
1.0
1.0
1.0
1.0
1.0
1.0
1.0
1.0
1.0
1.0
1.0
1.0
1.0
1.0
1.0
1.0
1.0
1.0
1.0
1.0
1.0
1.0
1.0
1.0
1.0
1.0
1.0
1.0
1.0
1.0
1.0
1.0
1.0
1.0
1.0
1.0
1.0
1.0
1.0
1.0
1.0
1.0
1.0
1.0
1.0
1.0
1.0
1.0
1.0
1.0
1.0
1.0
1.0
1.0
1.0
1.0
1.0
1.0
1.0
1.0
1.0
1.0
1.0
1.0
1.0
1.0
1.0
1.0
1.0
1.0
1.0
1.0
1.0
1.0
1.0
1.0
1.0
1.0
1.0
1.0
1.0
1.0
1.0
1.0
1.0
1.0
1.0
1.0
1.0
1.0
1.0
1.0
1.0
1.0
1.0
1.0
1.0
1.0
1.0
1.0
1.0
1.0
1.0
1.0
1.0
1.0
1.0
1.0
1.0
1.0
1.0
1.0
1.0
1.0
1.0
1.0
1.0
1.0
1.0
1.0
1.0
1.0
1.0
1.0
1.0
1.0
1.0
1.0
1.0
1.0
1.0
1.0
1.0
1.0
1.0
1.0
1.0
1.0
1.0
1.0
1.0
1.0
1.0
1.0
1.0
1.0
1.0
1.0
1.0
1.0
1.0
1.0
1.0
1.0
1.0
1.0
1.0
1.0
1.0
1.0
1.0
1.0
1.0
1.0
1.0
1.0
1.0
1.0
1.0
1.0
1.0
1.0
1.0
1.0
1.0
1.0
1.0
1.0
1.0
1.0
1.0
1.0
1.0
1.0
1.0
1.0
1.0
1.0
1.0
1.0
1.0
1.0
1.0
1.0
1.0
1.0
1.0
1.0
1.0
1.0
1.0
1.0
1.0
1.0
1.0
1.0
1.0
1.0
1.0
1.0
1.0
1.0
1.0
1.0
1.0
1.0
1.0
1.0
1.0
1.0
1.0
1.0
1.0
1.0
1.0
1.0
1.0
1.0
1.0
1.0
1.0
1.0
1.0
1.0
1.0
1.0
1.0
1.0
1.0
1.0
1.0
1.0
1.0
1.0
1.0
1.0
1.0
1.0
1.0
1.0
1.0
1.0
1.0
1.0
1.0
1.0
1.0
1.0
1.0
1.0
1.0
1.0
1.0
1.0
1.0
1.0
1.0
1.0
1.0
1.0
1.0
1.0
1.0
1.0
1.0
1.0
1.0
1.0
1.0
1.0
1.0
1.0
1.0
1.0
1.0
1.0
1.0
1.0
1.0
1.0
1.0
1.0
1.0
1.0
1.0
1.0
1.0
1.0
1.0
1.0
1.0
1.0
1.0
1.0
1.0
1.0
1.0
1.0
1.0
1.0
1.0
1.0
1.0
1.0
1.0
1.0
1.0
1.0
1.0
1.0
1.0
1.0
1.0
1.0
1.0
1.0
1.0
1.0
1.0
1.0
1.0
1.0
1.0
1.0
1.0
1.0
1.0
1.0
1.0
1.0
1.0
1.0
1.0
1.0
