# vtk DataFile Version 3.0
File written by membrane-model
ASCII
DATASET UNSTRUCTURED_GRID
POINTS 1083 double
9.9999999999999982 2.5000000000000000 0.0000000000000000
2.5000000000000000 10.0000000000000018 0.0000000000000000
-2.5000000000000000 9.9999999999999982 0.0000000000000000
-10.0000000000000018 2.5000000000000000 0.0000000000000000
-10.0000000000000000 -2.5000000000000000 0.0000000000000000
-2.5000000000000000 -10.0000000000000000 0.0000000000000000
2.5000000000000000 -9.9999999999999982 0.0000000000000000
10.0000000000000000 -2.5000000000000000 0.0000000000000000
10.0000000000000000 0.0000000000000000 0.0000000000000000
0.0000000000000000 10.0000000000000000 0.0000000000000000
-10.0000000000000000 0.0000000000000000 0.0000000000000000
0.0000000000000000 -10.0000000000000000 0.0000000000000000
0.0000000000000000 0.0000000000000000 0.0000000000000000
2.5000000000000000 0.0000000000000000 0.0000000000000000
2.5000000000000000 2.5000000000000000 0.0000000000000000
0.0000000000000000 2.5000000000000000 0.0000000000000000
-2.5000000000000000 2.5000000000000000 0.0000000000000000
-2.5000000000000000 0.0000000000000000 0.0000000000000000
-2.5000000000000000 -2.5000000000000000 0.0000000000000000
0.0000000000000000 -2.5000000000000000 0.0000000000000000
2.5000000000000000 -2.5000000000000000 0.0000000000000000
9.4999100815524908 2.5166912349237416 0.0000000000000000
9.0067397915876786 2.5660620019814049 0.0000000000000000
8.5134519333182386 2.6487977278920756 0.0000000000000000
8.0249400039740184 2.7647295826556810 0.0000000000000000
7.5503957978897471 2.9113161127749683 0.0000000000000000
7.0847717693769061 3.0897580097815576 0.0000000000000000
6.6329678894353279 3.2982767315841510 0.0000000000000000
6.1923749729562525 3.5384218914084080 0.0000000000000000
5.7688000163006157 3.8075088455499326 0.0000000000000000
5.3672272547647442 4.1019141502513374 0.0000000000000000
4.9818183380315180 4.4261456058232698 0.0000000000000000
4.6194363175942801 4.7751043589774351 0.0000000000000000
4.2854221009405817 5.1426756917432774 0.0000000000000000
3.9773090400257747 5.5304146052855474 0.0000000000000000
3.6902225917606311 5.9457788592046352 0.0000000000000000
3.4332163177114801 6.3768312114905257 0.0000000000000000
3.2055019988395683 6.8243430739094464 0.0000000000000000
3.0092024601322205 7.2836145787869846 0.0000000000000000
2.8439364525212625 7.7548375327281907 0.0000000000000000
2.7105538884088034 8.2353540337484166 0.0000000000000000
2.6130859189226534 8.7025022702211707 0.0000000000000000
2.5490841058809632 9.1433481811352326 0.0000000000000000
2.5113853561013721 9.5869010830478700 0.0000000000000000
-2.5166912349237416 9.4999100815524908 0.0000000000000000
-2.5660620019814049 9.0067397915876786 0.0000000000000000
-2.6487977278920756 8.5134519333182368 0.0000000000000000
-2.7647295826556810 8.0249400039740166 0.0000000000000000
-2.9113161127749683 7.5503957978897462 0.0000000000000000
-3.0897580097815576 7.0847717693769052 0.0000000000000000
-3.2982767315841519 6.6329678894353270 0.0000000000000000
-3.5384218914084080 6.1923749729562525 0.0000000000000000
-3.8075088455499326 5.7688000163006157 0.0000000000000000
-4.1019141502513383 5.3672272547647442 0.0000000000000000
-4.4261456058232742 4.9818183380315135 0.0000000000000000
-4.7751043589774405 4.6194363175942748 0.0000000000000000
-5.1426756917432854 4.2854221009405755 0.0000000000000000
-5.5304146052855501 3.9773090400257729 0.0000000000000000
-5.9457788592046441 3.6902225917606248 0.0000000000000000
-6.3768312114905372 3.4332163177114730 0.0000000000000000
-6.8243430739094642 3.2055019988395603 0.0000000000000000
-7.2836145787869979 3.0092024601322160 0.0000000000000000
-7.7548375327282066 2.8439364525212580 0.0000000000000000
-8.2353540337484255 2.7105538884088016 0.0000000000000000
-8.7025022702211778 2.6130859189226516 0.0000000000000000
-9.1433481811352326 2.5490841058809632 0.0000000000000000
-9.5869010830478700 2.5113853561013721 0.0000000000000000
-9.4999100815524855 -2.5166912349237416 0.0000000000000000
-9.0067397915876768 -2.5660620019814058 0.0000000000000000
-8.5134519333182315 -2.6487977278920765 0.0000000000000000
-8.0249400039740095 -2.7647295826556819 0.0000000000000000
-7.5503957978897454 -2.9113161127749683 0.0000000000000000
-7.0847717693769008 -3.0897580097815593 0.0000000000000000
-6.6329678894353208 -3.2982767315841537 0.0000000000000000
-6.1923749729562534 -3.5384218914084071 0.0000000000000000
-5.7688000163006166 -3.8075088455499317 0.0000000000000000
-5.3672272547647406 -4.1019141502513419 0.0000000000000000
-4.9818183380315153 -4.4261456058232724 0.0000000000000000
-4.6194363175942756 -4.7751043589774396 0.0000000000000000
-4.2854221009405791 -5.1426756917432810 0.0000000000000000
-3.9773090400257738 -5.5304146052855501 0.0000000000000000
-3.6902225917606284 -5.9457788592046388 0.0000000000000000
-3.4332163177114774 -6.3768312114905283 0.0000000000000000
-3.2055019988395665 -6.8243430739094499 0.0000000000000000
-3.0092024601322205 -7.2836145787869846 0.0000000000000000
-2.8439364525212625 -7.7548375327281915 0.0000000000000000
-2.7105538884088034 -8.2353540337484148 0.0000000000000000
-2.6130859189226534 -8.7025022702211707 0.0000000000000000
-2.5490841058809632 -9.1433481811352291 0.0000000000000000
-2.5113853561013721 -9.5869010830478718 0.0000000000000000
2.5166912349237416 -9.4999100815524873 0.0000000000000000
2.5660620019814058 -9.0067397915876750 0.0000000000000000
2.6487977278920765 -8.5134519333182315 0.0000000000000000
2.7647295826556810 -8.0249400039740149 0.0000000000000000
2.9113161127749656 -7.5503957978897533 0.0000000000000000
3.0897580097815576 -7.0847717693769070 0.0000000000000000
3.2982767315841510 -6.6329678894353279 0.0000000000000000
3.5384218914084045 -6.1923749729562587 0.0000000000000000
3.8075088455499282 -5.7688000163006219 0.0000000000000000
4.1019141502513374 -5.3672272547647450 0.0000000000000000
4.4261456058232689 -4.9818183380315180 0.0000000000000000
4.7751043589774351 -4.6194363175942801 0.0000000000000000
5.1426756917432765 -4.2854221009405826 0.0000000000000000
5.5304146052855474 -3.9773090400257756 0.0000000000000000
5.9457788592046343 -3.6902225917606311 0.0000000000000000
6.3768312114905248 -3.4332163177114801 0.0000000000000000
6.8243430739094455 -3.2055019988395692 0.0000000000000000
7.2836145787869810 -3.0092024601322223 0.0000000000000000
7.7548375327281871 -2.8439364525212643 0.0000000000000000
8.2353540337484130 -2.7105538884088043 0.0000000000000000
8.7025022702211672 -2.6130859189226543 0.0000000000000000
9.1433481811352291 -2.5490841058809632 0.0000000000000000
9.5869010830478718 -2.5113853561013721 0.0000000000000000
10.0000000000000000 0.4980468750000000 0.0000000000000000
10.0000000000000000 0.9985351562500000 0.0000000000000000
9.9999999999999982 1.5029335021972656 0.0000000000000000
9.9999999999999982 2.0014667510986328 0.0000000000000000
2.0019531250000000 10.0000000000000018 0.0000000000000000
1.5014648437500000 10.0000000000000018 0.0000000000000000
0.9970664978027344 10.0000000000000000 0.0000000000000000
0.4985332489013672 10.0000000000000000 0.0000000000000000
-0.4980468750000000 10.0000000000000000 0.0000000000000000
-0.9985351562500000 10.0000000000000000 0.0000000000000000
-1.5029335021972656 9.9999999999999982 0.0000000000000000
-2.0014667510986328 9.9999999999999982 0.0000000000000000
-10.0000000000000018 2.0019531250000000 0.0000000000000000
-10.0000000000000018 1.5014648437500000 0.0000000000000000
-10.0000000000000000 0.9970664978027344 0.0000000000000000
-10.0000000000000000 0.4985332489013672 0.0000000000000000
-10.0000000000000000 -0.4980468750000000 0.0000000000000000
-10.0000000000000000 -0.9985351562500000 0.0000000000000000
-10.0000000000000000 -1.5029335021972656 0.0000000000000000
-10.0000000000000000 -2.0014667510986328 0.0000000000000000
-2.0019531250000000 -10.0000000000000000 0.0000000000000000
-1.5014648437500000 -10.0000000000000000 0.0000000000000000
-0.9970664978027344 -10.0000000000000000 0.0000000000000000
-0.4985332489013672 -10.0000000000000000 0.0000000000000000
0.4980468750000000 -10.0000000000000000 0.0000000000000000
0.9985351562500000 -10.0000000000000000 0.0000000000000000
1.5029335021972656 -9.9999999999999982 0.0000000000000000
2.0014667510986328 -9.9999999999999982 0.0000000000000000
10.0000000000000000 -2.0019531250000000 0.0000000000000000
10.0000000000000000 -1.5014648437500000 0.0000000000000000
10.0000000000000000 -0.9970664978027344 0.0000000000000000
10.0000000000000000 -0.4985332489013672 0.0000000000000000
9.5019531250000000 0.0000000000000000 0.0000000000000000
9.0027904510498047 0.0000000000000000 0.0000000000000000
8.5074607096612453 0.0000000000000000 0.0000000000000000
8.0029278766232892 0.0000000000000000 0.0000000000000000
7.5031502472034006 0.0000000000000000 0.0000000000000000
7.0047895780483742 0.0000000000000000 0.0000000000000000
6.5032798008047079 0.0000000000000000 0.0000000000000000
6.0028698257041198 0.0000000000000000 0.0000000000000000
5.5034372138361496 0.0000000000000000 0.0000000000000000
4.9989536193246096 0.0000000000000000 0.0000000000000000
4.5011152029747841 0.0000000000000000 0.0000000000000000
4.0008364022310881 0.0000000000000000 0.0000000000000000
3.4966491733565812 0.0000000000000000 0.0000000000000000
2.9983245866782902 0.0000000000000000 0.0000000000000000
2.0019531250000000 0.0000000000000000 0.0000000000000000
1.5014648437500000 0.0000000000000000 0.0000000000000000
0.9970664978027344 0.0000000000000000 0.0000000000000000
0.4985332489013672 0.0000000000000000 0.0000000000000000
0.0000000000000000 9.5019531250000000 0.0000000000000000
0.0000000000000000 9.0027904510498047 0.0000000000000000
0.0000000000000000 8.5074607096612453 0.0000000000000000
0.0000000000000000 8.0029278766232892 0.0000000000000000
0.0000000000000000 7.5031502472034006 0.0000000000000000
0.0000000000000000 7.0047895780483742 0.0000000000000000
0.0000000000000000 6.5032798008047079 0.0000000000000000
0.0000000000000000 6.0028698257041198 0.0000000000000000
0.0000000000000000 5.5034372138361496 0.0000000000000000
0.0000000000000000 4.9989536193246096 0.0000000000000000
0.0000000000000000 4.5011152029747841 0.0000000000000000
0.0000000000000000 4.0008364022310881 0.0000000000000000
0.0000000000000000 3.4966491733565812 0.0000000000000000
0.0000000000000000 2.9983245866782902 0.0000000000000000
0.0000000000000000 2.0019531250000000 0.0000000000000000
0.0000000000000000 1.5014648437500000 0.0000000000000000
0.0000000000000000 0.9970664978027344 0.0000000000000000
0.0000000000000000 0.4985332489013672 0.0000000000000000
-9.5019531250000000 0.0000000000000000 0.0000000000000000
-9.0027904510498047 0.0000000000000000 0.0000000000000000
-8.5074607096612453 0.0000000000000000 0.0000000000000000
-8.0029278766232892 0.0000000000000000 0.0000000000000000
-7.5031502472034006 0.0000000000000000 0.0000000000000000
-7.0047895780483742 0.0000000000000000 0.0000000000000000
-6.5032798008047079 0.0000000000000000 0.0000000000000000
-6.0028698257041198 0.0000000000000000 0.0000000000000000
-5.5034372138361496 0.0000000000000000 0.0000000000000000
-4.9989536193246096 0.0000000000000000 0.0000000000000000
-4.5011152029747841 0.0000000000000000 0.0000000000000000
-4.0008364022310881 0.0000000000000000 0.0000000000000000
-3.4966491733565812 0.0000000000000000 0.0000000000000000
-2.9983245866782902 0.0000000000000000 0.0000000000000000
-2.0019531250000000 0.0000000000000000 0.0000000000000000
-1.5014648437500000 0.0000000000000000 0.0000000000000000
-0.9970664978027344 0.0000000000000000 0.0000000000000000
-0.4985332489013672 0.0000000000000000 0.0000000000000000
0.0000000000000000 -9.5019531250000000 0.0000000000000000
0.0000000000000000 -9.0027904510498047 0.0000000000000000
0.0000000000000000 -8.5074607096612453 0.0000000000000000
0.0000000000000000 -8.0029278766232892 0.0000000000000000
0.0000000000000000 -7.5031502472034006 0.0000000000000000
0.0000000000000000 -7.0047895780483742 0.0000000000000000
0.0000000000000000 -6.5032798008047079 0.0000000000000000
0.0000000000000000 -6.0028698257041198 0.0000000000000000
0.0000000000000000 -5.5034372138361496 0.0000000000000000
0.0000000000000000 -4.9989536193246096 0.0000000000000000
0.0000000000000000 -4.5011152029747841 0.0000000000000000
0.0000000000000000 -4.0008364022310881 0.0000000000000000
0.0000000000000000 -3.4966491733565812 0.0000000000000000
0.0000000000000000 -2.9983245866782902 0.0000000000000000
0.0000000000000000 -2.0019531250000000 0.0000000000000000
0.0000000000000000 -1.5014648437500000 0.0000000000000000
0.0000000000000000 -0.9970664978027344 0.0000000000000000
0.0000000000000000 -0.4985332489013672 0.0000000000000000
2.5000000000000000 0.4980468750000000 0.0000000000000000
2.5000000000000000 0.9985351562500000 0.0000000000000000
2.5000000000000000 1.5029335021972656 0.0000000000000000
2.5000000000000000 2.0014667510986328 0.0000000000000000
2.0019531250000000 2.5000000000000000 0.0000000000000000
1.5014648437500000 2.5000000000000000 0.0000000000000000
0.9970664978027344 2.5000000000000000 0.0000000000000000
0.4985332489013672 2.5000000000000000 0.0000000000000000
-0.4980468750000000 2.5000000000000000 0.0000000000000000
-0.9985351562500000 2.5000000000000000 0.0000000000000000
-1.5029335021972656 2.5000000000000000 0.0000000000000000
-2.0014667510986328 2.5000000000000000 0.0000000000000000
-2.5000000000000000 2.0019531250000000 0.0000000000000000
-2.5000000000000000 1.5014648437500000 0.0000000000000000
-2.5000000000000000 0.9970664978027344 0.0000000000000000
-2.5000000000000000 0.4985332489013672 0.0000000000000000
-2.5000000000000000 -0.4980468750000000 0.0000000000000000
-2.5000000000000000 -0.9985351562500000 0.0000000000000000
-2.5000000000000000 -1.5029335021972656 0.0000000000000000
-2.5000000000000000 -2.0014667510986328 0.0000000000000000
-2.0019531250000000 -2.5000000000000000 0.0000000000000000
-1.5014648437500000 -2.5000000000000000 0.0000000000000000
-0.9970664978027344 -2.5000000000000000 0.0000000000000000
-0.4985332489013672 -2.5000000000000000 0.0000000000000000
0.4980468750000000 -2.5000000000000000 0.0000000000000000
0.9985351562500000 -2.5000000000000000 0.0000000000000000
1.5029335021972656 -2.5000000000000000 0.0000000000000000
2.0014667510986328 -2.5000000000000000 0.0000000000000000
2.5000000000000000 -2.0019531250000000 0.0000000000000000
2.5000000000000000 -1.5014648437500000 0.0000000000000000
2.5000000000000000 -0.9970664978027344 0.0000000000000000
2.5000000000000000 -0.4985332489013672 0.0000000000000000
2.0885144733885408 9.3665879486534998 0.0000000000000000
2.1506997622759387 8.8640791158512133 0.0000000000000000
2.2194095844137713 8.3637846475863444 0.0000000000000000
3.7334412360827303 5.0296214495340559 0.0000000000000000
0.4206646527460727 8.7279785446450209 0.0000000000000000
8.8024040517150741 0.4522419077325189 0.0000000000000000
9.0859236297070947 2.0362788289242508 0.0000000000000000
4.1428895568849002 4.6748801547912331 0.0000000000000000
7.6680236366274102 2.4291639355037602 0.0000000000000000
6.6312035379079113 2.6886453215445525 0.0000000000000000
4.7379399403105413 0.3424146606090695 0.0000000000000000
0.3883379963269036 4.6929029931300175 0.0000000000000000
5.2567476563039062 3.6019114146590647 0.0000000000000000
2.2766720543241874 2.9180570509865666 0.0000000000000000
0.4523170225481277 3.1618280636674352 0.0000000000000000
3.2459391882923621 0.4160428164000849 0.0000000000000000
7.2651463214550898 0.4427119252643152 0.0000000000000000
0.4456049415977485 7.2539535477934667 0.0000000000000000
0.7388364596892174 9.5049158703526473 0.0000000000000000
9.5494174718753886 1.8005258933999615 0.0000000000000000
0.8280002539222284 2.8958081733080219 0.0000000000000000
2.9393085167582740 1.7478897422124726 0.0000000000000000
2.9237797080163386 2.2729356809304218 0.0000000000000000
7.1865372796074638 2.5655649937567651 0.0000000000000000
2.3102396480151226 7.7915432171489245 0.0000000000000000
0.3981456038828650 9.1420007280365656 0.0000000000000000
9.3387112647074417 0.4527218010017457 0.0000000000000000
2.6018917217662931 7.3962723789334497 0.0000000000000000
5.7471989780310189 0.4277431821838028 0.0000000000000000
0.4918221344647531 5.7465448816692506 0.0000000000000000
2.6292083534950219 6.9173992816920808 0.0000000000000000
7.7751173947201728 0.4456817971699118 0.0000000000000000
0.4426326978151103 7.7503723327373217 0.0000000000000000
3.7218705824949270 0.4375700861435420 0.0000000000000000
0.4353959011019342 8.2464812015956319 0.0000000000000000
9.1125671131893515 0.9467700434870620 0.0000000000000000
0.8215136645412624 8.9813998288926022 0.0000000000000000
5.2024038737025622 0.4758848067714691 0.0000000000000000
0.4879516185053401 4.2251957788574970 0.0000000000000000
0.4550800963043233 6.7538458120982412 0.0000000000000000
7.5319944206167726 0.8999662268362163 0.0000000000000000
8.0549827468164352 0.8996674185601715 0.0000000000000000
1.6853148207807109 9.0603360288019292 0.0000000000000000
1.6219570053602315 9.5560825164639933 0.0000000000000000
2.9440789182167082 1.2319798096348620 0.0000000000000000
1.2549652393782225 2.9280889590441839 0.0000000000000000
3.3753684442110217 2.0065824802794214 0.0000000000000000
3.3889638743431316 1.4833751967956137 0.0000000000000000
3.4233510217051863 0.9112526928332877 0.0000000000000000
2.9239719277887293 0.7428040428021501 0.0000000000000000
2.8597023726309621 2.8593305735116821 0.0000000000000000
1.7396753266200324 8.5598381020459833 0.0000000000000000
1.2758389553758445 8.7693183756869360 0.0000000000000000
0.9393800514787110 3.3868721563365733 0.0000000000000000
1.4966425854469225 3.3670582959904651 0.0000000000000000
0.4509051915762665 3.6901282772741091 0.0000000000000000
5.7008848704488297 3.2967353702831552 0.0000000000000000
5.1878951630285144 3.0645345652613099 0.0000000000000000
1.2521806737511731 3.8108417870931244 0.0000000000000000
1.7525115762783656 3.7956305983304799 0.0000000000000000
0.8278192455240045 3.8665534311743430 0.0000000000000000
0.9991198075023497 4.2287355421254427 0.0000000000000000
2.5359511452555301 3.3538814513135411 0.0000000000000000
3.0433585212210428 3.3857003156915018 0.0000000000000000
3.8459661372889764 1.2456294946412803 0.0000000000000000
3.9086488327125455 0.8132806078100054 0.0000000000000000
2.7694505657391293 3.7989100371682842 0.0000000000000000
3.2620116674946820 3.8039834070895320 0.0000000000000000
2.2617008599112598 3.7931917099545798 0.0000000000000000
2.5068698687339781 4.2214504752444961 0.0000000000000000
3.8220011721075888 1.7502146006901746 0.0000000000000000
4.2679579734237318 1.5014869783049281 0.0000000000000000
4.2589140723781185 2.0052441541538060 0.0000000000000000
4.7050850828610349 1.7515774916862070 0.0000000000000000
1.2262955308772323 9.2564328425395850 0.0000000000000000
1.2168829726542114 9.6637205265395760 0.0000000000000000
8.2862990031861923 0.4450577982627257 0.0000000000000000
8.5653413543019230 0.8856829427564501 0.0000000000000000
8.1394102066720624 2.2931840021665741 0.0000000000000000
7.7719742835482020 1.9543154487670080 0.0000000000000000
8.2342541500753796 1.8034875841112168 0.0000000000000000
7.8103460816142611 1.4134999131269803 0.0000000000000000
2.9191237505704040 0.4122875051540426 0.0000000000000000
0.8887050618488743 7.5040393834139447 0.0000000000000000
1.4848657804766781 4.2274600927515182 0.0000000000000000
1.9968543024946097 4.2217934085274367 0.0000000000000000
2.0127430893014262 3.3601625070208661 0.0000000000000000
1.7570608784016208 2.9292646993781704 0.0000000000000000
0.8799160890929727 8.0035219869004166 0.0000000000000000
1.3327308855050006 7.7637352985777683 0.0000000000000000
3.0125084206850588 4.2261185556331098 0.0000000000000000
3.5114066105999218 4.2086768262861778 0.0000000000000000
3.2779896689323387 4.6805601273734254 0.0000000000000000
3.7349137002678372 4.5614739268392706 0.0000000000000000
1.3136999631928763 8.2708068581726870 0.0000000000000000
1.7860983427542507 8.0423639198126349 0.0000000000000000
3.3619822338884360 2.5344858481093837 0.0000000000000000
3.8143074369576109 2.2624546591227941 0.0000000000000000
3.8093154476051989 2.7719924802565292 0.0000000000000000
4.2524605655468912 2.5197377121128435 0.0000000000000000
4.2317897027898583 3.0323893221438962 0.0000000000000000
4.7001197101778764 2.7985342946195764 0.0000000000000000
1.7176427666093232 4.6559003581911265 0.0000000000000000
2.2449185216593168 4.6445329844792882 0.0000000000000000
1.9751671340645398 5.0803283498830245 0.0000000000000000
2.5075121328754904 5.0517685970420771 0.0000000000000000
2.2586904751547197 5.5128466819020865 0.0000000000000000
2.8740494189167700 5.4414126490530288 0.0000000000000000
1.1780656075167659 4.6585964174212826 0.0000000000000000
1.4081268107259906 5.0984700004227692 0.0000000000000000
0.7512636371297781 4.5906096651041679 0.0000000000000000
4.2875839605711965 1.0056172510459929 0.0000000000000000
4.2681818685255095 0.4803772192709683 0.0000000000000000
4.7281766205668170 0.7579334325044472 0.0000000000000000
4.7149524854706968 1.2527870035332005 0.0000000000000000
5.1619649000093988 1.0070529763706835 0.0000000000000000
5.1532067559522421 1.5024128880065888 0.0000000000000000
5.6353566152991004 1.2631874324633121 0.0000000000000000
5.1480085810961240 2.0019771284482699 0.0000000000000000
5.5713619689748386 1.7456497907288073 0.0000000000000000
0.6932345724240090 5.1559742002754625 0.0000000000000000
2.5712240935975759 5.9621788259553776 0.0000000000000000
3.1501394209699809 5.9399634286580580 0.0000000000000000
6.7555815497278502 0.4385710295228530 0.0000000000000000
7.0129538873021975 0.8846624921276354 0.0000000000000000
6.2477478321225002 0.4334735083228647 0.0000000000000000
3.3875465067601898 3.0426742946756988 0.0000000000000000
3.8044767191801609 3.2508090299312506 0.0000000000000000
4.0005719110387954 4.2232417357617100 0.0000000000000000
4.4889081925763259 4.3127293140413441 0.0000000000000000
4.3283601956893998 3.8446088185321621 0.0000000000000000
2.8888050686035349 6.4092275920068200 0.0000000000000000
2.3337762070784187 6.4474327873412651 0.0000000000000000
5.6060191033618283 2.2379851362844807 0.0000000000000000
6.0410046340461534 1.9085570193061459 0.0000000000000000
4.7045413537488230 2.2640775139405855 0.0000000000000000
5.1640106243199977 2.5238079530406692 0.0000000000000000
3.4558907761393396 3.4474212728122628 0.0000000000000000
3.7885414844129865 3.7485086714503262 0.0000000000000000
1.6990626030529405 5.5149823952547949 0.0000000000000000
1.9342501270479602 6.0176034905004485 0.0000000000000000
1.1730473829767316 5.5307941754378227 0.0000000000000000
4.8511915177699700 3.9446615842975152 0.0000000000000000
4.6733056935166291 3.3924180964119315 0.0000000000000000
6.4909969037646489 0.8840560225171676 0.0000000000000000
6.7585601049012043 1.3288486216020159 0.0000000000000000
6.1885522458830353 1.3692514449753199 0.0000000000000000
6.5534605453920056 1.7845776902911969 0.0000000000000000
5.9771230930919552 0.8622017656667078 0.0000000000000000
5.5438667594186866 0.8074302776272028 0.0000000000000000
5.6464535487309684 2.7685873468630899 0.0000000000000000
6.1468213978362929 3.0108117826842333 0.0000000000000000
6.0828659698059599 2.4707670994086635 0.0000000000000000
8.6153170319785932 2.1694514878503148 0.0000000000000000
8.7019618708590230 1.6799700069092522 0.0000000000000000
0.8597176189799782 8.4980694768163243 0.0000000000000000
0.4707130597247229 6.2469171199442330 0.0000000000000000
0.9606226226988532 5.9670011534888765 0.0000000000000000
4.1644444815121124 3.4545900690125899 0.0000000000000000
0.9007600836508995 7.0055294075052075 0.0000000000000000
0.9240422776928234 6.5040073008817565 0.0000000000000000
1.3613952829086298 6.7691696029651105 0.0000000000000000
1.4079765329498670 6.2770126255696335 0.0000000000000000
1.3414798455705519 7.2616188680460656 0.0000000000000000
1.7796788596209137 7.0282628381015284 0.0000000000000000
1.8284716113781716 6.5596868682280727 0.0000000000000000
1.7934766669923548 7.5190980753865997 0.0000000000000000
2.2116168909941827 7.2452870668557896 0.0000000000000000
2.1564846646060341 6.8368124415500686 0.0000000000000000
2.7498550035551510 4.6339963595177291 0.0000000000000000
1.4369646082579628 5.8596149616958222 0.0000000000000000
8.3589348844002203 1.3224963210253471 0.0000000000000000
8.7763084504164137 1.2641642602976884 0.0000000000000000
9.1338084279130776 1.4963196366936515 0.0000000000000000
9.5670503161744538 1.2618471407708571 0.0000000000000000
2.9352320441015065 4.9853582630369369 0.0000000000000000
5.8594932064618179 1.5689845164023291 0.0000000000000000
9.6031785643267451 0.8318650316100571 0.0000000000000000
3.4488525586805450 5.5004738863175442 0.0000000000000000
3.2560214661587983 5.1255420679703132 0.0000000000000000
7.0342207101136740 1.7363057027585445 0.0000000000000000
7.2670915201724871 1.3257962460290658 0.0000000000000000
7.4438367487045145 1.7029399886637593 0.0000000000000000
7.3272858818676214 2.0945282299900398 0.0000000000000000
6.8627457143486872 2.1768108338539185 0.0000000000000000
6.4353246453016677 2.2032909111873527 0.0000000000000000
0.8316523264592028 5.5980974784479516 0.0000000000000000
-9.3666103788033954 2.0888650836126823 0.0000000000000000
-8.8642931905439326 2.1512768591177212 0.0000000000000000
-8.3640827619380449 2.2199440629895815 0.0000000000000000
-5.0324602633922817 3.7313713007801921 0.0000000000000000
-8.7281431285634188 0.4208734745539111 0.0000000000000000
-0.4581943962648904 8.7774644671172037 0.0000000000000000
-2.1382202769370187 9.1597582746962818 0.0000000000000000
-4.6807507636034913 4.1353480969064709 0.0000000000000000
-2.4297633332273616 7.6637094834422905 0.0000000000000000
-2.6855298669966707 6.6364130005726008 0.0000000000000000
-0.3416364975406536 4.7370665576399258 0.0000000000000000
-4.6929029903747868 0.3883380167781301 0.0000000000000000
-3.5653881362485325 5.2615067045977888 0.0000000000000000
-2.9182977988300953 2.2774509583106202 0.0000000000000000
-3.1618280522129272 0.4523170096587581 0.0000000000000000
-0.4160635255247450 3.2459391882923621 0.0000000000000000
-0.4333972216336411 7.2602386644350059 0.0000000000000000
-7.2539140981820518 0.4452616188438423 0.0000000000000000
-9.5048936791946819 0.7389909904584666 0.0000000000000000
-1.8454707329631344 9.5380896344267256 0.0000000000000000
-2.8958563952059446 0.8280435091503726 0.0000000000000000
-1.7476916426944815 2.9391266585394762 0.0000000000000000
-2.2727624872348908 2.9243332346578477 0.0000000000000000
-2.5669222018008804 7.1898373374837448 0.0000000000000000
-7.7916309044761549 2.3103725791495586 0.0000000000000000
-9.1419721078079341 0.3981745807738690 0.0000000000000000
-0.4614209204572333 9.3232505908632355 0.0000000000000000
-7.3960976174630506 2.6018794027088576 0.0000000000000000
-0.4489322452903520 5.7380907065225690 0.0000000000000000
-5.7465429353031556 0.4918242073551067 0.0000000000000000
-6.9173984682404992 2.6292110320088309 0.0000000000000000
-0.4327720531464423 7.7563479898171437 0.0000000000000000
-7.7516783763851445 0.4404088978315723 0.0000000000000000
-0.4374721128777236 3.7216024402614236 0.0000000000000000
-8.2469197039038225 0.4350381167375712 0.0000000000000000
-0.9791824138972500 9.0592410515557162 0.0000000000000000
-8.9813358581226712 0.8219384383297825 0.0000000000000000
-0.4800737673371334 5.1927728708333198 0.0000000000000000
-4.2251983606975845 0.4879720325361134 0.0000000000000000
-6.7538252344188665 0.4549819171466023 0.0000000000000000
-0.8632442738089268 7.5099429159187476 0.0000000000000000
-0.8619502787403250 8.0031160874340976 0.0000000000000000
-9.0605020239851051 1.6859679867766673 0.0000000000000000
-9.5561668965655713 1.6222858448877844 0.0000000000000000
-1.2318907398477033 2.9440840252113230 0.0000000000000000
-2.9280927556784997 1.2549622499440520 0.0000000000000000
-2.0062039732277541 3.3740797605107566 0.0000000000000000
-1.4833414903882298 3.3888784364571158 0.0000000000000000
-0.9110819969242671 3.4231789884319701 0.0000000000000000
-0.7426220605044792 2.9237920100187589 0.0000000000000000
-2.8597186832984356 2.8626951270086956 0.0000000000000000
-9.2564585172285252 1.2266385650904130 0.0000000000000000
-9.6637266365350190 1.2170845456065482 0.0000000000000000
-3.2802815814937922 5.7076551443989656 0.0000000000000000
-3.0272992268858507 5.2121440751436117 0.0000000000000000
-3.3868712038251489 0.9393812054514648 0.0000000000000000
-3.3670604531718822 1.4966447619999368 0.0000000000000000
-3.6901280900624669 0.4509051779913520 0.0000000000000000
-3.8108350117452745 1.2521889367478725 0.0000000000000000
-3.7958130105774295 1.7530715714072524 0.0000000000000000
-3.8665536124305877 0.8278207321129951 0.0000000000000000
-4.2285468069586685 0.9993037011969150 0.0000000000000000
-3.3545696508101113 2.5379049624007157 0.0000000000000000
-3.3876669511166946 3.0493939301048263 0.0000000000000000
-1.2454281505033136 3.8454277401406385 0.0000000000000000
-0.8132126813052813 3.9077294247469556 0.0000000000000000
-3.8006087046678534 2.7724720558216092 0.0000000000000000
-3.8113291756359935 3.2685185393091940 0.0000000000000000
-3.7938503697206016 2.2627659353365415 0.0000000000000000
-4.2223387662145679 2.5070358297717474 0.0000000000000000
-1.7503246623755782 3.8232340397091127 0.0000000000000000
-1.5013186062554624 4.2656691550643568 0.0000000000000000
-2.0013010008610190 4.2624261487398210 0.0000000000000000
-1.7497528924299897 4.6979915171804176 0.0000000000000000
-2.7500394200655878 5.6548673263561247 0.0000000000000000
-2.5022384456954212 5.1741887058293425 0.0000000000000000
-3.0030450604525827 6.1510480930856932 0.0000000000000000
-2.4580189759869859 6.0912726480334802 0.0000000000000000
-0.4373875745101259 8.2598243656041568 0.0000000000000000
-0.8841328848334784 8.4990939833937844 0.0000000000000000
-2.2005120607019415 8.1582320753042801 0.0000000000000000
-2.0250532231875895 7.7299395208913388 0.0000000000000000
-0.4121016283972570 2.9189451341328647 0.0000000000000000
-7.5039761106477236 0.8885216614898539 0.0000000000000000
-4.2276440581892194 1.4850386521839720 0.0000000000000000
-4.2221625131663592 1.9972062575467628 0.0000000000000000
-8.0040065408601659 0.8795826159178919 0.0000000000000000
-7.7639734585256335 1.3327532527473984 0.0000000000000000
-8.2711281405931345 1.3138361246847818 0.0000000000000000
-8.0427612547407765 1.7862953189327015 0.0000000000000000
-3.3605834346202963 2.0134898693733225 0.0000000000000000
-2.9293686139938044 1.7572872251148421 0.0000000000000000
-4.2272929072248067 3.0163874580147079 0.0000000000000000
-4.2188821169062187 3.5137417524430177 0.0000000000000000
-4.6842948861830926 3.2777833484914600 0.0000000000000000
-4.5714755538056542 3.7297663602470292 0.0000000000000000
-4.6558951621861508 1.7176538912521266 0.0000000000000000
-4.6446949939192237 2.2449211600121561 0.0000000000000000
-5.0803276507593118 1.9751689653144879 0.0000000000000000
-5.0518601555086420 2.5074975669835986 0.0000000000000000
-5.5128429618363048 2.2586007330605220 0.0000000000000000
-5.4417721681889493 2.8737532691607948 0.0000000000000000
-4.6585943677181314 1.1780648650170562 0.0000000000000000
-5.0984718501092470 1.4081232630926888 0.0000000000000000
-4.5904272756474507 0.7514475171955741 0.0000000000000000
-2.5330942495979945 3.3657964251930741 0.0000000000000000
-2.2579584247390194 3.8197811957286172 0.0000000000000000
-1.0055900332782246 4.2839162556033665 0.0000000000000000
-0.4800768377118961 4.2666138602398131 0.0000000000000000
-0.7584065234716358 4.7199154913369599 0.0000000000000000
-1.2518243732674765 4.7014942335175718 0.0000000000000000
-1.0040413882814032 5.1306716139595938 0.0000000000000000
-1.4910235303525095 5.1233686574081165 0.0000000000000000
-1.2326830461728515 5.5279630221557960 0.0000000000000000
-1.9893046351893260 5.1422628084390372 0.0000000000000000
-1.7092816841653227 5.5552034943426065 0.0000000000000000
-2.7671664681298846 3.8282726294239282 0.0000000000000000
-2.5072347087370024 4.2716432817690144 0.0000000000000000
-3.0169755415460631 4.2837145483614512 0.0000000000000000
-2.7646358151942980 4.7341556000007463 0.0000000000000000
-5.9622769476662407 2.5712150042398303 0.0000000000000000
-5.9401000190544728 3.1499909739450827 0.0000000000000000
-5.1559739825722311 0.6932366623256030 0.0000000000000000
-0.4420086376517805 6.7598984091926919 0.0000000000000000
-0.8738999228145909 7.0195436256736397 0.0000000000000000
-0.4549833214837204 6.2484431123437512 0.0000000000000000
-3.0450229907930422 3.4007829912493728 0.0000000000000000
-3.2623080269763016 3.8430366783653946 0.0000000000000000
-4.2512662071211471 3.9825597920759686 0.0000000000000000
-4.3250102975222635 4.4580603129313436 0.0000000000000000
-3.9497285326870126 4.2571467235669420 0.0000000000000000
-6.4094058296412184 2.8886247278219273 0.0000000000000000
-6.4474339958031051 2.3337761418252487 0.0000000000000000
-2.2174121528320767 5.6112978225870194 0.0000000000000000
-1.8823784206424483 6.0648696104458644 0.0000000000000000
-2.2539127801786569 4.7123730568870945 0.0000000000000000
-3.4574506953174402 3.4707367782989031 0.0000000000000000
-3.7796690958543908 3.8025543094271352 0.0000000000000000
-5.5149820330785095 1.6990637228745715 0.0000000000000000
-6.0176025149627144 1.9342500829427980 0.0000000000000000
-5.5307938156779084 1.1730491278805690 0.0000000000000000
-1.2799399121541788 7.7532327868819628 0.0000000000000000
-1.2852075858073899 8.2270432405910441 0.0000000000000000
-1.2941016249761552 7.2739011558356275 0.0000000000000000
-1.6892807293584888 7.5203207690217502 0.0000000000000000
-1.7286571890342695 7.0617583365452026 0.0000000000000000
-2.1036815634909134 7.3385300640305235 0.0000000000000000
-1.3221694606866938 6.7927090804781356 0.0000000000000000
-1.7771647793901442 6.5895591221202459 0.0000000000000000
-1.3746203280886504 6.3008205780598203 0.0000000000000000
-0.9010660804938661 6.5156785852654222 0.0000000000000000
-0.9501573426972975 5.9620985676027622 0.0000000000000000
-8.5601419766424733 1.7407379017864457 0.0000000000000000
-8.7694300913723104 1.2767284924252635 0.0000000000000000
-8.4982852859493807 0.8600057342377223 0.0000000000000000
-6.2469205288743641 0.4707121778629197 0.0000000000000000
-5.9670009700444036 0.9606229911788677 0.0000000000000000
-7.0055358194493857 0.9007600836508995 0.0000000000000000
-6.5040089800409060 0.9240424119174229 0.0000000000000000
-6.7689760982991674 1.3613850061747641 0.0000000000000000
-6.2768359956026361 1.4081556396722483 0.0000000000000000
-7.2617672126043891 1.3414764265404493 0.0000000000000000
-7.0282488425084448 1.7796898472294451 0.0000000000000000
-6.5594873257427162 1.8284645290693611 0.0000000000000000
-7.5193067826138451 1.7936652141651290 0.0000000000000000
-7.2452807076780257 2.2116054615736429 0.0000000000000000
-6.8367947768783290 2.1565012035001647 0.0000000000000000
-3.5275332966833060 4.2840905299090872 0.0000000000000000
-4.6345295088793783 2.7499991953005631 0.0000000000000000
-5.8594333844072652 1.4370551419376589 0.0000000000000000
-3.2945078743717295 4.7572272048222661 0.0000000000000000
-3.8817118479379915 4.7677347338286991 0.0000000000000000
-1.6957537188202398 7.9773236134219063 0.0000000000000000
-1.7064208487947123 8.4624572741520510 0.0000000000000000
-2.1750997941855230 6.8763197364250015 0.0000000000000000
-2.1970067139264313 6.4503255114683800 0.0000000000000000
-1.2944098266328898 8.6558517233329297 0.0000000000000000
-4.9863005843168411 2.9347845435291191 0.0000000000000000
-1.2977991082180833 9.5361338102868665 0.0000000000000000
-1.6277297589064579 9.0212122328091215 0.0000000000000000
-1.4309839269053446 5.8809897926511354 0.0000000000000000
-0.8449027073667852 9.5856870320396084 0.0000000000000000
-5.5011048815243617 3.4481062631278663 0.0000000000000000
-5.1271962582230461 3.2552431665739805 0.0000000000000000
-2.1459721793524964 8.7223802812143791 0.0000000000000000
-5.5980976326134053 0.8316520873675781 0.0000000000000000
-0.8210694929233863 5.5122616618480196 0.0000000000000000
-2.0881399145338326 -9.3673331727292357 0.0000000000000000
-2.1487471783034229 -8.8659466942028970 0.0000000000000000
-2.2120810666873263 -8.3674567501899890 0.0000000000000000
-3.7389857738263466 -5.0319876889615474 0.0000000000000000
-0.4202843120648154 -8.7288910976611458 0.0000000000000000
-8.7638425373243791 -0.4312430442346142 0.0000000000000000
-9.1797316405692850 -2.1584732694775113 0.0000000000000000
-4.1440226213316453 -4.6749961056690816 0.0000000000000000
-7.6694832424713351 -2.2996262175108915 0.0000000000000000
-6.6247817202836083 -2.6851431264165120 0.0000000000000000
-4.7085563126891765 -0.5287399092543961 0.0000000000000000
-0.5261676844802743 -4.6996787070377444 0.0000000000000000
-5.2611308122760807 -3.5959270357266555 0.0000000000000000
-2.2750027001188258 -2.9184910093179623 0.0000000000000000
-0.4490469248102951 -3.1602038951543228 0.0000000000000000
-3.1647526974393658 -0.4439221843506599 0.0000000000000000
-7.2607151426627778 -0.4329934839577529 0.0000000000000000
-0.4415905629255761 -7.2538392381069459 0.0000000000000000
-0.7386180827461359 -9.5052631374250520 0.0000000000000000
-9.5530560159818183 -1.8677168544682354 0.0000000000000000
-0.8255147367379330 -2.8956444898865015 0.0000000000000000
-2.9305739635763137 -1.7493190462810204 0.0000000000000000
-2.9155513182101682 -2.2713092215574533 0.0000000000000000
-7.1662289382997102 -2.5449459743405995 0.0000000000000000
-2.2820618635733823 -7.7975105341849522 0.0000000000000000
-0.3977823660552016 -9.1425303144911556 0.0000000000000000
-9.2988791815574814 -0.4433430196300571 0.0000000000000000
-2.5361480892089734 -7.3222945052912021 0.0000000000000000
-5.7572194372023215 -0.4484206168237779 0.0000000000000000
-0.4525363084350289 -5.7480993338388773 0.0000000000000000
-2.7197983848898728 -6.8677257504793472 0.0000000000000000
-7.7581681557555839 -0.4328495500834135 0.0000000000000000
-0.4408455219042047 -7.7516773603382720 0.0000000000000000
-3.6890724867329592 -0.4345885900365820 0.0000000000000000
-9.0046727472819477 -0.8499585303059743 0.0000000000000000
-0.4341271000572782 -8.2478142410566644 0.0000000000000000
-0.8207738569895273 -8.9826429064841076 0.0000000000000000
-0.4555552901646820 -4.1771036945458642 0.0000000000000000
-5.2497050652305024 -0.4634184609608751 0.0000000000000000
-7.5113603510933693 -0.8690567009767809 0.0000000000000000
-8.0096337585690840 -0.8660979026905562 0.0000000000000000
-0.4436443730514643 -6.7535443379563977 0.0000000000000000
-1.6841466976495809 -9.0619555459481749 0.0000000000000000
-1.6216356404215961 -9.5566207681993571 0.0000000000000000
-2.9341990344616597 -1.2442814880064597 0.0000000000000000
-3.3555962424628554 -2.0029678567201752 0.0000000000000000
-3.3703607119253540 -1.4837256077735614 0.0000000000000000
-3.3946929589345514 -0.9234135298869374 0.0000000000000000
-2.9006939494734043 -0.8196098525834983 0.0000000000000000
-1.2515371800514998 -2.9302653384248050 0.0000000000000000
-2.8539641605873696 -2.8569275525377642 0.0000000000000000
-0.4666763871315833 -5.2389631611708865 0.0000000000000000
-0.9139201548524660 -4.9927732121348702 0.0000000000000000
-1.2263919377804555 -9.2572302624210110 0.0000000000000000
-1.2168766637861843 -9.6639922122163533 0.0000000000000000
-0.9300251810174203 -3.3915410873913041 0.0000000000000000
-1.4905605235038060 -3.3753305258367834 0.0000000000000000
-2.9311403083345891 -6.4058275256558614 0.0000000000000000
-2.4141136425413476 -6.4464600209345146 0.0000000000000000
-3.3453452713508049 -2.5277742844036952 0.0000000000000000
-3.7766733901436949 -2.2516825109928083 0.0000000000000000
-1.2373550461034171 -3.8359440346767699 0.0000000000000000
-1.7506588155939387 -3.8106424858351655 0.0000000000000000
-2.6484185026608298 -5.9683110620427318 0.0000000000000000
-2.1262144580726723 -6.0136986401772914 0.0000000000000000
-7.0160740417134697 -0.8726775263912027 0.0000000000000000
-7.2624301372887725 -1.3096182280409023 0.0000000000000000
-3.8276355576311252 -1.2361394296000776 0.0000000000000000
-3.8842912791044570 -0.7998810264097377 0.0000000000000000
-3.7884620332808208 -1.7445907275435879 0.0000000000000000
-2.5341796868182085 -3.3546172826268763 0.0000000000000000
-3.0392805331399826 -3.3832502419758579 0.0000000000000000
-4.2253144289190878 -1.5000793775060222 0.0000000000000000
-4.3182479132371663 -0.9635431345567995 0.0000000000000000
-2.7696904273878076 -3.8007078910495813 0.0000000000000000
-3.2603726556079486 -3.8024923786606140 0.0000000000000000
-2.2642225285484736 -3.7989825823655221 0.0000000000000000
-2.5118729581407857 -4.2306974305102454 0.0000000000000000
-2.0051187005269444 -4.2409347841143941 0.0000000000000000
-2.2650664754190508 -4.6658811750816032 0.0000000000000000
-3.7862155079403808 -2.7574210749128811 0.0000000000000000
-4.2119696530969097 -2.4816613844426607 0.0000000000000000
-4.1856739324121772 -0.4526310094083609 0.0000000000000000
-3.3769897082083480 -3.0353199009346321 0.0000000000000000
-3.7951310551435782 -3.2376298623051962 0.0000000000000000
-3.4500251372847810 -3.4414120154778360 0.0000000000000000
-3.7844776857452498 -3.7427741213479591 0.0000000000000000
-8.2602827607032516 -0.4300255737200008 0.0000000000000000
-8.5079073265271017 -0.8599239993288196 0.0000000000000000
-8.2558603070459675 -1.3031431285827810 0.0000000000000000
-8.7560360339329808 -1.2746372233517573 0.0000000000000000
-7.7538470633633416 -1.3115766005964802 0.0000000000000000
-7.9860029383038356 -1.7751040056932923 0.0000000000000000
-7.4874853069301022 -1.7575396881036234 0.0000000000000000
-1.7550664784132497 -2.9310498905732199 0.0000000000000000
-2.0111594344996249 -3.3647710152309180 0.0000000000000000
-0.8847268535643860 -7.5076596540008724 0.0000000000000000
-7.0246215319858418 -1.7409095647816553 0.0000000000000000
-6.7753679347227127 -1.3189306613638845 0.0000000000000000
-6.5603616920876693 -1.7756008175048417 0.0000000000000000
-6.2738087963474189 -1.3510270303401675 0.0000000000000000
-6.0274209746326290 -1.8892297006610901 0.0000000000000000
-6.5179292923931804 -0.8833442793153428 0.0000000000000000
-6.0127339464119647 -0.8961581101798867 0.0000000000000000
-5.7555834091054834 -1.3648904024932054 0.0000000000000000
-5.4745207116063064 -1.8096085879878387 0.0000000000000000
-0.4417696354129035 -3.6819523052526311 0.0000000000000000
-1.4890758266311259 -4.2606485176353130 0.0000000000000000
-6.7625331872345695 -0.4364858197464875 0.0000000000000000
-6.2612218835955513 -0.4421048326223753 0.0000000000000000
-0.8762693716512029 -8.0075157762927489 0.0000000000000000
-1.3245703827262627 -7.7731826446965337 0.0000000000000000
-1.3084900796972789 -8.2761521338219026 0.0000000000000000
-1.7736783721123981 -8.0513057969788626 0.0000000000000000
-3.0155922832339943 -4.2303020018243505 0.0000000000000000
-3.5126307885035990 -4.2088134491284572 0.0000000000000000
-3.2854324797948511 -4.6861847059843624 0.0000000000000000
-3.7377340810813413 -4.5629640654927250 0.0000000000000000
-5.5058492311844667 -0.9045310446552537 0.0000000000000000
-5.2367298628634957 -1.3550890161940470 0.0000000000000000
-4.9606300143187614 -1.8355776761774256 0.0000000000000000
-5.2442598816349930 -2.1509117573884278 0.0000000000000000
-4.7105436477001206 -1.3194792444528332 0.0000000000000000
-4.5337169557552439 -1.7620757535174620 0.0000000000000000
-4.1862325003686607 -1.9876736522387517 0.0000000000000000
-4.5916733589181167 -2.1777421490934694 0.0000000000000000
-0.8050152949313834 -3.8780218829912547 0.0000000000000000
-0.9527243211903293 -4.3133782139958923 0.0000000000000000
-2.7606759878980300 -4.6482760670839047 0.0000000000000000
-2.9524475897964058 -4.9998871317344555 0.0000000000000000
-2.5412950667646133 -5.0725139292510768 0.0000000000000000
-2.9125876869022953 -5.4527417019789919 0.0000000000000000
-2.0243780329490288 -5.1240143599151713 0.0000000000000000
-2.3456888763128543 -5.5377849721265928 0.0000000000000000
-1.7432619794929547 -4.6919582981827768 0.0000000000000000
-1.4297647482759643 -5.1887602797237493 0.0000000000000000
-5.7061146423059057 -3.2976823232949122 0.0000000000000000
-5.2081450451525164 -3.0494409549237469 0.0000000000000000
-5.6643702775974312 -2.7761559228842532 0.0000000000000000
-5.2320985944782166 -2.5416884075934290 0.0000000000000000
-5.6198876405469695 -2.2740452773272488 0.0000000000000000
-4.9485540975163813 -2.2838844811012713 0.0000000000000000
-6.0844089402525192 -2.4731928599522086 0.0000000000000000
-6.1502607086002561 -3.0121080695186255 0.0000000000000000
-5.0167997943264027 -0.9137368061858437 0.0000000000000000
-4.6887969143168915 -0.9285812047825217 0.0000000000000000
-1.2397317636062883 -4.6841067361500617 0.0000000000000000
-0.9071035131507390 -4.6727360537404490 0.0000000000000000
-1.8280859979076016 -5.6042990376990645 0.0000000000000000
-3.9990227650863552 -4.2228195952167633 0.0000000000000000
-4.4881090256256826 -4.3114033678870989 0.0000000000000000
-4.3249457774098881 -3.8388422021441104 0.0000000000000000
-4.8492872182702067 -3.9411779034790837 0.0000000000000000
-4.6770387663241495 -3.3683177319116848 0.0000000000000000
-4.2240694413580497 -2.9995204241599795 0.0000000000000000
-4.7258017991128805 -2.7022609069819317 0.0000000000000000
-4.1601228747114307 -3.4385161195009908 0.0000000000000000
-1.7353222430784623 -8.5639312377061092 0.0000000000000000
-1.2739891257913332 -8.7717462404343394 0.0000000000000000
-0.8576026553592477 -8.5003647931544695 0.0000000000000000
-3.1788830502721979 -5.9432884587463155 0.0000000000000000
-8.2430873983288855 -2.2335362218314452 0.0000000000000000
-0.9161353079716399 -5.4878499645971663 0.0000000000000000
-0.8963239218668235 -6.0002478842453337 0.0000000000000000
-1.3498810602985856 -5.7564785719908214 0.0000000000000000
-0.4466065346034682 -6.2519882249751362 0.0000000000000000
-0.8926992705838899 -6.5011947406272670 0.0000000000000000
-1.3362606816135436 -6.2528890104506480 0.0000000000000000
-1.6966506096490122 -6.0216829673171084 0.0000000000000000
-1.8442015428109109 -6.4953277364242803 0.0000000000000000
-1.3442020654907907 -6.7591456809112573 0.0000000000000000
-1.7734966836996637 -7.0485150762455140 0.0000000000000000
-0.8906259497438977 -7.0050559688719600 0.0000000000000000
-8.5110644723682967 -1.7401104766938356 0.0000000000000000
-9.0721837635658780 -1.6804528393977169 0.0000000000000000
-1.3316361460719541 -7.2698895240940393 0.0000000000000000
-1.7693239226023572 -7.5419781269174706 0.0000000000000000
-9.5545112546052398 -1.3564527726507030 0.0000000000000000
-8.7563334238658541 -2.1693863178003578 0.0000000000000000
-9.5085588668821401 -0.8906114325366051 0.0000000000000000
-9.1811100842288571 -1.2084025251098356 0.0000000000000000
-3.4634307881395436 -5.5045763625121511 0.0000000000000000
-3.2705537252469341 -5.1347382193200088 0.0000000000000000
-7.2361224853716593 -2.1045454723567700 0.0000000000000000
-6.8387997972367920 -2.1755721658161891 0.0000000000000000
-6.4282971778852227 -2.1973955069451216 0.0000000000000000
-2.2336567932449478 -6.9181616168118003 0.0000000000000000
-2.1209269428227095 -7.3238541768578411 0.0000000000000000
9.3665879486534962 -2.0885144733885408 0.0000000000000000
8.8640791158512098 -2.1506997622759387 0.0000000000000000
8.3637846475863409 -2.2194095844137722 0.0000000000000000
5.0296223021579962 -3.7334356840616474 0.0000000000000000
8.7279785446450209 -0.4206646527460727 0.0000000000000000
0.4275273550560333 -8.7788399105453330 0.0000000000000000
2.0393854978975408 -9.1203649465528347 0.0000000000000000
4.6751180080856551 -4.1429910392970886 0.0000000000000000
2.4299889954784315 -7.6692416336607785 0.0000000000000000
2.6897937991073761 -6.6311987457594306 0.0000000000000000
0.3424484309003045 -4.7383551735359237 0.0000000000000000
4.6929029931306463 -0.3883379963249194 0.0000000000000000
3.6032578146899796 -5.2576701899054710 0.0000000000000000
2.9181556996099571 -2.2767556657645347 0.0000000000000000
3.1618280636665288 -0.4523170225468665 0.0000000000000000
0.4160755370948226 -3.2460307410267371 0.0000000000000000
0.4402671693759604 -7.2670614829444569 0.0000000000000000
7.2539535477934667 -0.4456049415977485 0.0000000000000000
9.5049158703526455 -0.7388364596892174 0.0000000000000000
1.8219989422059069 -9.5848454468123201 0.0000000000000000
2.8958081727309337 -0.8280002534356008 0.0000000000000000
1.7482496478084524 -2.9395816916552331 0.0000000000000000
2.2733100434231965 -2.9239611294889212 0.0000000000000000
2.5658550771699362 -7.1873220220205214 0.0000000000000000
7.7915432171489201 -2.3102396480151235 0.0000000000000000
9.1420007280365656 -0.3981456038828650 0.0000000000000000
0.4964069904503808 -9.3377420538297518 0.0000000000000000
7.3962723789334461 -2.6018917217662949 0.0000000000000000
0.4277201396862344 -5.7479477762674875 0.0000000000000000
5.7465448816707481 -0.4918221344668030 0.0000000000000000
6.9173992816920649 -2.6292083534950272 0.0000000000000000
0.4398451606539435 -7.7764860041473094 0.0000000000000000
7.7503723327373217 -0.4426326978151103 0.0000000000000000
0.4375796599247641 -3.7220536879636770 0.0000000000000000
8.2464812015956319 -0.4353959011019342 0.0000000000000000
0.7937220688630342 -8.9910301829560062 0.0000000000000000
8.9813998288926022 -0.8215136645412624 0.0000000000000000
0.4757716164061385 -5.2039355651555077 0.0000000000000000
4.2251957788113170 -0.4879516182189363 0.0000000000000000
6.7538458120982412 -0.4550800963043233 0.0000000000000000
0.8933179648721441 -7.5366161272991832 0.0000000000000000
0.8844929501003950 -8.0597472400314452 0.0000000000000000
9.0603360288019257 -1.6853148207807109 0.0000000000000000
9.5560825164639898 -1.6219570053602315 0.0000000000000000
1.2320855279026905 -2.9442596944780055 0.0000000000000000
2.9280837674070366 -1.2549699189938401 0.0000000000000000
2.0071410741547253 -3.3759140677543531 0.0000000000000000
1.4836825141601593 -3.3894861137142147 0.0000000000000000
0.9113254929627941 -3.4237091118913181 0.0000000000000000
0.7428023265583977 -2.9239756194652786 0.0000000000000000
2.8596474872557867 -2.8599545846984871 0.0000000000000000
8.5598381020459797 -1.7396753266200324 0.0000000000000000
8.7693183756869324 -1.2758389553758427 0.0000000000000000
3.2982183955922562 -5.7014987821555154 0.0000000000000000
3.0674785900339070 -5.1892974134193839 0.0000000000000000
3.3870593276254786 -0.9391925836303709 0.0000000000000000
3.3670628516637291 -1.4966416566444032 0.0000000000000000
3.6901523299501893 -0.4509042799287002 0.0000000000000000
3.8110163276223443 -1.2520033569393636 0.0000000000000000
3.7958108627862481 -1.7526999939320849 0.0000000000000000
3.8665495822062912 -0.8278206019044312 0.0000000000000000
4.2287355583430983 -0.9991186017759759 0.0000000000000000
3.3540784775537293 -2.5361187679870927 0.0000000000000000
3.3861827424839568 -3.0436872708596923 0.0000000000000000
1.2458481733190498 -3.8468698005335238 0.0000000000000000
0.8133472589837600 -3.9092163388991059 0.0000000000000000
3.7991319707798374 -2.7695766463319531 0.0000000000000000
3.8045560511996541 -3.2623589966465634 0.0000000000000000
3.7933858990035740 -2.2618190893229979 0.0000000000000000
4.2215420278965539 -2.5068680314848200 0.0000000000000000
1.7505332709210835 -3.8233145613991413 0.0000000000000000
1.5016163727309262 -4.2701552390487318 0.0000000000000000
2.0078289370389419 -4.2609310197254171 0.0000000000000000
1.7544321869283035 -4.7079402053199360 0.0000000000000000
9.2564328425395814 -1.2262955308772341 0.0000000000000000
9.6637205265395743 -1.2168829726542114 0.0000000000000000
2.2908364024388206 -8.1476063357416617 0.0000000000000000
1.9502754808648821 -7.7799446606353175 0.0000000000000000
0.4321637632914755 -8.2806058186498479 0.0000000000000000
0.8374563680339985 -8.5631636467398522 0.0000000000000000
0.4122838890524962 -2.9191270762456236 0.0000000000000000
7.5040393834139447 -0.8887050618488743 0.0000000000000000
4.2276433776503790 -1.4850451230901545 0.0000000000000000
4.2219801102577303 -1.9970375747860789 0.0000000000000000
3.3603596682436536 -2.0128576691106064 0.0000000000000000
2.9293150257771172 -1.7570495982802186 0.0000000000000000
8.0035219869004166 -0.8799160890929727 0.0000000000000000
7.7637352985777683 -1.3327308855050006 0.0000000000000000
4.2263073403631211 -3.0124850253859572 0.0000000000000000
4.2091144680217258 -3.5116463667017621 0.0000000000000000
4.6808440233834459 -3.2781651998239196 0.0000000000000000
4.5617518452590406 -3.7351796393311902 0.0000000000000000
8.2708068581726870 -1.3136999631928763 0.0000000000000000
8.0423639198126349 -1.7860983427542507 0.0000000000000000
2.5350601399294512 -3.3629245498641449 0.0000000000000000
2.2637832889655312 -3.8144571709542134 0.0000000000000000
4.6559007159323853 -1.7176420142539737 0.0000000000000000
4.6445336049874966 -2.2449174613827898 0.0000000000000000
5.0803283863043065 -1.9751670595333124 0.0000000000000000
5.0517685970417894 -2.5075121352575893 0.0000000000000000
5.5128466825276270 -2.2586904766525313 0.0000000000000000
5.4414126573518597 -2.8740494400240175 0.0000000000000000
4.6585958409521790 -1.1780653072335454 0.0000000000000000
5.0984700078152194 -1.4081267777750472 0.0000000000000000
4.5906096677279269 -0.7512636369361214 0.0000000000000000
2.7738154870203271 -3.8103313130404777 0.0000000000000000
2.5238635304274184 -4.2548075376312466 0.0000000000000000
3.0355347518754985 -4.2331139879594302 0.0000000000000000
2.8044812124012646 -4.7016125705606324 0.0000000000000000
1.0057225223440229 -4.2886822492919237 0.0000000000000000
0.4804164317567471 -4.2686377907887163 0.0000000000000000
0.7580037642745951 -4.7292817881412779 0.0000000000000000
1.2528496896548444 -4.7173328565644468 0.0000000000000000
1.0073251752607009 -5.1639790601656488 0.0000000000000000
1.5029942487027925 -5.1570798596154939 0.0000000000000000
1.2641256434095258 -5.6372195108721721 0.0000000000000000
2.0089413228030666 -5.1498533151940693 0.0000000000000000
1.7480941230145459 -5.5739547569157093 0.0000000000000000
5.1559742003398679 -0.6932345736748005 0.0000000000000000
5.9621788258563200 -2.5712240935172259 0.0000000000000000
5.9399634286563865 -3.1501394209856395 0.0000000000000000
0.4376600391391982 -6.7565834202260397 0.0000000000000000
0.8820127794586639 -7.0156443832694766 0.0000000000000000
0.4330960525200485 -6.2482942576960188 0.0000000000000000
1.7956008050660726 -8.2533817174228155 0.0000000000000000
1.4039740598913575 -7.8215924637773062 0.0000000000000000
1.2959697823949434 -8.3889401965949002 0.0000000000000000
3.0436769735493137 -3.3882087340765272 0.0000000000000000
3.2525361394612484 -3.8053507117098331 0.0000000000000000
2.7714274729695014 -5.6463193749660148 0.0000000000000000
2.5284611616774746 -5.1647954959979412 0.0000000000000000
3.0123513858717730 -6.1466769350616781 0.0000000000000000
2.4730144190911458 -6.0823534120948040 0.0000000000000000
4.2239870580058785 -4.0009437448132612 0.0000000000000000
4.3133064315109086 -4.4892785849839676 0.0000000000000000
3.8454830338222918 -4.3294848297881003 0.0000000000000000
2.2413842120661225 -5.6080645682330852 0.0000000000000000
1.9109734323779719 -6.0420288453382707 0.0000000000000000
6.4092275920069355 -2.8888050686032605 0.0000000000000000
6.4474327873429136 -2.3337762070781496 0.0000000000000000
2.2700617668679484 -4.7057928384366381 0.0000000000000000
1.6640588426538621 -8.7545432963163279 0.0000000000000000
1.1850058005457580 -8.8894041396329833 0.0000000000000000
1.5139879585825973 -9.2333073375306665 0.0000000000000000
1.0162820722966417 -9.3962304868381139 0.0000000000000000
3.4483569578460820 -3.4564233193639016 0.0000000000000000
3.7496425882918771 -3.7891299395811853 0.0000000000000000
1.3687747763794187 -9.6449156197740109 0.0000000000000000
5.5149823953558821 -1.6990626006813923 0.0000000000000000
6.0176034904757039 -1.9342501270468464 0.0000000000000000
5.5307941753433205 -1.1730473826128058 0.0000000000000000
3.9456771668735957 -4.8516006513352128 0.0000000000000000
3.3948976637867028 -4.6743888431856524 0.0000000000000000
0.8831229143211347 -6.4926232118018596 0.0000000000000000
1.3274348620137308 -6.7609425293605341 0.0000000000000000
1.3694593183564256 -6.1898472274666476 0.0000000000000000
1.7849790441472626 -6.5546299075364995 0.0000000000000000
0.8622082443610105 -5.9785727013533965 0.0000000000000000
0.8077032609812625 -5.5452426902433931 0.0000000000000000
2.1655211992202790 -8.6345096726142447 0.0000000000000000
8.4980694768163243 -0.8597176189799782 0.0000000000000000
6.2469171199442330 -0.4707130597247140 0.0000000000000000
5.9670011534913368 -0.9606226227012105 0.0000000000000000
7.0055294075052075 -0.9007600836508995 0.0000000000000000
6.5040073008817547 -0.9240422776928234 0.0000000000000000
6.7691696029651043 -1.3613952829086298 0.0000000000000000
6.2770126255700989 -1.4079765329497782 0.0000000000000000
7.2616188680460665 -1.3414798455705519 0.0000000000000000
7.0282628381015240 -1.7796788596209137 0.0000000000000000
6.5596868682285114 -1.8284716113780917 0.0000000000000000
7.5190980753865997 -1.7934766669923548 0.0000000000000000
7.2452870668557914 -2.2116168909941800 0.0000000000000000
6.8368124415500260 -2.1564846646060429 0.0000000000000000
3.4565150127320536 -4.1653579088300718 0.0000000000000000
4.6339970009823164 -2.7498510308334101 0.0000000000000000
5.8596149616511237 -1.4369646082434286 0.0000000000000000
4.9853581065636945 -2.9352317326503279 0.0000000000000000
1.5703281230864279 -5.8611883431507259 0.0000000000000000
5.5004738546340510 -3.4488525227438931 0.0000000000000000
5.1256342578038074 -3.2560154003684287 0.0000000000000000
1.7349137880017831 -7.0370081619198839 0.0000000000000000
1.3215829719498970 -7.2721230602201850 0.0000000000000000
1.6989878485650280 -7.4500106864816686 0.0000000000000000
2.0934507126621131 -7.3304225717200922 0.0000000000000000
2.1770139168857097 -6.8642365549283664 0.0000000000000000
2.2051658648193797 -6.4355194769933401 0.0000000000000000
5.5980974784503452 -0.8316523264575295 0.0000000000000000
0.7527054231672244 -9.6831169711778209 0.0000000000000000
0.8514526677684549 0.3946740531649067 0.0000000000000000
0.6948732193615521 2.0584558104200044 0.0000000000000000
1.9984445427674231 1.7660900743226031 0.0000000000000000
0.4932001532699757 0.7345342876908123 0.0000000000000000
1.2623874706481901 0.4167685376832440 0.0000000000000000
1.0140375376491646 0.8124608170798344 0.0000000000000000
1.4920153421650921 0.8468183575328113 0.0000000000000000
1.2404416006306849 1.2522602849584590 0.0000000000000000
1.7219838546505302 1.2855455085975707 0.0000000000000000
0.7546587036959607 1.2142177094692144 0.0000000000000000
0.9760888072017819 1.6530441466281569 0.0000000000000000
0.4636836701606466 1.6061266553709748 0.0000000000000000
1.2157464312897150 2.0852820045929685 0.0000000000000000
1.4681817997935325 1.6917484187757017 0.0000000000000000
1.6392332519680148 2.1068903221333275 0.0000000000000000
0.3415960929721336 1.2114340794622207 0.0000000000000000
2.1449991423412320 1.2817282077853438 0.0000000000000000
1.9960859961351523 0.8649563607394756 0.0000000000000000
1.7276158467590232 0.4363339765643825 0.0000000000000000
2.1016870526353122 0.5010631492721733 0.0000000000000000
2.2739833304618648 0.7161445137875706 0.0000000000000000
-0.3946740531649067 0.8514526677684549 0.0000000000000000
-2.0584558104200044 0.6948732193615521 0.0000000000000000
-1.7660900743226031 1.9984445427674231 0.0000000000000000
-0.7345342876908123 0.4932001532699757 0.0000000000000000
-0.4167685376832440 1.2623874706481901 0.0000000000000000
-0.8124608170798344 1.0140375376491646 0.0000000000000000
-0.8468183575328113 1.4920153421650921 0.0000000000000000
-1.2522602849584590 1.2404416006306849 0.0000000000000000
-1.2855455085975707 1.7219838546505302 0.0000000000000000
-1.2142177094692144 0.7546587036959607 0.0000000000000000
-1.6530441466281569 0.9760888072017819 0.0000000000000000
-1.6061266553709748 0.4636836701606466 0.0000000000000000
-2.0852820045929685 1.2157464312897150 0.0000000000000000
-1.6917484187757017 1.4681817997935325 0.0000000000000000
-2.1068903221333275 1.6392332519680148 0.0000000000000000
-1.2114340794622207 0.3415960929721336 0.0000000000000000
-1.2817282077853438 2.1449991423412320 0.0000000000000000
-0.8649563607394756 1.9960859961351523 0.0000000000000000
-0.4363339765643825 1.7276158467590232 0.0000000000000000
-0.5010631492721733 2.1016870526353122 0.0000000000000000
-0.7161445137875706 2.2739833304618648 0.0000000000000000
-0.8514526677684549 -0.3946740531649067 0.0000000000000000
-0.6948732193615521 -2.0584558104200044 0.0000000000000000
-1.9984445427674231 -1.7660900743226031 0.0000000000000000
-0.4932001532699757 -0.7345342876908123 0.0000000000000000
-1.2623874706481901 -0.4167685376832440 0.0000000000000000
-1.0140375376491646 -0.8124608170798344 0.0000000000000000
-1.4920153421650921 -0.8468183575328113 0.0000000000000000
-1.2404416006306849 -1.2522602849584590 0.0000000000000000
-1.7219838546505302 -1.2855455085975707 0.0000000000000000
-0.7546587036959607 -1.2142177094692144 0.0000000000000000
-0.9760888072017819 -1.6530441466281569 0.0000000000000000
-0.4636836701606466 -1.6061266553709748 0.0000000000000000
-1.2157464312897150 -2.0852820045929685 0.0000000000000000
-1.4681817997935325 -1.6917484187757017 0.0000000000000000
-1.6392332519680148 -2.1068903221333275 0.0000000000000000
-0.3415960929721336 -1.2114340794622207 0.0000000000000000
-2.1449991423412320 -1.2817282077853438 0.0000000000000000
-1.9960859961351523 -0.8649563607394756 0.0000000000000000
-1.7276158467590232 -0.4363339765643825 0.0000000000000000
-2.1016870526353122 -0.5010631492721733 0.0000000000000000
-2.2739833304618648 -0.7161445137875706 0.0000000000000000
0.3946740531649067 -0.8514526677684549 0.0000000000000000
2.0584558104200044 -0.6948732193615521 0.0000000000000000
1.7660900743226031 -1.9984445427674231 0.0000000000000000
0.7345342876908123 -0.4932001532699757 0.0000000000000000
0.4167685376832440 -1.2623874706481901 0.0000000000000000
0.8124608170798344 -1.0140375376491646 0.0000000000000000
0.8468183575328113 -1.4920153421650921 0.0000000000000000
1.2522602849584590 -1.2404416006306849 0.0000000000000000
1.2855455085975707 -1.7219838546505302 0.0000000000000000
1.2142177094692144 -0.7546587036959607 0.0000000000000000
1.6530441466281569 -0.9760888072017819 0.0000000000000000
1.6061266553709748 -0.4636836701606466 0.0000000000000000
2.0852820045929685 -1.2157464312897150 0.0000000000000000
1.6917484187757017 -1.4681817997935325 0.0000000000000000
2.1068903221333275 -1.6392332519680148 0.0000000000000000
1.2114340794622207 -0.3415960929721336 0.0000000000000000
1.2817282077853438 -2.1449991423412320 0.0000000000000000
0.8649563607394756 -1.9960859961351523 0.0000000000000000
0.4363339765643825 -1.7276158467590232 0.0000000000000000
0.5010631492721733 -2.1016870526353122 0.0000000000000000
0.7161445137875706 -2.2739833304618648 0.0000000000000000

CELLS 2028 8112
3 43 1 117
3 42 43 249
3 41 42 250
3 40 41 251
3 33 34 252
3 164 165 253
3 147 146 254
3 21 22 255
3 32 33 256
3 24 25 257
3 26 27 258
3 155 154 259
3 172 173 260
3 29 30 261
3 9 163 120
3 221 14 262
3 8 113 145
3 217 13 158
3 176 15 224
3 175 176 263
3 158 157 264
3 150 149 265
3 167 168 266
3 119 120 267
3 115 116 268
3 116 0 21
3 224 223 269
3 220 219 270
3 14 220 271
3 25 26 272
3 39 40 273
3 163 164 274
3 146 145 275
3 38 39 276
3 153 152 277
3 170 171 278
3 37 38 279
3 149 148 280
3 166 167 281
3 279 38 276
3 264 157 282
3 263 176 224
3 253 165 283
3 254 146 275
3 254 275 284
3 256 33 252
3 274 164 253
3 274 253 285
3 275 145 113
3 257 25 272
3 259 154 286
3 260 173 287
3 273 40 251
3 266 168 288
3 265 149 280
3 265 280 289
3 289 280 290
3 276 39 273
3 250 42 249
3 250 249 291
3 291 249 292
3 270 219 293
3 293 219 218
3 269 223 294
3 294 223 222
3 271 220 270
3 271 270 295
3 295 270 296
3 296 270 293
3 296 293 297
3 297 293 298
3 267 120 163
3 268 116 21
3 262 14 299
3 299 14 271
3 250 291 300
3 300 291 301
3 269 294 302
3 302 294 303
3 175 263 304
3 304 263 302
3 250 300 251
3 250 251 41
3 29 261 305
3 305 261 306
3 302 303 307
3 307 303 308
3 302 307 309
3 309 307 310
3 262 299 311
3 311 299 312
3 296 297 313
3 313 297 314
3 311 312 315
3 315 312 316
3 311 315 317
3 317 315 318
3 296 313 319
3 319 313 320
3 319 320 321
3 321 320 322
3 295 296 319
3 291 292 323
3 323 292 324
3 291 323 301
3 323 324 267
3 267 324 119
3 119 324 118
3 118 324 292
3 118 292 117
3 21 255 268
3 147 254 325
3 325 254 326
3 24 257 327
3 327 257 328
3 327 328 329
3 329 328 330
3 297 298 264
3 264 298 331
3 331 298 217
3 331 217 158
3 331 158 264
3 264 282 297
3 167 266 281
3 281 266 332
3 307 308 333
3 333 308 334
3 274 285 267
3 274 267 163
3 262 311 335
3 335 311 317
3 335 317 308
3 335 308 303
3 262 335 336
3 336 335 303
3 336 303 294
3 262 336 221
3 281 332 337
3 337 332 338
3 315 316 339
3 339 316 340
3 339 340 341
3 341 340 342
3 317 318 334
3 317 334 308
3 337 338 343
3 343 338 344
3 271 295 345
3 345 295 346
3 271 345 299
3 345 346 347
3 347 346 348
3 347 348 349
3 349 348 350
3 333 334 351
3 351 334 352
3 351 352 353
3 353 352 354
3 353 354 355
3 355 354 356
3 333 351 357
3 357 351 358
3 333 357 310
3 310 357 359
3 333 310 307
3 313 314 360
3 360 314 361
3 360 361 362
3 362 361 259
3 362 259 286
3 360 362 363
3 363 362 364
3 363 364 365
3 365 364 366
3 363 365 322
3 322 365 367
3 363 322 320
3 363 320 360
3 360 320 313
3 367 365 368
3 260 287 359
3 260 359 369
3 355 356 370
3 370 356 371
3 150 265 372
3 372 265 373
3 150 372 151
3 151 372 374
3 151 374 152
3 345 347 375
3 375 347 376
3 166 281 283
3 166 283 165
3 26 258 272
3 24 327 23
3 269 302 263
3 269 263 224
3 29 305 28
3 341 342 252
3 252 342 256
3 256 342 377
3 256 377 378
3 378 377 379
3 256 378 32
3 370 371 380
3 380 371 36
3 370 380 381
3 381 380 279
3 279 380 37
3 367 368 382
3 382 368 383
3 322 367 384
3 384 367 385
3 322 384 321
3 153 277 286
3 375 376 386
3 386 376 387
3 386 387 316
3 386 316 312
3 386 312 375
3 353 355 388
3 388 355 389
3 353 388 358
3 358 388 390
3 353 358 351
3 358 390 369
3 289 290 330
3 378 379 391
3 391 379 392
3 391 392 261
3 378 391 31
3 302 309 304
3 304 309 287
3 367 382 385
3 319 321 346
3 372 373 393
3 393 373 394
3 393 394 395
3 395 394 396
3 372 393 374
3 374 393 397
3 397 393 395
3 397 395 366
3 374 397 277
3 277 397 398
3 277 398 286
3 395 396 383
3 384 385 350
3 305 306 399
3 399 306 385
3 305 399 400
3 400 399 401
3 305 400 28
3 345 375 299
3 327 329 402
3 402 329 403
3 402 403 255
3 265 289 373
3 172 260 369
3 343 344 300
3 400 401 258
3 357 358 369
3 254 284 326
3 300 301 343
3 343 301 404
3 404 301 285
3 285 301 323
3 285 323 267
3 343 404 337
3 337 404 283
3 283 404 253
3 170 278 405
3 405 278 406
3 170 405 169
3 169 405 288
3 169 288 168
3 155 259 361
3 310 359 287
3 347 349 376
3 376 349 407
3 376 407 387
3 266 288 408
3 408 288 409
3 266 408 332
3 408 409 410
3 410 409 411
3 408 410 412
3 412 410 413
3 410 411 414
3 414 411 389
3 408 412 332
3 412 413 415
3 415 413 416
3 415 416 273
3 412 415 338
3 410 414 413
3 413 414 417
3 413 417 416
3 175 304 174
3 147 325 148
3 315 339 318
3 318 339 418
3 318 418 352
3 318 352 334
3 370 381 389
3 389 381 414
3 370 389 355
3 309 310 287
3 388 389 419
3 419 389 411
3 419 411 406
3 406 411 409
3 406 409 405
3 405 409 288
3 388 419 390
3 390 419 406
3 382 383 401
3 349 350 392
3 327 402 23
3 281 337 283
3 325 326 290
3 290 326 420
3 420 326 421
3 290 420 330
3 330 420 329
3 329 420 403
3 420 421 403
3 403 421 422
3 403 422 255
3 115 268 423
3 423 268 422
3 422 268 255
3 423 422 284
3 115 423 114
3 339 341 418
3 418 341 424
3 418 424 354
3 365 366 368
3 368 366 425
3 425 366 395
3 425 395 383
3 425 383 368
3 369 359 357
3 249 43 117
3 377 342 340
3 377 340 387
3 377 387 379
3 379 387 407
3 379 407 392
3 392 407 349
3 148 325 280
3 398 397 366
3 398 366 364
3 398 364 286
3 422 421 284
3 284 421 326
3 284 275 426
3 426 275 113
3 284 426 423
3 423 426 114
3 321 384 348
3 416 417 279
3 252 34 427
3 427 34 35
3 252 427 428
3 428 427 356
3 252 428 341
3 341 428 424
3 424 428 356
3 285 253 404
3 261 30 391
3 258 27 400
3 277 152 374
3 278 171 369
3 298 293 218
3 298 218 217
3 255 22 402
3 282 157 156
3 396 394 429
3 429 394 430
3 430 394 373
3 429 430 431
3 431 430 330
3 431 330 328
3 431 328 432
3 431 432 429
3 396 429 433
3 433 429 432
3 396 433 434
3 434 433 258
3 396 434 383
3 383 434 401
3 401 434 258
3 432 328 257
3 432 257 272
3 432 272 433
3 401 399 382
3 356 354 424
3 314 297 282
3 314 282 361
3 361 282 156
3 312 299 375
3 354 352 418
3 306 261 392
3 350 348 384
3 346 295 319
3 364 362 286
3 406 278 435
3 435 278 369
3 435 369 390
3 435 390 406
3 340 316 387
3 338 332 412
3 417 414 381
3 417 381 279
3 371 356 427
3 344 338 415
3 348 346 321
3 287 173 174
3 287 174 304
3 286 154 153
3 292 249 117
3 430 373 289
3 290 280 325
3 385 382 399
3 22 23 402
3 156 155 361
3 222 221 336
3 113 114 426
3 430 289 330
3 222 336 294
3 27 28 400
3 35 36 371
3 36 37 380
3 31 32 378
3 30 31 391
3 344 415 273
3 350 385 306
3 171 172 369
3 251 300 344
3 273 251 344
3 272 258 433
3 276 273 416
3 276 416 279
3 427 35 371
3 392 350 306
3 66 3 125
3 65 66 436
3 64 65 437
3 63 64 438
3 56 57 439
3 182 183 440
3 165 164 441
3 44 45 442
3 55 56 443
3 47 48 444
3 49 50 445
3 173 172 446
3 190 191 447
3 52 53 448
3 10 181 128
3 229 16 449
3 9 121 163
3 225 15 176
3 194 17 232
3 193 194 450
3 176 175 451
3 168 167 452
3 185 186 453
3 127 128 454
3 123 124 455
3 124 2 44
3 232 231 456
3 228 227 457
3 16 228 458
3 48 49 459
3 62 63 460
3 181 182 461
3 164 163 462
3 61 62 463
3 171 170 464
3 188 189 465
3 60 61 466
3 167 166 467
3 184 185 468
3 466 61 463
3 451 175 469
3 450 194 232
3 440 183 470
3 441 164 462
3 441 462 471
3 443 56 439
3 461 182 440
3 461 440 472
3 462 163 121
3 444 48 459
3 446 172 473
3 447 191 474
3 460 63 438
3 453 186 475
3 452 167 467
3 452 467 476
3 476 467 477
3 463 62 460
3 437 65 436
3 437 436 478
3 478 436 479
3 457 227 480
3 480 227 226
3 456 231 481
3 481 231 230
3 458 228 457
3 458 457 482
3 482 457 483
3 483 457 480
3 483 480 484
3 484 480 485
3 454 128 181
3 455 124 44
3 449 16 486
3 486 16 458
3 478 479 487
3 487 479 488
3 52 448 489
3 489 448 490
3 456 481 491
3 491 481 492
3 193 450 493
3 493 450 491
3 491 492 494
3 494 492 495
3 491 494 496
3 496 494 497
3 449 486 498
3 498 486 499
3 483 484 500
3 500 484 501
3 498 499 502
3 502 499 503
3 498 502 504
3 504 502 505
3 483 500 506
3 506 500 507
3 506 507 508
3 508 507 509
3 482 483 506
3 489 490 510
3 510 490 511
3 489 510 512
3 512 510 513
3 512 513 445
3 44 442 455
3 165 441 514
3 514 441 515
3 47 444 516
3 516 444 517
3 484 485 451
3 451 485 518
3 518 485 225
3 518 225 176
3 518 176 451
3 185 453 468
3 468 453 519
3 451 469 484
3 461 472 454
3 461 454 181
3 494 495 520
3 520 495 521
3 489 512 51
3 468 519 522
3 522 519 523
3 504 505 521
3 504 521 495
3 522 523 524
3 524 523 525
3 449 498 526
3 526 498 504
3 526 504 495
3 526 495 492
3 449 526 527
3 527 526 492
3 527 492 481
3 449 527 229
3 502 503 528
3 528 503 529
3 528 529 530
3 530 529 531
3 520 521 532
3 532 521 533
3 532 533 534
3 534 533 535
3 534 535 536
3 536 535 537
3 520 532 538
3 538 532 539
3 520 538 497
3 497 538 540
3 520 497 494
3 458 482 541
3 541 482 542
3 458 541 486
3 500 501 543
3 543 501 544
3 543 544 545
3 545 544 446
3 545 446 473
3 543 545 546
3 546 545 547
3 546 547 548
3 548 547 549
3 546 548 509
3 509 548 550
3 546 509 507
3 546 507 543
3 543 507 500
3 550 548 551
3 541 542 552
3 552 542 553
3 552 553 554
3 554 553 555
3 536 537 556
3 556 537 557
3 447 474 540
3 447 540 558
3 168 452 559
3 559 452 560
3 168 559 169
3 169 559 561
3 169 561 170
3 541 552 562
3 562 552 563
3 184 468 470
3 184 470 183
3 530 531 439
3 439 531 443
3 443 531 564
3 443 564 565
3 565 564 566
3 443 565 55
3 49 445 459
3 47 516 46
3 52 489 51
3 456 491 450
3 456 450 232
3 556 557 567
3 567 557 59
3 556 567 568
3 568 567 466
3 466 567 60
3 550 551 569
3 569 551 570
3 509 550 571
3 571 550 511
3 509 571 508
3 171 464 473
3 510 511 569
3 569 511 550
3 562 563 572
3 572 563 573
3 572 573 503
3 572 503 499
3 572 499 562
3 534 536 574
3 574 536 575
3 534 574 539
3 539 574 576
3 534 539 532
3 539 576 558
3 476 477 577
3 577 477 578
3 476 577 579
3 579 577 580
3 579 580 581
3 581 580 582
3 579 581 583
3 583 581 584
3 583 584 585
3 585 584 570
3 491 496 493
3 493 496 474
3 583 585 586
3 586 585 587
3 583 586 560
3 560 586 559
3 586 587 561
3 579 583 560
3 437 478 588
3 588 478 589
3 437 588 438
3 437 438 64
3 588 589 524
3 524 589 590
3 590 589 472
3 472 589 487
3 472 487 454
3 524 590 522
3 522 590 470
3 470 590 440
3 506 508 542
3 541 562 486
3 524 525 588
3 452 476 560
3 478 487 589
3 190 447 558
3 441 471 515
3 538 539 558
3 497 540 474
3 188 465 591
3 591 465 592
3 188 591 187
3 187 591 475
3 187 475 186
3 173 446 544
3 453 475 593
3 593 475 594
3 453 593 519
3 593 594 595
3 595 594 596
3 593 595 597
3 597 595 598
3 595 596 599
3 599 596 575
3 593 597 519
3 597 598 600
3 600 598 601
3 600 601 460
3 597 600 523
3 595 599 598
3 598 599 602
3 598 602 601
3 552 554 563
3 563 554 603
3 563 603 573
3 502 528 505
3 505 528 604
3 193 493 192
3 505 604 533
3 505 533 521
3 165 514 166
3 556 568 575
3 575 568 599
3 556 575 536
3 476 579 560
3 496 497 474
3 574 575 605
3 605 575 596
3 605 596 592
3 592 596 594
3 592 594 591
3 591 594 475
3 574 605 576
3 576 605 592
3 569 570 513
3 554 555 606
3 606 555 490
3 554 606 603
3 603 606 607
3 603 607 566
3 603 566 573
3 566 607 565
3 573 566 564
3 573 564 529
3 529 564 531
3 577 578 608
3 608 578 609
3 608 609 516
3 577 608 580
3 580 608 517
3 517 608 516
3 580 517 582
3 468 522 470
3 581 582 610
3 610 582 459
3 459 582 444
3 444 582 517
3 581 610 584
3 584 610 611
3 584 611 570
3 570 611 513
3 513 611 445
3 514 515 477
3 477 515 578
3 578 515 612
3 487 488 454
3 454 488 127
3 127 488 126
3 126 488 479
3 126 479 125
3 528 530 604
3 604 530 613
3 604 613 535
3 123 455 614
3 614 455 615
3 614 615 471
3 123 614 122
3 548 549 551
3 551 549 616
3 616 549 587
3 551 616 570
3 570 616 585
3 585 616 587
3 578 612 609
3 609 612 615
3 615 612 471
3 471 612 515
3 558 540 538
3 436 66 125
3 166 514 467
3 471 462 617
3 617 462 121
3 471 617 614
3 614 617 122
3 508 571 553
3 601 602 466
3 439 57 618
3 618 57 58
3 439 618 619
3 619 618 537
3 439 619 530
3 530 619 613
3 613 619 537
3 472 440 590
3 607 606 448
3 448 53 607
3 445 50 512
3 464 170 561
3 465 189 558
3 485 480 226
3 485 226 225
3 442 45 620
3 620 45 46
3 442 620 615
3 469 175 174
3 490 448 606
3 611 610 445
3 537 535 613
3 501 484 469
3 501 469 544
3 544 469 174
3 499 486 562
3 535 533 604
3 513 510 569
3 511 490 555
3 555 553 571
3 547 545 473
3 542 482 506
3 592 465 621
3 621 465 558
3 621 558 576
3 621 576 592
3 602 599 568
3 602 568 466
3 529 503 573
3 549 547 622
3 622 547 473
3 622 473 464
3 622 464 587
3 622 587 549
3 523 519 597
3 557 537 618
3 525 523 600
3 553 542 508
3 615 455 442
3 474 191 192
3 474 192 493
3 473 172 171
3 479 436 125
3 561 559 586
3 477 467 514
3 174 173 544
3 230 229 527
3 121 122 617
3 464 561 587
3 230 527 481
3 50 51 512
3 58 59 557
3 59 60 567
3 54 55 565
3 53 54 607
3 525 600 460
3 189 190 558
3 555 571 511
3 438 588 525
3 460 438 525
3 620 46 516
3 459 445 610
3 463 460 601
3 463 601 466
3 618 58 557
3 54 565 607
3 620 516 609
3 620 609 615
3 89 5 133
3 88 89 623
3 87 88 624
3 86 87 625
3 79 80 626
3 200 201 627
3 183 182 628
3 67 68 629
3 78 79 630
3 70 71 631
3 72 73 632
3 191 190 633
3 208 209 634
3 75 76 635
3 11 199 136
3 237 18 636
3 10 129 181
3 233 17 194
3 212 19 240
3 211 212 637
3 194 193 638
3 186 185 639
3 203 204 640
3 135 136 641
3 131 132 642
3 132 4 67
3 240 239 643
3 236 235 644
3 18 236 645
3 71 72 646
3 85 86 647
3 199 200 648
3 182 181 649
3 84 85 650
3 189 188 651
3 206 207 652
3 83 84 653
3 185 184 654
3 202 203 655
3 653 84 650
3 638 193 656
3 637 212 240
3 628 182 649
3 628 649 657
3 627 201 658
3 630 79 626
3 648 200 627
3 648 627 659
3 649 181 129
3 631 71 646
3 634 209 660
3 633 190 661
3 647 86 625
3 639 185 654
3 639 654 662
3 662 654 663
3 640 204 664
3 650 85 647
3 624 88 623
3 624 623 665
3 665 623 666
3 644 235 667
3 667 235 234
3 645 236 644
3 645 644 668
3 668 644 669
3 669 644 667
3 669 667 670
3 670 667 671
3 643 239 672
3 672 239 238
3 641 136 199
3 642 132 67
3 636 18 673
3 673 18 645
3 208 634 674
3 674 634 675
3 665 666 676
3 676 666 677
3 643 672 678
3 678 672 679
3 643 678 637
3 643 637 240
3 83 653 680
3 680 653 681
3 208 674 207
3 645 668 682
3 682 668 683
3 678 679 684
3 684 679 685
3 680 681 686
3 686 681 687
3 639 662 688
3 688 662 689
3 669 670 690
3 690 670 691
3 668 669 692
3 692 669 690
3 636 673 693
3 693 673 694
3 692 690 695
3 695 690 696
3 693 694 697
3 697 694 698
3 693 697 699
3 699 697 700
3 699 700 701
3 701 700 702
3 682 683 703
3 703 683 704
3 191 633 705
3 705 633 696
3 682 703 706
3 706 703 707
3 706 707 708
3 708 707 709
3 682 706 673
3 183 628 710
3 710 628 711
3 710 711 663
3 663 711 712
3 712 711 713
3 706 708 694
3 694 708 698
3 698 708 709
3 663 712 714
3 714 712 715
3 714 715 716
3 716 715 631
3 237 636 717
3 717 636 718
3 203 640 655
3 655 640 719
3 663 714 662
3 662 714 689
3 689 714 716
3 689 716 720
3 689 720 721
3 721 720 722
3 721 722 723
3 723 722 724
3 721 723 725
3 725 723 726
3 723 724 727
3 727 724 728
3 211 637 729
3 729 637 678
3 211 729 210
3 648 659 641
3 648 641 199
3 638 656 670
3 684 685 730
3 730 685 701
3 693 699 718
3 194 638 233
3 186 639 731
3 731 639 688
3 186 731 187
3 187 731 732
3 187 732 188
3 655 719 733
3 733 719 734
3 645 682 673
3 733 734 735
3 735 734 736
3 636 693 718
3 697 698 737
3 737 698 738
3 737 738 739
3 739 738 740
3 689 721 688
3 688 721 725
3 688 725 731
3 731 725 732
3 732 725 726
3 732 726 651
3 651 726 741
3 741 726 727
3 741 727 742
3 742 727 728
3 742 728 743
3 743 728 744
3 727 726 723
3 651 741 661
3 742 743 745
3 745 743 746
3 745 746 695
3 695 746 747
3 747 746 748
3 748 746 743
3 717 718 679
3 678 684 749
3 749 684 750
3 678 749 729
3 729 749 660
3 695 696 745
3 690 691 696
3 696 691 705
3 737 739 751
3 751 739 752
3 751 752 753
3 753 752 754
3 751 753 702
3 702 753 755
3 751 702 700
3 751 700 737
3 737 700 697
3 755 753 756
3 702 755 757
3 757 755 758
3 753 754 756
3 756 754 686
3 75 635 759
3 759 635 760
3 759 760 761
3 761 760 762
3 761 762 763
3 763 762 744
3 763 744 728
3 744 762 764
3 761 763 765
3 765 763 724
3 761 765 766
3 766 765 632
3 759 761 766
3 633 661 767
3 767 661 741
3 633 767 768
3 768 767 745
3 745 767 742
3 768 745 696
3 768 696 633
3 634 660 750
3 670 671 638
3 638 671 233
3 695 747 692
3 692 747 683
3 683 747 704
3 749 750 660
3 189 651 661
3 686 687 756
3 684 730 750
3 750 730 769
3 750 769 770
3 770 769 675
3 770 675 634
3 770 634 750
3 755 756 771
3 771 756 687
3 755 771 758
3 202 655 658
3 202 658 201
3 741 742 767
3 72 632 646
3 739 740 626
3 626 740 630
3 630 740 772
3 630 772 773
3 773 772 774
3 773 774 775
3 775 774 776
3 630 773 78
3 775 776 635
3 668 692 683
3 191 705 192
3 192 705 656
3 743 744 764
3 237 717 238
3 238 717 672
3 757 758 769
3 75 759 74
3 703 704 777
3 777 704 778
3 703 777 707
3 707 777 779
3 707 779 709
3 777 778 776
3 624 665 780
3 780 665 781
3 624 780 625
3 624 625 87
3 780 781 735
3 735 781 782
3 782 781 659
3 659 781 676
3 659 676 641
3 628 657 711
3 83 680 82
3 747 748 704
3 704 748 778
3 735 736 780
3 680 686 783
3 783 686 754
3 680 783 82
3 702 757 701
3 70 631 784
3 784 631 715
3 70 784 69
3 665 676 781
3 183 710 184
3 674 675 785
3 785 675 758
3 674 785 652
3 652 785 786
3 786 785 787
3 787 785 758
3 652 786 788
3 788 786 789
3 788 789 664
3 786 787 790
3 790 787 791
3 790 791 792
3 792 791 687
3 687 791 771
3 771 791 787
3 786 790 789
3 790 792 793
3 793 792 794
3 790 793 789
3 652 788 206
3 773 775 77
3 699 701 685
3 640 664 795
3 795 664 789
3 640 795 719
3 735 782 733
3 733 782 658
3 658 782 627
3 712 713 796
3 796 713 797
3 712 796 715
3 793 794 798
3 798 794 799
3 798 799 734
3 793 798 795
3 67 629 642
3 655 733 658
3 131 642 800
3 800 642 797
3 131 800 130
3 135 641 677
3 135 677 134
3 134 677 666
3 677 641 676
3 134 666 133
3 796 797 801
3 801 797 629
3 629 797 642
3 801 629 68
3 801 68 69
3 796 801 784
3 623 89 133
3 772 740 738
3 772 738 709
3 772 709 774
3 774 709 779
3 774 779 776
3 776 779 777
3 184 710 654
3 657 649 802
3 802 649 129
3 657 802 803
3 803 802 800
3 803 800 797
3 800 802 130
3 657 803 713
3 657 713 711
3 701 757 730
3 759 766 74
3 626 80 804
3 804 80 81
3 626 804 805
3 805 804 754
3 626 805 739
3 739 805 752
3 752 805 754
3 659 627 782
3 635 76 775
3 632 73 766
3 720 716 806
3 806 716 631
3 806 631 646
3 806 646 807
3 807 646 632
3 806 807 720
3 651 188 732
3 652 207 674
3 764 762 778
3 764 778 748
3 764 748 743
3 671 667 234
3 671 234 233
3 656 193 192
3 687 681 792
3 760 635 776
3 724 722 808
3 808 722 807
3 724 808 765
3 765 808 632
3 679 672 717
3 681 653 809
3 809 653 650
3 681 809 792
3 762 760 778
3 722 720 807
3 694 673 706
3 728 724 763
3 769 730 757
3 685 679 718
3 685 718 699
3 738 698 709
3 691 670 656
3 691 656 705
3 736 734 799
3 799 794 810
3 810 794 809
3 810 809 650
3 810 650 647
3 809 794 792
3 799 810 647
3 797 713 803
3 734 719 798
3 661 190 189
3 660 209 210
3 660 210 729
3 666 623 133
3 663 654 710
3 664 204 205
3 664 205 788
3 789 793 795
3 758 771 787
3 205 206 788
3 129 130 802
3 719 795 798
3 715 796 784
3 73 74 766
3 81 82 783
3 77 78 773
3 76 77 775
3 769 758 675
3 736 799 647
3 625 780 736
3 647 625 736
3 807 632 808
3 69 784 801
3 804 81 783
3 783 754 804
3 776 778 760
3 112 7 141
3 111 112 811
3 110 111 812
3 109 110 813
3 102 103 814
3 146 147 815
3 201 200 816
3 90 91 817
3 101 102 818
3 93 94 819
3 95 96 820
3 209 208 821
3 154 155 822
3 98 99 823
3 8 145 144
3 245 20 824
3 11 137 199
3 241 19 212
3 158 13 248
3 157 158 825
3 212 211 826
3 204 203 827
3 149 150 828
3 143 144 829
3 139 140 830
3 140 6 90
3 248 247 831
3 244 243 832
3 20 244 833
3 94 95 834
3 108 109 835
3 145 146 836
3 200 199 837
3 107 108 838
3 207 206 839
3 152 153 840
3 106 107 841
3 203 202 842
3 148 149 843
3 841 107 838
3 826 211 844
3 825 158 248
3 815 147 845
3 816 200 837
3 816 837 846
3 818 102 814
3 836 146 815
3 836 815 847
3 837 199 137
3 819 94 834
3 821 208 848
3 822 155 849
3 835 109 813
3 828 150 850
3 827 203 842
3 827 842 851
3 851 842 852
3 838 108 835
3 812 111 811
3 812 811 853
3 853 811 854
3 832 243 855
3 855 243 242
3 831 247 856
3 856 247 246
3 833 244 832
3 833 832 857
3 857 832 858
3 858 832 855
3 858 855 859
3 859 855 860
3 829 144 145
3 830 140 90
3 824 20 861
3 861 20 833
3 812 853 862
3 862 853 863
3 98 823 864
3 864 823 865
3 831 856 866
3 866 856 867
3 95 820 834
3 157 825 868
3 868 825 866
3 812 862 813
3 812 813 110
3 866 867 869
3 869 867 870
3 866 869 871
3 871 869 872
3 824 861 873
3 873 861 874
3 858 859 875
3 875 859 876
3 873 874 877
3 877 874 878
3 873 877 879
3 879 877 880
3 858 875 881
3 881 875 882
3 881 882 883
3 883 882 884
3 857 858 881
3 853 854 885
3 885 854 886
3 853 885 863
3 885 886 829
3 829 886 143
3 143 886 142
3 142 886 854
3 142 854 141
3 93 819 887
3 887 819 888
3 201 816 889
3 889 816 890
3 859 860 826
3 826 860 891
3 891 860 241
3 891 241 212
3 891 212 826
3 826 844 859
3 149 828 843
3 843 828 892
3 869 870 893
3 893 870 894
3 836 847 829
3 836 829 145
3 824 873 895
3 895 873 879
3 895 879 870
3 895 870 867
3 824 895 896
3 896 895 867
3 896 867 856
3 824 896 245
3 843 892 897
3 897 892 898
3 98 864 97
3 877 878 899
3 899 878 900
3 899 900 901
3 901 900 902
3 879 880 894
3 879 894 870
3 897 898 903
3 903 898 904
3 833 857 905
3 905 857 906
3 833 905 861
3 893 894 907
3 907 894 908
3 907 908 909
3 909 908 910
3 909 910 911
3 911 910 912
3 893 907 913
3 913 907 914
3 893 913 872
3 872 913 915
3 893 872 869
3 905 906 916
3 916 906 917
3 916 917 918
3 918 917 919
3 875 876 920
3 920 876 921
3 920 921 922
3 922 921 821
3 922 821 848
3 920 922 923
3 923 922 924
3 923 924 925
3 925 924 926
3 923 925 884
3 884 925 927
3 923 884 882
3 923 882 920
3 920 882 875
3 927 925 928
3 822 849 915
3 822 915 929
3 911 912 930
3 930 912 931
3 204 827 932
3 932 827 933
3 204 932 205
3 205 932 934
3 205 934 206
3 887 888 935
3 935 888 936
3 935 936 937
3 937 936 852
3 905 916 938
3 938 916 939
3 864 865 940
3 940 865 941
3 864 940 942
3 942 940 943
3 942 943 820
3 864 942 97
3 148 843 845
3 148 845 147
3 93 887 92
3 831 866 825
3 831 825 248
3 901 902 814
3 814 902 818
3 818 902 944
3 818 944 945
3 945 944 946
3 818 945 101
3 927 928 947
3 947 928 948
3 930 931 949
3 949 931 105
3 930 949 950
3 950 949 841
3 841 949 106
3 884 927 951
3 951 927 941
3 884 951 883
3 935 937 952
3 952 937 953
3 952 953 954
3 954 953 955
3 952 954 817
3 938 939 956
3 956 939 957
3 956 957 878
3 956 878 874
3 956 874 938
3 954 955 958
3 958 955 138
3 958 138 139
3 958 139 830
3 958 830 954
3 954 830 817
3 207 839 848
3 909 911 959
3 959 911 960
3 909 959 914
3 914 959 961
3 909 914 907
3 914 961 929
3 945 946 962
3 962 946 963
3 962 963 823
3 945 962 100
3 851 852 936
3 866 871 868
3 868 871 849
3 927 947 941
3 941 947 940
3 881 883 906
3 932 933 964
3 964 933 965
3 964 965 966
3 966 965 967
3 932 964 934
3 934 964 968
3 968 964 966
3 968 966 926
3 934 968 839
3 839 968 969
3 839 969 848
3 966 967 948
3 905 938 861
3 887 935 970
3 970 935 952
3 970 952 817
3 827 851 933
3 154 822 929
3 903 904 862
3 816 846 890
3 913 914 929
3 862 863 903
3 903 863 971
3 971 863 847
3 847 863 885
3 847 885 829
3 903 971 897
3 897 971 845
3 845 971 815
3 152 840 972
3 972 840 973
3 152 972 151
3 151 972 850
3 151 850 150
3 209 821 921
3 872 915 849
3 828 850 974
3 974 850 975
3 828 974 892
3 974 975 976
3 976 975 977
3 974 976 978
3 978 976 979
3 976 977 980
3 980 977 960
3 974 978 892
3 978 979 981
3 981 979 982
3 981 982 835
3 978 981 898
3 976 980 979
3 979 980 983
3 979 983 982
3 201 889 202
3 157 868 156
3 916 918 939
3 939 918 984
3 939 984 957
3 877 899 880
3 880 899 985
3 880 985 908
3 880 908 894
3 930 950 960
3 960 950 980
3 930 960 911
3 871 872 849
3 947 948 943
3 959 960 986
3 986 960 977
3 986 977 973
3 973 977 975
3 973 975 972
3 972 975 850
3 959 986 961
3 961 986 973
3 918 919 963
3 90 817 830
3 887 970 92
3 843 897 845
3 889 890 852
3 852 890 937
3 937 890 953
3 953 890 846
3 953 846 955
3 955 846 837
3 899 901 985
3 985 901 987
3 985 987 910
3 925 926 928
3 928 926 988
3 988 926 966
3 988 966 948
3 988 948 928
3 929 915 913
3 811 112 141
3 944 902 900
3 944 900 957
3 944 957 946
3 946 957 984
3 946 984 963
3 963 984 918
3 202 889 842
3 969 968 926
3 969 926 924
3 969 924 848
3 883 951 917
3 982 983 841
3 814 103 989
3 989 103 104
3 814 989 990
3 990 989 912
3 814 990 901
3 901 990 987
3 987 990 912
3 847 815 971
3 823 99 962
3 820 96 942
3 839 206 934
3 840 153 929
3 860 855 242
3 860 242 241
3 817 91 970
3 844 211 210
3 967 965 991
3 991 965 992
3 992 965 933
3 991 992 993
3 993 992 936
3 993 936 888
3 993 888 994
3 967 991 995
3 995 991 994
3 967 995 996
3 996 995 820
3 967 996 948
3 948 996 943
3 943 996 820
3 993 994 991
3 994 888 819
3 994 819 834
3 994 834 995
3 912 910 987
3 876 859 844
3 876 844 921
3 921 844 210
3 874 861 938
3 910 908 985
3 943 940 947
3 865 823 963
3 941 865 919
3 919 917 951
3 906 857 881
3 924 922 848
3 973 840 997
3 997 840 929
3 997 929 961
3 997 961 973
3 900 878 957
3 983 980 950
3 983 950 841
3 898 892 978
3 931 912 989
3 917 906 883
3 904 898 981
3 849 155 156
3 849 156 868
3 848 208 207
3 854 811 141
3 992 933 851
3 852 842 889
3 91 92 970
3 210 209 921
3 246 245 896
3 137 138 998
3 998 138 955
3 998 955 837
3 998 837 137
3 992 851 936
3 246 896 856
3 96 97 942
3 104 105 931
3 105 106 949
3 100 101 945
3 99 100 962
3 904 981 835
3 153 154 929
3 919 951 941
3 813 862 904
3 835 813 904
3 834 820 995
3 838 835 982
3 838 982 841
3 989 104 931
3 963 919 865
3 13 217 159
3 15 177 224
3 14 221 220
3 162 161 999
3 12 162 180
3 223 224 1000
3 219 220 1001
3 179 180 1002
3 999 161 1003
3 1003 161 160
3 1002 180 162
3 1001 220 221
3 1000 224 177
3 999 1003 1004
3 1004 1003 1005
3 1004 1005 1006
3 1006 1005 1007
3 162 999 1002
3 1002 999 1004
3 1004 1006 1008
3 1008 1006 1009
3 1008 1009 1010
3 1010 1009 1000
3 1010 1000 177
3 1000 1009 1011
3 1011 1009 1012
3 1012 1009 1006
3 1011 1012 1013
3 1013 1012 1001
3 1011 1013 222
3 222 1013 221
3 221 1013 1001
3 1011 222 223
3 1011 223 1000
3 1008 1010 1014
3 1014 1010 178
3 1014 178 179
3 1014 179 1002
3 1008 1014 1002
3 1006 1007 1012
3 1004 1008 1002
3 219 1001 1015
3 1015 1001 1007
3 1015 1007 1016
3 1015 1016 218
3 219 1015 218
3 1016 1007 1005
3 1016 1005 1017
3 1016 1017 1018
3 1018 1017 159
3 1018 159 217
3 1018 217 1019
3 1016 1018 1019
3 1016 1019 218
3 218 1019 217
3 1017 1005 1003
3 1017 1003 160
3 1017 160 159
3 177 178 1010
3 1012 1007 1001
3 15 225 177
3 17 195 232
3 16 229 228
3 180 179 1020
3 12 180 198
3 231 232 1021
3 227 228 1022
3 197 198 1023
3 1020 179 1024
3 1024 179 178
3 1023 198 180
3 1022 228 229
3 1021 232 195
3 1020 1024 1025
3 1025 1024 1026
3 1025 1026 1027
3 1027 1026 1028
3 180 1020 1023
3 1023 1020 1025
3 1025 1027 1029
3 1029 1027 1030
3 1029 1030 1031
3 1031 1030 1021
3 1031 1021 195
3 1021 1030 1032
3 1032 1030 1033
3 1033 1030 1027
3 1032 1033 1034
3 1034 1033 1022
3 1032 1034 230
3 230 1034 229
3 229 1034 1022
3 1032 230 231
3 1032 231 1021
3 1029 1031 1035
3 1035 1031 196
3 1035 196 197
3 1035 197 1023
3 1029 1035 1023
3 1027 1028 1033
3 1025 1029 1023
3 227 1022 1036
3 1036 1022 1028
3 1036 1028 1037
3 1036 1037 226
3 227 1036 226
3 1037 1028 1026
3 1037 1026 1038
3 1037 1038 1039
3 1039 1038 177
3 1039 177 225
3 1039 225 1040
3 1037 1039 1040
3 1037 1040 226
3 226 1040 225
3 1038 1026 1024
3 1038 1024 178
3 1038 178 177
3 195 196 1031
3 1033 1028 1022
3 17 233 195
3 19 213 240
3 18 237 236
3 198 197 1041
3 12 198 216
3 239 240 1042
3 235 236 1043
3 215 216 1044
3 1041 197 1045
3 1045 197 196
3 1044 216 198
3 1043 236 237
3 1042 240 213
3 1041 1045 1046
3 1046 1045 1047
3 1046 1047 1048
3 1048 1047 1049
3 198 1041 1044
3 1044 1041 1046
3 1046 1048 1050
3 1050 1048 1051
3 1050 1051 1052
3 1052 1051 1042
3 1052 1042 213
3 1042 1051 1053
3 1053 1051 1054
3 1054 1051 1048
3 1053 1054 1055
3 1055 1054 1043
3 1053 1055 238
3 238 1055 237
3 237 1055 1043
3 1053 238 239
3 1053 239 1042
3 1050 1052 1056
3 1056 1052 214
3 1056 214 215
3 1056 215 1044
3 1050 1056 1044
3 1048 1049 1054
3 1046 1050 1044
3 235 1043 1057
3 1057 1043 1049
3 1057 1049 1058
3 1057 1058 234
3 235 1057 234
3 1058 1049 1047
3 1058 1047 1059
3 1058 1059 1060
3 1060 1059 195
3 1060 195 233
3 1060 233 1061
3 1058 1060 1061
3 1058 1061 234
3 234 1061 233
3 1059 1047 1045
3 1059 1045 196
3 1059 196 195
3 213 214 1052
3 1054 1049 1043
3 19 241 213
3 13 159 248
3 20 245 244
3 216 215 1062
3 12 216 162
3 247 248 1063
3 243 244 1064
3 161 162 1065
3 1062 215 1066
3 1066 215 214
3 1065 162 216
3 1064 244 245
3 1063 248 159
3 1062 1066 1067
3 1067 1066 1068
3 1067 1068 1069
3 1069 1068 1070
3 216 1062 1065
3 1065 1062 1067
3 1067 1069 1071
3 1071 1069 1072
3 1071 1072 1073
3 1073 1072 1063
3 1073 1063 159
3 1063 1072 1074
3 1074 1072 1075
3 1075 1072 1069
3 1074 1075 1076
3 1076 1075 1064
3 1074 1076 246
3 246 1076 245
3 245 1076 1064
3 1074 246 247
3 1074 247 1063
3 1071 1073 1077
3 1077 1073 160
3 1077 160 161
3 1077 161 1065
3 1071 1077 1065
3 1069 1070 1075
3 1067 1071 1065
3 243 1064 1078
3 1078 1064 1070
3 1078 1070 1079
3 1078 1079 242
3 243 1078 242
3 1079 1070 1068
3 1079 1068 1080
3 1079 1080 1081
3 1081 1080 213
3 1081 213 241
3 1081 241 1082
3 1079 1081 1082
3 1079 1082 242
3 242 1082 241
3 1080 1068 1066
3 1080 1066 214
3 1080 214 213
3 159 160 1073
3 1075 1070 1064

CELL_TYPES 2028
5
5
5
5
5
5
5
5
5
5
5
5
5
5
5
5
5
5
5
5
5
5
5
5
5
5
5
5
5
5
5
5
5
5
5
5
5
5
5
5
5
5
5
5
5
5
5
5
5
5
5
5
5
5
5
5
5
5
5
5
5
5
5
5
5
5
5
5
5
5
5
5
5
5
5
5
5
5
5
5
5
5
5
5
5
5
5
5
5
5
5
5
5
5
5
5
5
5
5
5
5
5
5
5
5
5
5
5
5
5
5
5
5
5
5
5
5
5
5
5
5
5
5
5
5
5
5
5
5
5
5
5
5
5
5
5
5
5
5
5
5
5
5
5
5
5
5
5
5
5
5
5
5
5
5
5
5
5
5
5
5
5
5
5
5
5
5
5
5
5
5
5
5
5
5
5
5
5
5
5
5
5
5
5
5
5
5
5
5
5
5
5
5
5
5
5
5
5
5
5
5
5
5
5
5
5
5
5
5
5
5
5
5
5
5
5
5
5
5
5
5
5
5
5
5
5
5
5
5
5
5
5
5
5
5
5
5
5
5
5
5
5
5
5
5
5
5
5
5
5
5
5
5
5
5
5
5
5
5
5
5
5
5
5
5
5
5
5
5
5
5
5
5
5
5
5
5
5
5
5
5
5
5
5
5
5
5
5
5
5
5
5
5
5
5
5
5
5
5
5
5
5
5
5
5
5
5
5
5
5
5
5
5
5
5
5
5
5
5
5
5
5
5
5
5
5
5
5
5
5
5
5
5
5
5
5
5
5
5
5
5
5
5
5
5
5
5
5
5
5
5
5
5
5
5
5
5
5
5
5
5
5
5
5
5
5
5
5
5
5
5
5
5
5
5
5
5
5
5
5
5
5
5
5
5
5
5
5
5
5
5
5
5
5
5
5
5
5
5
5
5
5
5
5
5
5
5
5
5
5
5
5
5
5
5
5
5
5
5
5
5
5
5
5
5
5
5
5
5
5
5
5
5
5
5
5
5
5
5
5
5
5
5
5
5
5
5
5
5
5
5
5
5
5
5
5
5
5
5
5
5
5
5
5
5
5
5
5
5
5
5
5
5
5
5
5
5
5
5
5
5
5
5
5
5
5
5
5
5
5
5
5
5
5
5
5
5
5
5
5
5
5
5
5
5
5
5
5
5
5
5
5
5
5
5
5
5
5
5
5
5
5
5
5
5
5
5
5
5
5
5
5
5
5
5
5
5
5
5
5
5
5
5
5
5
5
5
5
5
5
5
5
5
5
5
5
5
5
5
5
5
5
5
5
5
5
5
5
5
5
5
5
5
5
5
5
5
5
5
5
5
5
5
5
5
5
5
5
5
5
5
5
5
5
5
5
5
5
5
5
5
5
5
5
5
5
5
5
5
5
5
5
5
5
5
5
5
5
5
5
5
5
5
5
5
5
5
5
5
5
5
5
5
5
5
5
5
5
5
5
5
5
5
5
5
5
5
5
5
5
5
5
5
5
5
5
5
5
5
5
5
5
5
5
5
5
5
5
5
5
5
5
5
5
5
5
5
5
5
5
5
5
5
5
5
5
5
5
5
5
5
5
5
5
5
5
5
5
5
5
5
5
5
5
5
5
5
5
5
5
5
5
5
5
5
5
5
5
5
5
5
5
5
5
5
5
5
5
5
5
5
5
5
5
5
5
5
5
5
5
5
5
5
5
5
5
5
5
5
5
5
5
5
5
5
5
5
5
5
5
5
5
5
5
5
5
5
5
5
5
5
5
5
5
5
5
5
5
5
5
5
5
5
5
5
5
5
5
5
5
5
5
5
5
5
5
5
5
5
5
5
5
5
5
5
5
5
5
5
5
5
5
5
5
5
5
5
5
5
5
5
5
5
5
5
5
5
5
5
5
5
5
5
5
5
5
5
5
5
5
5
5
5
5
5
5
5
5
5
5
5
5
5
5
5
5
5
5
5
5
5
5
5
5
5
5
5
5
5
5
5
5
5
5
5
5
5
5
5
5
5
5
5
5
5
5
5
5
5
5
5
5
5
5
5
5
5
5
5
5
5
5
5
5
5
5
5
5
5
5
5
5
5
5
5
5
5
5
5
5
5
5
5
5
5
5
5
5
5
5
5
5
5
5
5
5
5
5
5
5
5
5
5
5
5
5
5
5
5
5
5
5
5
5
5
5
5
5
5
5
5
5
5
5
5
5
5
5
5
5
5
5
5
5
5
5
5
5
5
5
5
5
5
5
5
5
5
5
5
5
5
5
5
5
5
5
5
5
5
5
5
5
5
5
5
5
5
5
5
5
5
5
5
5
5
5
5
5
5
5
5
5
5
5
5
5
5
5
5
5
5
5
5
5
5
5
5
5
5
5
5
5
5
5
5
5
5
5
5
5
5
5
5
5
5
5
5
5
5
5
5
5
5
5
5
5
5
5
5
5
5
5
5
5
5
5
5
5
5
5
5
5
5
5
5
5
5
5
5
5
5
5
5
5
5
5
5
5
5
5
5
5
5
5
5
5
5
5
5
5
5
5
5
5
5
5
5
5
5
5
5
5
5
5
5
5
5
5
5
5
5
5
5
5
5
5
5
5
5
5
5
5
5
5
5
5
5
5
5
5
5
5
5
5
5
5
5
5
5
5
5
5
5
5
5
5
5
5
5
5
5
5
5
5
5
5
5
5
5
5
5
5
5
5
5
5
5
5
5
5
5
5
5
5
5
5
5
5
5
5
5
5
5
5
5
5
5
5
5
5
5
5
5
5
5
5
5
5
5
5
5
5
5
5
5
5
5
5
5
5
5
5
5
5
5
5
5
5
5
5
5
5
5
5
5
5
5
5
5
5
5
5
5
5
5
5
5
5
5
5
5
5
5
5
5
5
5
5
5
5
5
5
5
5
5
5
5
5
5
5
5
5
5
5
5
5
5
5
5
5
5
5
5
5
5
5
5
5
5
5
5
5
5
5
5
5
5
5
5
5
5
5
5
5
5
5
5
5
5
5
5
5
5
5
5
5
5
5
5
5
5
5
5
5
5
5
5
5
5
5
5
5
5
5
5
5
5
5
5
5
5
5
5
5
5
5
5
5
5
5
5
5
5
5
5
5
5
5
5
5
5
5
5
5
5
5
5
5
5
5
5
5
5
5
5
5
5
5
5
5
5
5
5
5
5
5
5
5
5
5
5
5
5
5
5
5
5
5
5
5
5
5
5
5
5
5
5
5
5
5
5
5
5
5
5
5
5
5
5
5
5
5
5
5
5
5
5
5
5
5
5
5
5
5
5
5
5
5
5
5
5
5
5
5
5
5
5
5
5
5
5
5
5
5
5
5
5
5
5
5
5
5
5
5
5
5
5
5
5
5
5
5
5
5
5
5
5
5
5
5
5
5
5
5
5
5
5
5
5
5
5
5
5
5
5
5
5
5
5
5
5
5
5
5
5
5
5
5
5
5
5
5
5
5
5
5
5
5
5
5
5
5
5
5
5
5
5
5
5
5
5
5
5
5
5
5
5
5
5
5
5
5
5
5
5
5
5
5
5
5
5
5
5
5
5
5
5
5
5
5
5
5
5
5
5
5
5
5
5
5
5
5
5
5
5
5
5
5
5
5
5
5
5
5
5
5
5
5
5
5
5
5
5
5
5
5
5
5
5
5
5
5
5
5
5
5
5
5
5
5
5
5
5
5
5
5
5
5
5
5
5
5
5
5
5
5
5
5
5
5
5
5
5
5
5
5
5
5
5
5
5
5
5
5
5
5
5
5
5
5
5
5
5
5
5
5
5
5
5
5
5
5
5
5
5
5
5
5
5
5
5
5
5
5
5
5
5
5
5
5
5
5
5
5
5
5
5
5
5
5
5
5
5
5
5
5
5
5
5
5
5
5
5
5
5
5
5
5
5
5
5
5
5
5
5
5
5
5
5
5
5
5
5
5
5
5
5
5
5
5
5
5
5
5
5
5
5
5
5
5
5
5
5
5
5
5
5
5
5
5
5
5
5
5
5
5
5
5
5
5
5
5
5
5
5
5
5
5
5
5
5
5
5
5
5
5
5
5
5
5
5
5
5
5
5
5
5
5
5
5
5
5
5
5
5
5
5
5
5
5
5
5
5
5
5
5
5
5
5
5
5
5
5
5
5
5
5
5
5
5
5
5
5
5
5
5
5
5
5
5
5
5
5
5
5
5
5
5
5
5
5
5
5
5
5
5
5
5
5
5
5
5
5
5
5
5
5
5
5
5
5
5
5
5
5
5
5
5
5
5
5
5
5
5
5
5
5
5
5
5
5
5
5
5
5
5
5
5
5
5
5
5
5
5
5
5
5
5
5
5
5
5
5
5
5
5
5
5
5
5
5
5
5
5
5
5
5
5
5
5
5
5
5
5
5
5
5
5
5
5
5
5
5
5
5
5
5
5
5
5
5
5
5
5
5
5
5
5
5
5
5
5
5
5
5
5
5
5
5
5
5
5
5
5
5
5
5
5
5
5
5
5
5
5
5
5
5
5
5
5
5
5
5
5
5
5
5
5
5
5
5
5
5
5
5
5
5
5
5
5
5
5
5
5
5
5
5
5
5
5
5
5
5
5
5
5
5
5

POINT_DATA 1083
SCALARS v:bnd int 1
LOOKUP_TABLE default
15
15
15
15
15
15
15
15
15
15
15
15
4
4
4
4
4
4
4
4
4
4
4
4
4
4
4
4
4
4
4
4
4
4
4
4
4
4
4
4
4
4
4
4
4
4
4
4
4
4
4
4
4
4
4
4
4
4
4
4
4
4
4
4
4
4
4
4
4
4
4
4
4
4
4
4
4
4
4
4
4
4
4
4
4
4
4
4
4
4
4
4
4
4
4
4
4
4
4
4
4
4
4
4
4
4
4
4
4
4
4
4
4
15
15
15
15
15
15
15
15
15
15
15
15
15
15
15
15
15
15
15
15
15
15
15
15
15
15
15
15
15
15
15
15
4
4
4
4
4
4
4
4
4
4
4
4
4
4
4
4
4
4
4
4
4
4
4
4
4
4
4
4
4
4
4
4
4
4
4
4
4
4
4
4
4
4
4
4
4
4
4
4
4
4
4
4
4
4
4
4
4
4
4
4
4
4
4
4
4
4
4
4
4
4
4
4
4
4
4
4
4
4
4
4
4
4
4
4
4
4
4
4
4
4
4
4
4
4
4
4
4
4
4
4
4
4
4
4
4
4
4
4
4
4
4
4
4
4
4
4
4
4
4
4
4
4
4
4
4
4
4
4
4
4
4
4
4
4
4
4
4
4
4
4
4
4
4
4
4
4
4
4
4
4
4
4
4
4
4
4
4
4
4
4
4
4
4
4
4
4
4
4
4
4
4
4
4
4
4
4
4
4
4
4
4
4
4
4
4
4
4
4
4
4
4
4
4
4
4
4
4
4
4
4
4
4
4
4
4
4
4
4
4
4
4
4
4
4
4
4
4
4
4
4
4
4
4
4
4
4
4
4
4
4
4
4
4
4
4
4
4
4
4
4
4
4
4
4
4
4
4
4
4
4
4
4
4
4
4
4
4
4
4
4
4
4
4
4
4
4
4
4
4
4
4
4
4
4
4
4
4
4
4
4
4
4
4
4
4
4
4
4
4
4
4
4
4
4
4
4
4
4
4
4
4
4
4
4
4
4
4
4
4
4
4
4
4
4
4
4
4
4
4
4
4
4
4
4
4
4
4
4
4
4
4
4
4
4
4
4
4
4
4
4
4
4
4
4
4
4
4
4
4
4
4
4
4
4
4
4
4
4
4
4
4
4
4
4
4
4
4
4
4
4
4
4
4
4
4
4
4
4
4
4
4
4
4
4
4
4
4
4
4
4
4
4
4
4
4
4
4
4
4
4
4
4
4
4
4
4
4
4
4
4
4
4
4
4
4
4
4
4
4
4
4
4
4
4
4
4
4
4
4
4
4
4
4
4
4
4
4
4
4
4
4
4
4
4
4
4
4
4
4
4
4
4
4
4
4
4
4
4
4
4
4
4
4
4
4
4
4
4
4
4
4
4
4
4
4
4
4
4
4
4
4
4
4
4
4
4
4
4
4
4
4
4
4
4
4
4
4
4
4
4
4
4
4
4
4
4
4
4
4
4
4
4
4
4
4
4
4
4
4
4
4
4
4
4
4
4
4
4
4
4
4
4
4
4
4
4
4
4
4
4
4
4
4
4
4
4
4
4
4
4
4
4
4
4
4
4
4
4
4
4
4
4
4
4
4
4
4
4
4
4
4
4
4
4
4
4
4
4
4
4
4
4
4
4
4
4
4
4
4
4
4
4
4
4
4
4
4
4
4
4
4
4
4
4
4
4
4
4
4
4
4
4
4
4
4
4
4
4
4
4
4
4
4
4
4
4
4
4
4
4
4
4
4
4
4
4
4
4
4
4
4
4
4
4
4
4
4
4
4
4
4
4
4
4
4
4
4
4
4
4
4
4
4
4
4
4
4
4
4
4
4
4
4
4
4
4
4
4
4
4
4
4
4
4
4
4
4
4
4
4
4
4
4
4
4
4
4
4
4
4
4
4
4
4
4
4
4
4
4
4
4
4
4
4
4
4
4
4
4
4
4
4
4
4
4
4
4
4
4
4
4
4
4
4
4
4
4
4
4
4
4
4
4
4
4
4
4
4
4
4
4
4
4
4
4
4
4
4
4
4
4
4
4
4
4
4
4
4
4
4
4
4
4
4
4
4
4
4
4
4
4
4
4
4
4
4
4
4
4
4
4
4
4
4
4
4
4
4
4
4
4
4
4
4
4
4
4
4
4
4
4
4
4
4
4
4
4
4
4
4
4
4
4
4
4
4
4
4
4
4
4
4
4
4
4
4
4
4
4
4
4
4
4
4
4
4
4
4
4
4
4
4
4
4
4
4
4
4
4
4
4
4
4
4
4
4
4
4
4
4
4
4
4
4
4
4
4
4
4
4
4
4
4
4
4
4
4
4
4
4
4
4
4
4
4
4
4
4
4
4
4
4
4
4
4
4
4
4
4
4
4
4
4
4
4
4
4
4
4
4
4
4
4
4
4
4
4
4
4
4
4
4
4
4
4
4
4
4

SCALARS v:x double 3
LOOKUP_TABLE default
10.7499999999999982 2.5000000000000000 0.0000000000000000
2.5000000000000000 10.7500000000000018 0.0000000000000000
-2.5000000000000000 10.7499999999999982 0.0000000000000000
-10.0000000000000018 2.5000000000000000 0.0000000000000000
-10.0000000000000000 -2.5000000000000000 0.0000000000000000
-2.5000000000000000 -10.0000000000000000 0.0000000000000000
2.5000000000000000 -9.9999999999999982 0.0000000000000000
10.7500000000000000 -2.5000000000000000 0.0000000000000000
10.7500000000000000 0.0000000000000000 0.0000000000000000
0.0000000000000000 10.7500000000000000 0.0000000000000000
-10.0000000000000000 0.0000000000000000 0.0000000000000000
0.0000000000000000 -10.0000000000000000 0.0000000000000000
0.0000000000000000 0.0000000000000000 0.0000000000000000
2.5000000000000000 0.0000000000000000 0.0000000000000000
2.5000000000000000 2.5000000000000000 0.0000000000000000
0.0000000000000000 2.5000000000000000 0.0000000000000000
-2.5000000000000000 2.5000000000000000 0.0000000000000000
-2.5000000000000000 0.0000000000000000 0.0000000000000000
-2.5000000000000000 -2.5000000000000000 0.0000000000000000
0.0000000000000000 -2.5000000000000000 0.0000000000000000
2.5000000000000000 -2.5000000000000000 0.0000000000000000
9.4999100815524908 2.5166912349237416 0.0000000000000000
9.0067397915876786 2.5660620019814049 0.0000000000000000
8.5134519333182386 2.6487977278920756 0.0000000000000000
8.0249400039740184 2.7647295826556810 0.0000000000000000
7.5503957978897471 2.9113161127749683 0.0000000000000000
7.0847717693769061 3.0897580097815576 0.0000000000000000
6.6329678894353279 3.2982767315841510 0.0000000000000000
6.1923749729562525 3.5384218914084080 0.0000000000000000
5.7688000163006157 3.8075088455499326 0.0000000000000000
5.3672272547647442 4.1019141502513374 0.0000000000000000
4.9818183380315180 4.4261456058232698 0.0000000000000000
4.6194363175942801 4.7751043589774351 0.0000000000000000
4.2854221009405817 5.1426756917432774 0.0000000000000000
3.9773090400257747 5.5304146052855474 0.0000000000000000
3.6902225917606311 5.9457788592046352 0.0000000000000000
3.4332163177114801 6.3768312114905257 0.0000000000000000
3.2055019988395683 6.8243430739094464 0.0000000000000000
3.0092024601322205 7.2836145787869846 0.0000000000000000
2.8439364525212625 7.7548375327281907 0.0000000000000000
2.7105538884088034 8.2353540337484166 0.0000000000000000
2.6130859189226534 8.7025022702211707 0.0000000000000000
2.5490841058809632 9.1433481811352326 0.0000000000000000
2.5113853561013721 9.5869010830478700 0.0000000000000000
-2.5166912349237416 9.4999100815524908 0.0000000000000000
-2.5660620019814049 9.0067397915876786 0.0000000000000000
-2.6487977278920756 8.5134519333182368 0.0000000000000000
-2.7647295826556810 8.0249400039740166 0.0000000000000000
-2.9113161127749683 7.5503957978897462 0.0000000000000000
-3.0897580097815576 7.0847717693769052 0.0000000000000000
-3.2982767315841519 6.6329678894353270 0.0000000000000000
-3.5384218914084080 6.1923749729562525 0.0000000000000000
-3.8075088455499326 5.7688000163006157 0.0000000000000000
-4.1019141502513383 5.3672272547647442 0.0000000000000000
-4.4261456058232742 4.9818183380315135 0.0000000000000000
-4.7751043589774405 4.6194363175942748 0.0000000000000000
-5.1426756917432854 4.2854221009405755 0.0000000000000000
-5.5304146052855501 3.9773090400257729 0.0000000000000000
-5.9457788592046441 3.6902225917606248 0.0000000000000000
-6.3768312114905372 3.4332163177114730 0.0000000000000000
-6.8243430739094642 3.2055019988395603 0.0000000000000000
-7.2836145787869979 3.0092024601322160 0.0000000000000000
-7.7548375327282066 2.8439364525212580 0.0000000000000000
-8.2353540337484255 2.7105538884088016 0.0000000000000000
-8.7025022702211778 2.6130859189226516 0.0000000000000000
-9.1433481811352326 2.5490841058809632 0.0000000000000000
-9.5869010830478700 2.5113853561013721 0.0000000000000000
-9.4999100815524855 -2.5166912349237416 0.0000000000000000
-9.0067397915876768 -2.5660620019814058 0.0000000000000000
-8.5134519333182315 -2.6487977278920765 0.0000000000000000
-8.0249400039740095 -2.7647295826556819 0.0000000000000000
-7.5503957978897454 -2.9113161127749683 0.0000000000000000
-7.0847717693769008 -3.0897580097815593 0.0000000000000000
-6.6329678894353208 -3.2982767315841537 0.0000000000000000
-6.1923749729562534 -3.5384218914084071 0.0000000000000000
-5.7688000163006166 -3.8075088455499317 0.0000000000000000
-5.3672272547647406 -4.1019141502513419 0.0000000000000000
-4.9818183380315153 -4.4261456058232724 0.0000000000000000
-4.6194363175942756 -4.7751043589774396 0.0000000000000000
-4.2854221009405791 -5.1426756917432810 0.0000000000000000
-3.9773090400257738 -5.5304146052855501 0.0000000000000000
-3.6902225917606284 -5.9457788592046388 0.0000000000000000
-3.4332163177114774 -6.3768312114905283 0.0000000000000000
-3.2055019988395665 -6.8243430739094499 0.0000000000000000
-3.0092024601322205 -7.2836145787869846 0.0000000000000000
-2.8439364525212625 -7.7548375327281915 0.0000000000000000
-2.7105538884088034 -8.2353540337484148 0.0000000000000000
-2.6130859189226534 -8.7025022702211707 0.0000000000000000
-2.5490841058809632 -9.1433481811352291 0.0000000000000000
-2.5113853561013721 -9.5869010830478718 0.0000000000000000
2.5166912349237416 -9.4999100815524873 0.0000000000000000
2.5660620019814058 -9.0067397915876750 0.0000000000000000
2.6487977278920765 -8.5134519333182315 0.0000000000000000
2.7647295826556810 -8.0249400039740149 0.0000000000000000
2.9113161127749656 -7.5503957978897533 0.0000000000000000
3.0897580097815576 -7.0847717693769070 0.0000000000000000
3.2982767315841510 -6.6329678894353279 0.0000000000000000
3.5384218914084045 -6.1923749729562587 0.0000000000000000
3.8075088455499282 -5.7688000163006219 0.0000000000000000
4.1019141502513374 -5.3672272547647450 0.0000000000000000
4.4261456058232689 -4.9818183380315180 0.0000000000000000
4.7751043589774351 -4.6194363175942801 0.0000000000000000
5.1426756917432765 -4.2854221009405826 0.0000000000000000
5.5304146052855474 -3.9773090400257756 0.0000000000000000
5.9457788592046343 -3.6902225917606311 0.0000000000000000
6.3768312114905248 -3.4332163177114801 0.0000000000000000
6.8243430739094455 -3.2055019988395692 0.0000000000000000
7.2836145787869810 -3.0092024601322223 0.0000000000000000
7.7548375327281871 -2.8439364525212643 0.0000000000000000
8.2353540337484130 -2.7105538884088043 0.0000000000000000
8.7025022702211672 -2.6130859189226543 0.0000000000000000
9.1433481811352291 -2.5490841058809632 0.0000000000000000
9.5869010830478718 -2.5113853561013721 0.0000000000000000
10.7500000000000000 0.4980468750000000 0.0000000000000000
10.7500000000000000 0.9985351562500000 0.0000000000000000
10.7499999999999982 1.5029335021972656 0.0000000000000000
10.7499999999999982 2.0014667510986328 0.0000000000000000
2.0019531250000000 10.7500000000000018 0.0000000000000000
1.5014648437500000 10.7500000000000018 0.0000000000000000
0.9970664978027344 10.7500000000000000 0.0000000000000000
0.4985332489013672 10.7500000000000000 0.0000000000000000
-0.4980468750000000 10.7500000000000000 0.0000000000000000
-0.9985351562500000 10.7500000000000000 0.0000000000000000
-1.5029335021972656 10.7499999999999982 0.0000000000000000
-2.0014667510986328 10.7499999999999982 0.0000000000000000
-10.0000000000000018 2.0019531250000000 0.0000000000000000
-10.0000000000000018 1.5014648437500000 0.0000000000000000
-10.0000000000000000 0.9970664978027344 0.0000000000000000
-10.0000000000000000 0.4985332489013672 0.0000000000000000
-10.0000000000000000 -0.4980468750000000 0.0000000000000000
-10.0000000000000000 -0.9985351562500000 0.0000000000000000
-10.0000000000000000 -1.5029335021972656 0.0000000000000000
-10.0000000000000000 -2.0014667510986328 0.0000000000000000
-2.0019531250000000 -10.0000000000000000 0.0000000000000000
-1.5014648437500000 -10.0000000000000000 0.0000000000000000
-0.9970664978027344 -10.0000000000000000 0.0000000000000000
-0.4985332489013672 -10.0000000000000000 0.0000000000000000
0.4980468750000000 -10.0000000000000000 0.0000000000000000
0.9985351562500000 -10.0000000000000000 0.0000000000000000
1.5029335021972656 -9.9999999999999982 0.0000000000000000
2.0014667510986328 -9.9999999999999982 0.0000000000000000
10.7500000000000000 -2.0019531250000000 0.0000000000000000
10.7500000000000000 -1.5014648437500000 0.0000000000000000
10.7500000000000000 -0.9970664978027344 0.0000000000000000
10.7500000000000000 -0.4985332489013672 0.0000000000000000
9.5019531250000000 0.0000000000000000 0.0000000000000000
9.0027904510498047 0.0000000000000000 0.0000000000000000
8.5074607096612453 0.0000000000000000 0.0000000000000000
8.0029278766232892 0.0000000000000000 0.0000000000000000
7.5031502472034006 0.0000000000000000 0.0000000000000000
7.0047895780483742 0.0000000000000000 0.0000000000000000
6.5032798008047079 0.0000000000000000 0.0000000000000000
6.0028698257041198 0.0000000000000000 0.0000000000000000
5.5034372138361496 0.0000000000000000 0.0000000000000000
4.9989536193246096 0.0000000000000000 0.0000000000000000
4.5011152029747841 0.0000000000000000 0.0000000000000000
4.0008364022310881 0.0000000000000000 0.0000000000000000
3.4966491733565812 0.0000000000000000 0.0000000000000000
2.9983245866782902 0.0000000000000000 0.0000000000000000
2.0019531250000000 0.0000000000000000 0.0000000000000000
1.5014648437500000 0.0000000000000000 0.0000000000000000
0.9970664978027344 0.0000000000000000 0.0000000000000000
0.4985332489013672 0.0000000000000000 0.0000000000000000
0.0000000000000000 9.5019531250000000 0.0000000000000000
0.0000000000000000 9.0027904510498047 0.0000000000000000
0.0000000000000000 8.5074607096612453 0.0000000000000000
0.0000000000000000 8.0029278766232892 0.0000000000000000
0.0000000000000000 7.5031502472034006 0.0000000000000000
0.0000000000000000 7.0047895780483742 0.0000000000000000
0.0000000000000000 6.5032798008047079 0.0000000000000000
0.0000000000000000 6.0028698257041198 0.0000000000000000
0.0000000000000000 5.5034372138361496 0.0000000000000000
0.0000000000000000 4.9989536193246096 0.0000000000000000
0.0000000000000000 4.5011152029747841 0.0000000000000000
0.0000000000000000 4.0008364022310881 0.0000000000000000
0.0000000000000000 3.4966491733565812 0.0000000000000000
0.0000000000000000 2.9983245866782902 0.0000000000000000
0.0000000000000000 2.0019531250000000 0.0000000000000000
0.0000000000000000 1.5014648437500000 0.0000000000000000
0.0000000000000000 0.9970664978027344 0.0000000000000000
0.0000000000000000 0.4985332489013672 0.0000000000000000
-9.5019531250000000 0.0000000000000000 0.0000000000000000
-9.0027904510498047 0.0000000000000000 0.0000000000000000
-8.5074607096612453 0.0000000000000000 0.0000000000000000
-8.0029278766232892 0.0000000000000000 0.0000000000000000
-7.5031502472034006 0.0000000000000000 0.0000000000000000
-7.0047895780483742 0.0000000000000000 0.0000000000000000
-6.5032798008047079 0.0000000000000000 0.0000000000000000
-6.0028698257041198 0.0000000000000000 0.0000000000000000
-5.5034372138361496 0.0000000000000000 0.0000000000000000
-4.9989536193246096 0.0000000000000000 0.0000000000000000
-4.5011152029747841 0.0000000000000000 0.0000000000000000
-4.0008364022310881 0.0000000000000000 0.0000000000000000
-3.4966491733565812 0.0000000000000000 0.0000000000000000
-2.9983245866782902 0.0000000000000000 0.0000000000000000
-2.0019531250000000 0.0000000000000000 0.0000000000000000
-1.5014648437500000 0.0000000000000000 0.0000000000000000
-0.9970664978027344 0.0000000000000000 0.0000000000000000
-0.4985332489013672 0.0000000000000000 0.0000000000000000
0.0000000000000000 -9.5019531250000000 0.0000000000000000
0.0000000000000000 -9.0027904510498047 0.0000000000000000
0.0000000000000000 -8.5074607096612453 0.0000000000000000
0.0000000000000000 -8.0029278766232892 0.0000000000000000
0.0000000000000000 -7.5031502472034006 0.0000000000000000
0.0000000000000000 -7.0047895780483742 0.0000000000000000
0.0000000000000000 -6.5032798008047079 0.0000000000000000
0.0000000000000000 -6.0028698257041198 0.0000000000000000
0.0000000000000000 -5.5034372138361496 0.0000000000000000
0.0000000000000000 -4.9989536193246096 0.0000000000000000
0.0000000000000000 -4.5011152029747841 0.0000000000000000
0.0000000000000000 -4.0008364022310881 0.0000000000000000
0.0000000000000000 -3.4966491733565812 0.0000000000000000
0.0000000000000000 -2.9983245866782902 0.0000000000000000
0.0000000000000000 -2.0019531250000000 0.0000000000000000
0.0000000000000000 -1.5014648437500000 0.0000000000000000
0.0000000000000000 -0.9970664978027344 0.0000000000000000
0.0000000000000000 -0.4985332489013672 0.0000000000000000
2.5000000000000000 0.4980468750000000 0.0000000000000000
2.5000000000000000 0.9985351562500000 0.0000000000000000
2.5000000000000000 1.5029335021972656 0.0000000000000000
2.5000000000000000 2.0014667510986328 0.0000000000000000
2.0019531250000000 2.5000000000000000 0.0000000000000000
1.5014648437500000 2.5000000000000000 0.0000000000000000
0.9970664978027344 2.5000000000000000 0.0000000000000000
0.4985332489013672 2.5000000000000000 0.0000000000000000
-0.4980468750000000 2.5000000000000000 0.0000000000000000
-0.9985351562500000 2.5000000000000000 0.0000000000000000
-1.5029335021972656 2.5000000000000000 0.0000000000000000
-2.0014667510986328 2.5000000000000000 0.0000000000000000
-2.5000000000000000 2.0019531250000000 0.0000000000000000
-2.5000000000000000 1.5014648437500000 0.0000000000000000
-2.5000000000000000 0.9970664978027344 0.0000000000000000
-2.5000000000000000 0.4985332489013672 0.0000000000000000
-2.5000000000000000 -0.4980468750000000 0.0000000000000000
-2.5000000000000000 -0.9985351562500000 0.0000000000000000
-2.5000000000000000 -1.5029335021972656 0.0000000000000000
-2.5000000000000000 -2.0014667510986328 0.0000000000000000
-2.0019531250000000 -2.5000000000000000 0.0000000000000000
-1.5014648437500000 -2.5000000000000000 0.0000000000000000
-0.9970664978027344 -2.5000000000000000 0.0000000000000000
-0.4985332489013672 -2.5000000000000000 0.0000000000000000
0.4980468750000000 -2.5000000000000000 0.0000000000000000
0.9985351562500000 -2.5000000000000000 0.0000000000000000
1.5029335021972656 -2.5000000000000000 0.0000000000000000
2.0014667510986328 -2.5000000000000000 0.0000000000000000
2.5000000000000000 -2.0019531250000000 0.0000000000000000
2.5000000000000000 -1.5014648437500000 0.0000000000000000
2.5000000000000000 -0.9970664978027344 0.0000000000000000
2.5000000000000000 -0.4985332489013672 0.0000000000000000
2.0885144733885408 9.3665879486534998 0.0000000000000000
2.1506997622759387 8.8640791158512133 0.0000000000000000
2.2194095844137713 8.3637846475863444 0.0000000000000000
3.7334412360827303 5.0296214495340559 0.0000000000000000
0.4206646527460727 8.7279785446450209 0.0000000000000000
8.8024040517150741 0.4522419077325189 0.0000000000000000
9.0859236297070947 2.0362788289242508 0.0000000000000000
4.1428895568849002 4.6748801547912331 0.0000000000000000
7.6680236366274102 2.4291639355037602 0.0000000000000000
6.6312035379079113 2.6886453215445525 0.0000000000000000
4.7379399403105413 0.3424146606090695 0.0000000000000000
0.3883379963269036 4.6929029931300175 0.0000000000000000
5.2567476563039062 3.6019114146590647 0.0000000000000000
2.2766720543241874 2.9180570509865666 0.0000000000000000
0.4523170225481277 3.1618280636674352 0.0000000000000000
3.2459391882923621 0.4160428164000849 0.0000000000000000
7.2651463214550898 0.4427119252643152 0.0000000000000000
0.4456049415977485 7.2539535477934667 0.0000000000000000
0.7388364596892174 9.5049158703526473 0.0000000000000000
9.5494174718753886 1.8005258933999615 0.0000000000000000
0.8280002539222284 2.8958081733080219 0.0000000000000000
2.9393085167582740 1.7478897422124726 0.0000000000000000
2.9237797080163386 2.2729356809304218 0.0000000000000000
7.1865372796074638 2.5655649937567651 0.0000000000000000
2.3102396480151226 7.7915432171489245 0.0000000000000000
0.3981456038828650 9.1420007280365656 0.0000000000000000
9.3387112647074417 0.4527218010017457 0.0000000000000000
2.6018917217662931 7.3962723789334497 0.0000000000000000
5.7471989780310189 0.4277431821838028 0.0000000000000000
0.4918221344647531 5.7465448816692506 0.0000000000000000
2.6292083534950219 6.9173992816920808 0.0000000000000000
7.7751173947201728 0.4456817971699118 0.0000000000000000
0.4426326978151103 7.7503723327373217 0.0000000000000000
3.7218705824949270 0.4375700861435420 0.0000000000000000
0.4353959011019342 8.2464812015956319 0.0000000000000000
9.1125671131893515 0.9467700434870620 0.0000000000000000
0.8215136645412624 8.9813998288926022 0.0000000000000000
5.2024038737025622 0.4758848067714691 0.0000000000000000
0.4879516185053401 4.2251957788574970 0.0000000000000000
0.4550800963043233 6.7538458120982412 0.0000000000000000
7.5319944206167726 0.8999662268362163 0.0000000000000000
8.0549827468164352 0.8996674185601715 0.0000000000000000
1.6853148207807109 9.0603360288019292 0.0000000000000000
1.6219570053602315 9.5560825164639933 0.0000000000000000
2.9440789182167082 1.2319798096348620 0.0000000000000000
1.2549652393782225 2.9280889590441839 0.0000000000000000
3.3753684442110217 2.0065824802794214 0.0000000000000000
3.3889638743431316 1.4833751967956137 0.0000000000000000
3.4233510217051863 0.9112526928332877 0.0000000000000000
2.9239719277887293 0.7428040428021501 0.0000000000000000
2.8597023726309621 2.8593305735116821 0.0000000000000000
1.7396753266200324 8.5598381020459833 0.0000000000000000
1.2758389553758445 8.7693183756869360 0.0000000000000000
0.9393800514787110 3.3868721563365733 0.0000000000000000
1.4966425854469225 3.3670582959904651 0.0000000000000000
0.4509051915762665 3.6901282772741091 0.0000000000000000
5.7008848704488297 3.2967353702831552 0.0000000000000000
5.1878951630285144 3.0645345652613099 0.0000000000000000
1.2521806737511731 3.8108417870931244 0.0000000000000000
1.7525115762783656 3.7956305983304799 0.0000000000000000
0.8278192455240045 3.8665534311743430 0.0000000000000000
0.9991198075023497 4.2287355421254427 0.0000000000000000
2.5359511452555301 3.3538814513135411 0.0000000000000000
3.0433585212210428 3.3857003156915018 0.0000000000000000
3.8459661372889764 1.2456294946412803 0.0000000000000000
3.9086488327125455 0.8132806078100054 0.0000000000000000
2.7694505657391293 3.7989100371682842 0.0000000000000000
3.2620116674946820 3.8039834070895320 0.0000000000000000
2.2617008599112598 3.7931917099545798 0.0000000000000000
2.5068698687339781 4.2214504752444961 0.0000000000000000
3.8220011721075888 1.7502146006901746 0.0000000000000000
4.2679579734237318 1.5014869783049281 0.0000000000000000
4.2589140723781185 2.0052441541538060 0.0000000000000000
4.7050850828610349 1.7515774916862070 0.0000000000000000
1.2262955308772323 9.2564328425395850 0.0000000000000000
1.2168829726542114 9.6637205265395760 0.0000000000000000
8.2862990031861923 0.4450577982627257 0.0000000000000000
8.5653413543019230 0.8856829427564501 0.0000000000000000
8.1394102066720624 2.2931840021665741 0.0000000000000000
7.7719742835482020 1.9543154487670080 0.0000000000000000
8.2342541500753796 1.8034875841112168 0.0000000000000000
7.8103460816142611 1.4134999131269803 0.0000000000000000
2.9191237505704040 0.4122875051540426 0.0000000000000000
0.8887050618488743 7.5040393834139447 0.0000000000000000
1.4848657804766781 4.2274600927515182 0.0000000000000000
1.9968543024946097 4.2217934085274367 0.0000000000000000
2.0127430893014262 3.3601625070208661 0.0000000000000000
1.7570608784016208 2.9292646993781704 0.0000000000000000
0.8799160890929727 8.0035219869004166 0.0000000000000000
1.3327308855050006 7.7637352985777683 0.0000000000000000
3.0125084206850588 4.2261185556331098 0.0000000000000000
3.5114066105999218 4.2086768262861778 0.0000000000000000
3.2779896689323387 4.6805601273734254 0.0000000000000000
3.7349137002678372 4.5614739268392706 0.0000000000000000
1.3136999631928763 8.2708068581726870 0.0000000000000000
1.7860983427542507 8.0423639198126349 0.0000000000000000
3.3619822338884360 2.5344858481093837 0.0000000000000000
3.8143074369576109 2.2624546591227941 0.0000000000000000
3.8093154476051989 2.7719924802565292 0.0000000000000000
4.2524605655468912 2.5197377121128435 0.0000000000000000
4.2317897027898583 3.0323893221438962 0.0000000000000000
4.7001197101778764 2.7985342946195764 0.0000000000000000
1.7176427666093232 4.6559003581911265 0.0000000000000000
2.2449185216593168 4.6445329844792882 0.0000000000000000
1.9751671340645398 5.0803283498830245 0.0000000000000000
2.5075121328754904 5.0517685970420771 0.0000000000000000
2.2586904751547197 5.5128466819020865 0.0000000000000000
2.8740494189167700 5.4414126490530288 0.0000000000000000
1.1780656075167659 4.6585964174212826 0.0000000000000000
1.4081268107259906 5.0984700004227692 0.0000000000000000
0.7512636371297781 4.5906096651041679 0.0000000000000000
4.2875839605711965 1.0056172510459929 0.0000000000000000
4.2681818685255095 0.4803772192709683 0.0000000000000000
4.7281766205668170 0.7579334325044472 0.0000000000000000
4.7149524854706968 1.2527870035332005 0.0000000000000000
5.1619649000093988 1.0070529763706835 0.0000000000000000
5.1532067559522421 1.5024128880065888 0.0000000000000000
5.6353566152991004 1.2631874324633121 0.0000000000000000
5.1480085810961240 2.0019771284482699 0.0000000000000000
5.5713619689748386 1.7456497907288073 0.0000000000000000
0.6932345724240090 5.1559742002754625 0.0000000000000000
2.5712240935975759 5.9621788259553776 0.0000000000000000
3.1501394209699809 5.9399634286580580 0.0000000000000000
6.7555815497278502 0.4385710295228530 0.0000000000000000
7.0129538873021975 0.8846624921276354 0.0000000000000000
6.2477478321225002 0.4334735083228647 0.0000000000000000
3.3875465067601898 3.0426742946756988 0.0000000000000000
3.8044767191801609 3.2508090299312506 0.0000000000000000
4.0005719110387954 4.2232417357617100 0.0000000000000000
4.4889081925763259 4.3127293140413441 0.0000000000000000
4.3283601956893998 3.8446088185321621 0.0000000000000000
2.8888050686035349 6.4092275920068200 0.0000000000000000
2.3337762070784187 6.4474327873412651 0.0000000000000000
5.6060191033618283 2.2379851362844807 0.0000000000000000
6.0410046340461534 1.9085570193061459 0.0000000000000000
4.7045413537488230 2.2640775139405855 0.0000000000000000
5.1640106243199977 2.5238079530406692 0.0000000000000000
3.4558907761393396 3.4474212728122628 0.0000000000000000
3.7885414844129865 3.7485086714503262 0.0000000000000000
1.6990626030529405 5.5149823952547949 0.0000000000000000
1.9342501270479602 6.0176034905004485 0.0000000000000000
1.1730473829767316 5.5307941754378227 0.0000000000000000
4.8511915177699700 3.9446615842975152 0.0000000000000000
4.6733056935166291 3.3924180964119315 0.0000000000000000
6.4909969037646489 0.8840560225171676 0.0000000000000000
6.7585601049012043 1.3288486216020159 0.0000000000000000
6.1885522458830353 1.3692514449753199 0.0000000000000000
6.5534605453920056 1.7845776902911969 0.0000000000000000
5.9771230930919552 0.8622017656667078 0.0000000000000000
5.5438667594186866 0.8074302776272028 0.0000000000000000
5.6464535487309684 2.7685873468630899 0.0000000000000000
6.1468213978362929 3.0108117826842333 0.0000000000000000
6.0828659698059599 2.4707670994086635 0.0000000000000000
8.6153170319785932 2.1694514878503148 0.0000000000000000
8.7019618708590230 1.6799700069092522 0.0000000000000000
0.8597176189799782 8.4980694768163243 0.0000000000000000
0.4707130597247229 6.2469171199442330 0.0000000000000000
0.9606226226988532 5.9670011534888765 0.0000000000000000
4.1644444815121124 3.4545900690125899 0.0000000000000000
0.9007600836508995 7.0055294075052075 0.0000000000000000
0.9240422776928234 6.5040073008817565 0.0000000000000000
1.3613952829086298 6.7691696029651105 0.0000000000000000
1.4079765329498670 6.2770126255696335 0.0000000000000000
1.3414798455705519 7.2616188680460656 0.0000000000000000
1.7796788596209137 7.0282628381015284 0.0000000000000000
1.8284716113781716 6.5596868682280727 0.0000000000000000
1.7934766669923548 7.5190980753865997 0.0000000000000000
2.2116168909941827 7.2452870668557896 0.0000000000000000
2.1564846646060341 6.8368124415500686 0.0000000000000000
2.7498550035551510 4.6339963595177291 0.0000000000000000
1.4369646082579628 5.8596149616958222 0.0000000000000000
8.3589348844002203 1.3224963210253471 0.0000000000000000
8.7763084504164137 1.2641642602976884 0.0000000000000000
9.1338084279130776 1.4963196366936515 0.0000000000000000
9.5670503161744538 1.2618471407708571 0.0000000000000000
2.9352320441015065 4.9853582630369369 0.0000000000000000
5.8594932064618179 1.5689845164023291 0.0000000000000000
9.6031785643267451 0.8318650316100571 0.0000000000000000
3.4488525586805450 5.5004738863175442 0.0000000000000000
3.2560214661587983 5.1255420679703132 0.0000000000000000
7.0342207101136740 1.7363057027585445 0.0000000000000000
7.2670915201724871 1.3257962460290658 0.0000000000000000
7.4438367487045145 1.7029399886637593 0.0000000000000000
7.3272858818676214 2.0945282299900398 0.0000000000000000
6.8627457143486872 2.1768108338539185 0.0000000000000000
6.4353246453016677 2.2032909111873527 0.0000000000000000
0.8316523264592028 5.5980974784479516 0.0000000000000000
-9.3666103788033954 2.0888650836126823 0.0000000000000000
-8.8642931905439326 2.1512768591177212 0.0000000000000000
-8.3640827619380449 2.2199440629895815 0.0000000000000000
-5.0324602633922817 3.7313713007801921 0.0000000000000000
-8.7281431285634188 0.4208734745539111 0.0000000000000000
-0.4581943962648904 8.7774644671172037 0.0000000000000000
-2.1382202769370187 9.1597582746962818 0.0000000000000000
-4.6807507636034913 4.1353480969064709 0.0000000000000000
-2.4297633332273616 7.6637094834422905 0.0000000000000000
-2.6855298669966707 6.6364130005726008 0.0000000000000000
-0.3416364975406536 4.7370665576399258 0.0000000000000000
-4.6929029903747868 0.3883380167781301 0.0000000000000000
-3.5653881362485325 5.2615067045977888 0.0000000000000000
-2.9182977988300953 2.2774509583106202 0.0000000000000000
-3.1618280522129272 0.4523170096587581 0.0000000000000000
-0.4160635255247450 3.2459391882923621 0.0000000000000000
-0.4333972216336411 7.2602386644350059 0.0000000000000000
-7.2539140981820518 0.4452616188438423 0.0000000000000000
-9.5048936791946819 0.7389909904584666 0.0000000000000000
-1.8454707329631344 9.5380896344267256 0.0000000000000000
-2.8958563952059446 0.8280435091503726 0.0000000000000000
-1.7476916426944815 2.9391266585394762 0.0000000000000000
-2.2727624872348908 2.9243332346578477 0.0000000000000000
-2.5669222018008804 7.1898373374837448 0.0000000000000000
-7.7916309044761549 2.3103725791495586 0.0000000000000000
-9.1419721078079341 0.3981745807738690 0.0000000000000000
-0.4614209204572333 9.3232505908632355 0.0000000000000000
-7.3960976174630506 2.6018794027088576 0.0000000000000000
-0.4489322452903520 5.7380907065225690 0.0000000000000000
-5.7465429353031556 0.4918242073551067 0.0000000000000000
-6.9173984682404992 2.6292110320088309 0.0000000000000000
-0.4327720531464423 7.7563479898171437 0.0000000000000000
-7.7516783763851445 0.4404088978315723 0.0000000000000000
-0.4374721128777236 3.7216024402614236 0.0000000000000000
-8.2469197039038225 0.4350381167375712 0.0000000000000000
-0.9791824138972500 9.0592410515557162 0.0000000000000000
-8.9813358581226712 0.8219384383297825 0.0000000000000000
-0.4800737673371334 5.1927728708333198 0.0000000000000000
-4.2251983606975845 0.4879720325361134 0.0000000000000000
-6.7538252344188665 0.4549819171466023 0.0000000000000000
-0.8632442738089268 7.5099429159187476 0.0000000000000000
-0.8619502787403250 8.0031160874340976 0.0000000000000000
-9.0605020239851051 1.6859679867766673 0.0000000000000000
-9.5561668965655713 1.6222858448877844 0.0000000000000000
-1.2318907398477033 2.9440840252113230 0.0000000000000000
-2.9280927556784997 1.2549622499440520 0.0000000000000000
-2.0062039732277541 3.3740797605107566 0.0000000000000000
-1.4833414903882298 3.3888784364571158 0.0000000000000000
-0.9110819969242671 3.4231789884319701 0.0000000000000000
-0.7426220605044792 2.9237920100187589 0.0000000000000000
-2.8597186832984356 2.8626951270086956 0.0000000000000000
-9.2564585172285252 1.2266385650904130 0.0000000000000000
-9.6637266365350190 1.2170845456065482 0.0000000000000000
-3.2802815814937922 5.7076551443989656 0.0000000000000000
-3.0272992268858507 5.2121440751436117 0.0000000000000000
-3.3868712038251489 0.9393812054514648 0.0000000000000000
-3.3670604531718822 1.4966447619999368 0.0000000000000000
-3.6901280900624669 0.4509051779913520 0.0000000000000000
-3.8108350117452745 1.2521889367478725 0.0000000000000000
-3.7958130105774295 1.7530715714072524 0.0000000000000000
-3.8665536124305877 0.8278207321129951 0.0000000000000000
-4.2285468069586685 0.9993037011969150 0.0000000000000000
-3.3545696508101113 2.5379049624007157 0.0000000000000000
-3.3876669511166946 3.0493939301048263 0.0000000000000000
-1.2454281505033136 3.8454277401406385 0.0000000000000000
-0.8132126813052813 3.9077294247469556 0.0000000000000000
-3.8006087046678534 2.7724720558216092 0.0000000000000000
-3.8113291756359935 3.2685185393091940 0.0000000000000000
-3.7938503697206016 2.2627659353365415 0.0000000000000000
-4.2223387662145679 2.5070358297717474 0.0000000000000000
-1.7503246623755782 3.8232340397091127 0.0000000000000000
-1.5013186062554624 4.2656691550643568 0.0000000000000000
-2.0013010008610190 4.2624261487398210 0.0000000000000000
-1.7497528924299897 4.6979915171804176 0.0000000000000000
-2.7500394200655878 5.6548673263561247 0.0000000000000000
-2.5022384456954212 5.1741887058293425 0.0000000000000000
-3.0030450604525827 6.1510480930856932 0.0000000000000000
-2.4580189759869859 6.0912726480334802 0.0000000000000000
-0.4373875745101259 8.2598243656041568 0.0000000000000000
-0.8841328848334784 8.4990939833937844 0.0000000000000000
-2.2005120607019415 8.1582320753042801 0.0000000000000000
-2.0250532231875895 7.7299395208913388 0.0000000000000000
-0.4121016283972570 2.9189451341328647 0.0000000000000000
-7.5039761106477236 0.8885216614898539 0.0000000000000000
-4.2276440581892194 1.4850386521839720 0.0000000000000000
-4.2221625131663592 1.9972062575467628 0.0000000000000000
-8.0040065408601659 0.8795826159178919 0.0000000000000000
-7.7639734585256335 1.3327532527473984 0.0000000000000000
-8.2711281405931345 1.3138361246847818 0.0000000000000000
-8.0427612547407765 1.7862953189327015 0.0000000000000000
-3.3605834346202963 2.0134898693733225 0.0000000000000000
-2.9293686139938044 1.7572872251148421 0.0000000000000000
-4.2272929072248067 3.0163874580147079 0.0000000000000000
-4.2188821169062187 3.5137417524430177 0.0000000000000000
-4.6842948861830926 3.2777833484914600 0.0000000000000000
-4.5714755538056542 3.7297663602470292 0.0000000000000000
-4.6558951621861508 1.7176538912521266 0.0000000000000000
-4.6446949939192237 2.2449211600121561 0.0000000000000000
-5.0803276507593118 1.9751689653144879 0.0000000000000000
-5.0518601555086420 2.5074975669835986 0.0000000000000000
-5.5128429618363048 2.2586007330605220 0.0000000000000000
-5.4417721681889493 2.8737532691607948 0.0000000000000000
-4.6585943677181314 1.1780648650170562 0.0000000000000000
-5.0984718501092470 1.4081232630926888 0.0000000000000000
-4.5904272756474507 0.7514475171955741 0.0000000000000000
-2.5330942495979945 3.3657964251930741 0.0000000000000000
-2.2579584247390194 3.8197811957286172 0.0000000000000000
-1.0055900332782246 4.2839162556033665 0.0000000000000000
-0.4800768377118961 4.2666138602398131 0.0000000000000000
-0.7584065234716358 4.7199154913369599 0.0000000000000000
-1.2518243732674765 4.7014942335175718 0.0000000000000000
-1.0040413882814032 5.1306716139595938 0.0000000000000000
-1.4910235303525095 5.1233686574081165 0.0000000000000000
-1.2326830461728515 5.5279630221557960 0.0000000000000000
-1.9893046351893260 5.1422628084390372 0.0000000000000000
-1.7092816841653227 5.5552034943426065 0.0000000000000000
-2.7671664681298846 3.8282726294239282 0.0000000000000000
-2.5072347087370024 4.2716432817690144 0.0000000000000000
-3.0169755415460631 4.2837145483614512 0.0000000000000000
-2.7646358151942980 4.7341556000007463 0.0000000000000000
-5.9622769476662407 2.5712150042398303 0.0000000000000000
-5.9401000190544728 3.1499909739450827 0.0000000000000000
-5.1559739825722311 0.6932366623256030 0.0000000000000000
-0.4420086376517805 6.7598984091926919 0.0000000000000000
-0.8738999228145909 7.0195436256736397 0.0000000000000000
-0.4549833214837204 6.2484431123437512 0.0000000000000000
-3.0450229907930422 3.4007829912493728 0.0000000000000000
-3.2623080269763016 3.8430366783653946 0.0000000000000000
-4.2512662071211471 3.9825597920759686 0.0000000000000000
-4.3250102975222635 4.4580603129313436 0.0000000000000000
-3.9497285326870126 4.2571467235669420 0.0000000000000000
-6.4094058296412184 2.8886247278219273 0.0000000000000000
-6.4474339958031051 2.3337761418252487 0.0000000000000000
-2.2174121528320767 5.6112978225870194 0.0000000000000000
-1.8823784206424483 6.0648696104458644 0.0000000000000000
-2.2539127801786569 4.7123730568870945 0.0000000000000000
-3.4574506953174402 3.4707367782989031 0.0000000000000000
-3.7796690958543908 3.8025543094271352 0.0000000000000000
-5.5149820330785095 1.6990637228745715 0.0000000000000000
-6.0176025149627144 1.9342500829427980 0.0000000000000000
-5.5307938156779084 1.1730491278805690 0.0000000000000000
-1.2799399121541788 7.7532327868819628 0.0000000000000000
-1.2852075858073899 8.2270432405910441 0.0000000000000000
-1.2941016249761552 7.2739011558356275 0.0000000000000000
-1.6892807293584888 7.5203207690217502 0.0000000000000000
-1.7286571890342695 7.0617583365452026 0.0000000000000000
-2.1036815634909134 7.3385300640305235 0.0000000000000000
-1.3221694606866938 6.7927090804781356 0.0000000000000000
-1.7771647793901442 6.5895591221202459 0.0000000000000000
-1.3746203280886504 6.3008205780598203 0.0000000000000000
-0.9010660804938661 6.5156785852654222 0.0000000000000000
-0.9501573426972975 5.9620985676027622 0.0000000000000000
-8.5601419766424733 1.7407379017864457 0.0000000000000000
-8.7694300913723104 1.2767284924252635 0.0000000000000000
-8.4982852859493807 0.8600057342377223 0.0000000000000000
-6.2469205288743641 0.4707121778629197 0.0000000000000000
-5.9670009700444036 0.9606229911788677 0.0000000000000000
-7.0055358194493857 0.9007600836508995 0.0000000000000000
-6.5040089800409060 0.9240424119174229 0.0000000000000000
-6.7689760982991674 1.3613850061747641 0.0000000000000000
-6.2768359956026361 1.4081556396722483 0.0000000000000000
-7.2617672126043891 1.3414764265404493 0.0000000000000000
-7.0282488425084448 1.7796898472294451 0.0000000000000000
-6.5594873257427162 1.8284645290693611 0.0000000000000000
-7.5193067826138451 1.7936652141651290 0.0000000000000000
-7.2452807076780257 2.2116054615736429 0.0000000000000000
-6.8367947768783290 2.1565012035001647 0.0000000000000000
-3.5275332966833060 4.2840905299090872 0.0000000000000000
-4.6345295088793783 2.7499991953005631 0.0000000000000000
-5.8594333844072652 1.4370551419376589 0.0000000000000000
-3.2945078743717295 4.7572272048222661 0.0000000000000000
-3.8817118479379915 4.7677347338286991 0.0000000000000000
-1.6957537188202398 7.9773236134219063 0.0000000000000000
-1.7064208487947123 8.4624572741520510 0.0000000000000000
-2.1750997941855230 6.8763197364250015 0.0000000000000000
-2.1970067139264313 6.4503255114683800 0.0000000000000000
-1.2944098266328898 8.6558517233329297 0.0000000000000000
-4.9863005843168411 2.9347845435291191 0.0000000000000000
-1.2977991082180833 9.5361338102868665 0.0000000000000000
-1.6277297589064579 9.0212122328091215 0.0000000000000000
-1.4309839269053446 5.8809897926511354 0.0000000000000000
-0.8449027073667852 9.5856870320396084 0.0000000000000000
-5.5011048815243617 3.4481062631278663 0.0000000000000000
-5.1271962582230461 3.2552431665739805 0.0000000000000000
-2.1459721793524964 8.7223802812143791 0.0000000000000000
-5.5980976326134053 0.8316520873675781 0.0000000000000000
-0.8210694929233863 5.5122616618480196 0.0000000000000000
-2.0881399145338326 -9.3673331727292357 0.0000000000000000
-2.1487471783034229 -8.8659466942028970 0.0000000000000000
-2.2120810666873263 -8.3674567501899890 0.0000000000000000
-3.7389857738263466 -5.0319876889615474 0.0000000000000000
-0.4202843120648154 -8.7288910976611458 0.0000000000000000
-8.7638425373243791 -0.4312430442346142 0.0000000000000000
-9.1797316405692850 -2.1584732694775113 0.0000000000000000
-4.1440226213316453 -4.6749961056690816 0.0000000000000000
-7.6694832424713351 -2.2996262175108915 0.0000000000000000
-6.6247817202836083 -2.6851431264165120 0.0000000000000000
-4.7085563126891765 -0.5287399092543961 0.0000000000000000
-0.5261676844802743 -4.6996787070377444 0.0000000000000000
-5.2611308122760807 -3.5959270357266555 0.0000000000000000
-2.2750027001188258 -2.9184910093179623 0.0000000000000000
-0.4490469248102951 -3.1602038951543228 0.0000000000000000
-3.1647526974393658 -0.4439221843506599 0.0000000000000000
-7.2607151426627778 -0.4329934839577529 0.0000000000000000
-0.4415905629255761 -7.2538392381069459 0.0000000000000000
-0.7386180827461359 -9.5052631374250520 0.0000000000000000
-9.5530560159818183 -1.8677168544682354 0.0000000000000000
-0.8255147367379330 -2.8956444898865015 0.0000000000000000
-2.9305739635763137 -1.7493190462810204 0.0000000000000000
-2.9155513182101682 -2.2713092215574533 0.0000000000000000
-7.1662289382997102 -2.5449459743405995 0.0000000000000000
-2.2820618635733823 -7.7975105341849522 0.0000000000000000
-0.3977823660552016 -9.1425303144911556 0.0000000000000000
-9.2988791815574814 -0.4433430196300571 0.0000000000000000
-2.5361480892089734 -7.3222945052912021 0.0000000000000000
-5.7572194372023215 -0.4484206168237779 0.0000000000000000
-0.4525363084350289 -5.7480993338388773 0.0000000000000000
-2.7197983848898728 -6.8677257504793472 0.0000000000000000
-7.7581681557555839 -0.4328495500834135 0.0000000000000000
-0.4408455219042047 -7.7516773603382720 0.0000000000000000
-3.6890724867329592 -0.4345885900365820 0.0000000000000000
-9.0046727472819477 -0.8499585303059743 0.0000000000000000
-0.4341271000572782 -8.2478142410566644 0.0000000000000000
-0.8207738569895273 -8.9826429064841076 0.0000000000000000
-0.4555552901646820 -4.1771036945458642 0.0000000000000000
-5.2497050652305024 -0.4634184609608751 0.0000000000000000
-7.5113603510933693 -0.8690567009767809 0.0000000000000000
-8.0096337585690840 -0.8660979026905562 0.0000000000000000
-0.4436443730514643 -6.7535443379563977 0.0000000000000000
-1.6841466976495809 -9.0619555459481749 0.0000000000000000
-1.6216356404215961 -9.5566207681993571 0.0000000000000000
-2.9341990344616597 -1.2442814880064597 0.0000000000000000
-3.3555962424628554 -2.0029678567201752 0.0000000000000000
-3.3703607119253540 -1.4837256077735614 0.0000000000000000
-3.3946929589345514 -0.9234135298869374 0.0000000000000000
-2.9006939494734043 -0.8196098525834983 0.0000000000000000
-1.2515371800514998 -2.9302653384248050 0.0000000000000000
-2.8539641605873696 -2.8569275525377642 0.0000000000000000
-0.4666763871315833 -5.2389631611708865 0.0000000000000000
-0.9139201548524660 -4.9927732121348702 0.0000000000000000
-1.2263919377804555 -9.2572302624210110 0.0000000000000000
-1.2168766637861843 -9.6639922122163533 0.0000000000000000
-0.9300251810174203 -3.3915410873913041 0.0000000000000000
-1.4905605235038060 -3.3753305258367834 0.0000000000000000
-2.9311403083345891 -6.4058275256558614 0.0000000000000000
-2.4141136425413476 -6.4464600209345146 0.0000000000000000
-3.3453452713508049 -2.5277742844036952 0.0000000000000000
-3.7766733901436949 -2.2516825109928083 0.0000000000000000
-1.2373550461034171 -3.8359440346767699 0.0000000000000000
-1.7506588155939387 -3.8106424858351655 0.0000000000000000
-2.6484185026608298 -5.9683110620427318 0.0000000000000000
-2.1262144580726723 -6.0136986401772914 0.0000000000000000
-7.0160740417134697 -0.8726775263912027 0.0000000000000000
-7.2624301372887725 -1.3096182280409023 0.0000000000000000
-3.8276355576311252 -1.2361394296000776 0.0000000000000000
-3.8842912791044570 -0.7998810264097377 0.0000000000000000
-3.7884620332808208 -1.7445907275435879 0.0000000000000000
-2.5341796868182085 -3.3546172826268763 0.0000000000000000
-3.0392805331399826 -3.3832502419758579 0.0000000000000000
-4.2253144289190878 -1.5000793775060222 0.0000000000000000
-4.3182479132371663 -0.9635431345567995 0.0000000000000000
-2.7696904273878076 -3.8007078910495813 0.0000000000000000
-3.2603726556079486 -3.8024923786606140 0.0000000000000000
-2.2642225285484736 -3.7989825823655221 0.0000000000000000
-2.5118729581407857 -4.2306974305102454 0.0000000000000000
-2.0051187005269444 -4.2409347841143941 0.0000000000000000
-2.2650664754190508 -4.6658811750816032 0.0000000000000000
-3.7862155079403808 -2.7574210749128811 0.0000000000000000
-4.2119696530969097 -2.4816613844426607 0.0000000000000000
-4.1856739324121772 -0.4526310094083609 0.0000000000000000
-3.3769897082083480 -3.0353199009346321 0.0000000000000000
-3.7951310551435782 -3.2376298623051962 0.0000000000000000
-3.4500251372847810 -3.4414120154778360 0.0000000000000000
-3.7844776857452498 -3.7427741213479591 0.0000000000000000
-8.2602827607032516 -0.4300255737200008 0.0000000000000000
-8.5079073265271017 -0.8599239993288196 0.0000000000000000
-8.2558603070459675 -1.3031431285827810 0.0000000000000000
-8.7560360339329808 -1.2746372233517573 0.0000000000000000
-7.7538470633633416 -1.3115766005964802 0.0000000000000000
-7.9860029383038356 -1.7751040056932923 0.0000000000000000
-7.4874853069301022 -1.7575396881036234 0.0000000000000000
-1.7550664784132497 -2.9310498905732199 0.0000000000000000
-2.0111594344996249 -3.3647710152309180 0.0000000000000000
-0.8847268535643860 -7.5076596540008724 0.0000000000000000
-7.0246215319858418 -1.7409095647816553 0.0000000000000000
-6.7753679347227127 -1.3189306613638845 0.0000000000000000
-6.5603616920876693 -1.7756008175048417 0.0000000000000000
-6.2738087963474189 -1.3510270303401675 0.0000000000000000
-6.0274209746326290 -1.8892297006610901 0.0000000000000000
-6.5179292923931804 -0.8833442793153428 0.0000000000000000
-6.0127339464119647 -0.8961581101798867 0.0000000000000000
-5.7555834091054834 -1.3648904024932054 0.0000000000000000
-5.4745207116063064 -1.8096085879878387 0.0000000000000000
-0.4417696354129035 -3.6819523052526311 0.0000000000000000
-1.4890758266311259 -4.2606485176353130 0.0000000000000000
-6.7625331872345695 -0.4364858197464875 0.0000000000000000
-6.2612218835955513 -0.4421048326223753 0.0000000000000000
-0.8762693716512029 -8.0075157762927489 0.0000000000000000
-1.3245703827262627 -7.7731826446965337 0.0000000000000000
-1.3084900796972789 -8.2761521338219026 0.0000000000000000
-1.7736783721123981 -8.0513057969788626 0.0000000000000000
-3.0155922832339943 -4.2303020018243505 0.0000000000000000
-3.5126307885035990 -4.2088134491284572 0.0000000000000000
-3.2854324797948511 -4.6861847059843624 0.0000000000000000
-3.7377340810813413 -4.5629640654927250 0.0000000000000000
-5.5058492311844667 -0.9045310446552537 0.0000000000000000
-5.2367298628634957 -1.3550890161940470 0.0000000000000000
-4.9606300143187614 -1.8355776761774256 0.0000000000000000
-5.2442598816349930 -2.1509117573884278 0.0000000000000000
-4.7105436477001206 -1.3194792444528332 0.0000000000000000
-4.5337169557552439 -1.7620757535174620 0.0000000000000000
-4.1862325003686607 -1.9876736522387517 0.0000000000000000
-4.5916733589181167 -2.1777421490934694 0.0000000000000000
-0.8050152949313834 -3.8780218829912547 0.0000000000000000
-0.9527243211903293 -4.3133782139958923 0.0000000000000000
-2.7606759878980300 -4.6482760670839047 0.0000000000000000
-2.9524475897964058 -4.9998871317344555 0.0000000000000000
-2.5412950667646133 -5.0725139292510768 0.0000000000000000
-2.9125876869022953 -5.4527417019789919 0.0000000000000000
-2.0243780329490288 -5.1240143599151713 0.0000000000000000
-2.3456888763128543 -5.5377849721265928 0.0000000000000000
-1.7432619794929547 -4.6919582981827768 0.0000000000000000
-1.4297647482759643 -5.1887602797237493 0.0000000000000000
-5.7061146423059057 -3.2976823232949122 0.0000000000000000
-5.2081450451525164 -3.0494409549237469 0.0000000000000000
-5.6643702775974312 -2.7761559228842532 0.0000000000000000
-5.2320985944782166 -2.5416884075934290 0.0000000000000000
-5.6198876405469695 -2.2740452773272488 0.0000000000000000
-4.9485540975163813 -2.2838844811012713 0.0000000000000000
-6.0844089402525192 -2.4731928599522086 0.0000000000000000
-6.1502607086002561 -3.0121080695186255 0.0000000000000000
-5.0167997943264027 -0.9137368061858437 0.0000000000000000
-4.6887969143168915 -0.9285812047825217 0.0000000000000000
-1.2397317636062883 -4.6841067361500617 0.0000000000000000
-0.9071035131507390 -4.6727360537404490 0.0000000000000000
-1.8280859979076016 -5.6042990376990645 0.0000000000000000
-3.9990227650863552 -4.2228195952167633 0.0000000000000000
-4.4881090256256826 -4.3114033678870989 0.0000000000000000
-4.3249457774098881 -3.8388422021441104 0.0000000000000000
-4.8492872182702067 -3.9411779034790837 0.0000000000000000
-4.6770387663241495 -3.3683177319116848 0.0000000000000000
-4.2240694413580497 -2.9995204241599795 0.0000000000000000
-4.7258017991128805 -2.7022609069819317 0.0000000000000000
-4.1601228747114307 -3.4385161195009908 0.0000000000000000
-1.7353222430784623 -8.5639312377061092 0.0000000000000000
-1.2739891257913332 -8.7717462404343394 0.0000000000000000
-0.8576026553592477 -8.5003647931544695 0.0000000000000000
-3.1788830502721979 -5.9432884587463155 0.0000000000000000
-8.2430873983288855 -2.2335362218314452 0.0000000000000000
-0.9161353079716399 -5.4878499645971663 0.0000000000000000
-0.8963239218668235 -6.0002478842453337 0.0000000000000000
-1.3498810602985856 -5.7564785719908214 0.0000000000000000
-0.4466065346034682 -6.2519882249751362 0.0000000000000000
-0.8926992705838899 -6.5011947406272670 0.0000000000000000
-1.3362606816135436 -6.2528890104506480 0.0000000000000000
-1.6966506096490122 -6.0216829673171084 0.0000000000000000
-1.8442015428109109 -6.4953277364242803 0.0000000000000000
-1.3442020654907907 -6.7591456809112573 0.0000000000000000
-1.7734966836996637 -7.0485150762455140 0.0000000000000000
-0.8906259497438977 -7.0050559688719600 0.0000000000000000
-8.5110644723682967 -1.7401104766938356 0.0000000000000000
-9.0721837635658780 -1.6804528393977169 0.0000000000000000
-1.3316361460719541 -7.2698895240940393 0.0000000000000000
-1.7693239226023572 -7.5419781269174706 0.0000000000000000
-9.5545112546052398 -1.3564527726507030 0.0000000000000000
-8.7563334238658541 -2.1693863178003578 0.0000000000000000
-9.5085588668821401 -0.8906114325366051 0.0000000000000000
-9.1811100842288571 -1.2084025251098356 0.0000000000000000
-3.4634307881395436 -5.5045763625121511 0.0000000000000000
-3.2705537252469341 -5.1347382193200088 0.0000000000000000
-7.2361224853716593 -2.1045454723567700 0.0000000000000000
-6.8387997972367920 -2.1755721658161891 0.0000000000000000
-6.4282971778852227 -2.1973955069451216 0.0000000000000000
-2.2336567932449478 -6.9181616168118003 0.0000000000000000
-2.1209269428227095 -7.3238541768578411 0.0000000000000000
9.3665879486534962 -2.0885144733885408 0.0000000000000000
8.8640791158512098 -2.1506997622759387 0.0000000000000000
8.3637846475863409 -2.2194095844137722 0.0000000000000000
5.0296223021579962 -3.7334356840616474 0.0000000000000000
8.7279785446450209 -0.4206646527460727 0.0000000000000000
0.4275273550560333 -8.7788399105453330 0.0000000000000000
2.0393854978975408 -9.1203649465528347 0.0000000000000000
4.6751180080856551 -4.1429910392970886 0.0000000000000000
2.4299889954784315 -7.6692416336607785 0.0000000000000000
2.6897937991073761 -6.6311987457594306 0.0000000000000000
0.3424484309003045 -4.7383551735359237 0.0000000000000000
4.6929029931306463 -0.3883379963249194 0.0000000000000000
3.6032578146899796 -5.2576701899054710 0.0000000000000000
2.9181556996099571 -2.2767556657645347 0.0000000000000000
3.1618280636665288 -0.4523170225468665 0.0000000000000000
0.4160755370948226 -3.2460307410267371 0.0000000000000000
0.4402671693759604 -7.2670614829444569 0.0000000000000000
7.2539535477934667 -0.4456049415977485 0.0000000000000000
9.5049158703526455 -0.7388364596892174 0.0000000000000000
1.8219989422059069 -9.5848454468123201 0.0000000000000000
2.8958081727309337 -0.8280002534356008 0.0000000000000000
1.7482496478084524 -2.9395816916552331 0.0000000000000000
2.2733100434231965 -2.9239611294889212 0.0000000000000000
2.5658550771699362 -7.1873220220205214 0.0000000000000000
7.7915432171489201 -2.3102396480151235 0.0000000000000000
9.1420007280365656 -0.3981456038828650 0.0000000000000000
0.4964069904503808 -9.3377420538297518 0.0000000000000000
7.3962723789334461 -2.6018917217662949 0.0000000000000000
0.4277201396862344 -5.7479477762674875 0.0000000000000000
5.7465448816707481 -0.4918221344668030 0.0000000000000000
6.9173992816920649 -2.6292083534950272 0.0000000000000000
0.4398451606539435 -7.7764860041473094 0.0000000000000000
7.7503723327373217 -0.4426326978151103 0.0000000000000000
0.4375796599247641 -3.7220536879636770 0.0000000000000000
8.2464812015956319 -0.4353959011019342 0.0000000000000000
0.7937220688630342 -8.9910301829560062 0.0000000000000000
8.9813998288926022 -0.8215136645412624 0.0000000000000000
0.4757716164061385 -5.2039355651555077 0.0000000000000000
4.2251957788113170 -0.4879516182189363 0.0000000000000000
6.7538458120982412 -0.4550800963043233 0.0000000000000000
0.8933179648721441 -7.5366161272991832 0.0000000000000000
0.8844929501003950 -8.0597472400314452 0.0000000000000000
9.0603360288019257 -1.6853148207807109 0.0000000000000000
9.5560825164639898 -1.6219570053602315 0.0000000000000000
1.2320855279026905 -2.9442596944780055 0.0000000000000000
2.9280837674070366 -1.2549699189938401 0.0000000000000000
2.0071410741547253 -3.3759140677543531 0.0000000000000000
1.4836825141601593 -3.3894861137142147 0.0000000000000000
0.9113254929627941 -3.4237091118913181 0.0000000000000000
0.7428023265583977 -2.9239756194652786 0.0000000000000000
2.8596474872557867 -2.8599545846984871 0.0000000000000000
8.5598381020459797 -1.7396753266200324 0.0000000000000000
8.7693183756869324 -1.2758389553758427 0.0000000000000000
3.2982183955922562 -5.7014987821555154 0.0000000000000000
3.0674785900339070 -5.1892974134193839 0.0000000000000000
3.3870593276254786 -0.9391925836303709 0.0000000000000000
3.3670628516637291 -1.4966416566444032 0.0000000000000000
3.6901523299501893 -0.4509042799287002 0.0000000000000000
3.8110163276223443 -1.2520033569393636 0.0000000000000000
3.7958108627862481 -1.7526999939320849 0.0000000000000000
3.8665495822062912 -0.8278206019044312 0.0000000000000000
4.2287355583430983 -0.9991186017759759 0.0000000000000000
3.3540784775537293 -2.5361187679870927 0.0000000000000000
3.3861827424839568 -3.0436872708596923 0.0000000000000000
1.2458481733190498 -3.8468698005335238 0.0000000000000000
0.8133472589837600 -3.9092163388991059 0.0000000000000000
3.7991319707798374 -2.7695766463319531 0.0000000000000000
3.8045560511996541 -3.2623589966465634 0.0000000000000000
3.7933858990035740 -2.2618190893229979 0.0000000000000000
4.2215420278965539 -2.5068680314848200 0.0000000000000000
1.7505332709210835 -3.8233145613991413 0.0000000000000000
1.5016163727309262 -4.2701552390487318 0.0000000000000000
2.0078289370389419 -4.2609310197254171 0.0000000000000000
1.7544321869283035 -4.7079402053199360 0.0000000000000000
9.2564328425395814 -1.2262955308772341 0.0000000000000000
9.6637205265395743 -1.2168829726542114 0.0000000000000000
2.2908364024388206 -8.1476063357416617 0.0000000000000000
1.9502754808648821 -7.7799446606353175 0.0000000000000000
0.4321637632914755 -8.2806058186498479 0.0000000000000000
0.8374563680339985 -8.5631636467398522 0.0000000000000000
0.4122838890524962 -2.9191270762456236 0.0000000000000000
7.5040393834139447 -0.8887050618488743 0.0000000000000000
4.2276433776503790 -1.4850451230901545 0.0000000000000000
4.2219801102577303 -1.9970375747860789 0.0000000000000000
3.3603596682436536 -2.0128576691106064 0.0000000000000000
2.9293150257771172 -1.7570495982802186 0.0000000000000000
8.0035219869004166 -0.8799160890929727 0.0000000000000000
7.7637352985777683 -1.3327308855050006 0.0000000000000000
4.2263073403631211 -3.0124850253859572 0.0000000000000000
4.2091144680217258 -3.5116463667017621 0.0000000000000000
4.6808440233834459 -3.2781651998239196 0.0000000000000000
4.5617518452590406 -3.7351796393311902 0.0000000000000000
8.2708068581726870 -1.3136999631928763 0.0000000000000000
8.0423639198126349 -1.7860983427542507 0.0000000000000000
2.5350601399294512 -3.3629245498641449 0.0000000000000000
2.2637832889655312 -3.8144571709542134 0.0000000000000000
4.6559007159323853 -1.7176420142539737 0.0000000000000000
4.6445336049874966 -2.2449174613827898 0.0000000000000000
5.0803283863043065 -1.9751670595333124 0.0000000000000000
5.0517685970417894 -2.5075121352575893 0.0000000000000000
5.5128466825276270 -2.2586904766525313 0.0000000000000000
5.4414126573518597 -2.8740494400240175 0.0000000000000000
4.6585958409521790 -1.1780653072335454 0.0000000000000000
5.0984700078152194 -1.4081267777750472 0.0000000000000000
4.5906096677279269 -0.7512636369361214 0.0000000000000000
2.7738154870203271 -3.8103313130404777 0.0000000000000000
2.5238635304274184 -4.2548075376312466 0.0000000000000000
3.0355347518754985 -4.2331139879594302 0.0000000000000000
2.8044812124012646 -4.7016125705606324 0.0000000000000000
1.0057225223440229 -4.2886822492919237 0.0000000000000000
0.4804164317567471 -4.2686377907887163 0.0000000000000000
0.7580037642745951 -4.7292817881412779 0.0000000000000000
1.2528496896548444 -4.7173328565644468 0.0000000000000000
1.0073251752607009 -5.1639790601656488 0.0000000000000000
1.5029942487027925 -5.1570798596154939 0.0000000000000000
1.2641256434095258 -5.6372195108721721 0.0000000000000000
2.0089413228030666 -5.1498533151940693 0.0000000000000000
1.7480941230145459 -5.5739547569157093 0.0000000000000000
5.1559742003398679 -0.6932345736748005 0.0000000000000000
5.9621788258563200 -2.5712240935172259 0.0000000000000000
5.9399634286563865 -3.1501394209856395 0.0000000000000000
0.4376600391391982 -6.7565834202260397 0.0000000000000000
0.8820127794586639 -7.0156443832694766 0.0000000000000000
0.4330960525200485 -6.2482942576960188 0.0000000000000000
1.7956008050660726 -8.2533817174228155 0.0000000000000000
1.4039740598913575 -7.8215924637773062 0.0000000000000000
1.2959697823949434 -8.3889401965949002 0.0000000000000000
3.0436769735493137 -3.3882087340765272 0.0000000000000000
3.2525361394612484 -3.8053507117098331 0.0000000000000000
2.7714274729695014 -5.6463193749660148 0.0000000000000000
2.5284611616774746 -5.1647954959979412 0.0000000000000000
3.0123513858717730 -6.1466769350616781 0.0000000000000000
2.4730144190911458 -6.0823534120948040 0.0000000000000000
4.2239870580058785 -4.0009437448132612 0.0000000000000000
4.3133064315109086 -4.4892785849839676 0.0000000000000000
3.8454830338222918 -4.3294848297881003 0.0000000000000000
2.2413842120661225 -5.6080645682330852 0.0000000000000000
1.9109734323779719 -6.0420288453382707 0.0000000000000000
6.4092275920069355 -2.8888050686032605 0.0000000000000000
6.4474327873429136 -2.3337762070781496 0.0000000000000000
2.2700617668679484 -4.7057928384366381 0.0000000000000000
1.6640588426538621 -8.7545432963163279 0.0000000000000000
1.1850058005457580 -8.8894041396329833 0.0000000000000000
1.5139879585825973 -9.2333073375306665 0.0000000000000000
1.0162820722966417 -9.3962304868381139 0.0000000000000000
3.4483569578460820 -3.4564233193639016 0.0000000000000000
3.7496425882918771 -3.7891299395811853 0.0000000000000000
1.3687747763794187 -9.6449156197740109 0.0000000000000000
5.5149823953558821 -1.6990626006813923 0.0000000000000000
6.0176034904757039 -1.9342501270468464 0.0000000000000000
5.5307941753433205 -1.1730473826128058 0.0000000000000000
3.9456771668735957 -4.8516006513352128 0.0000000000000000
3.3948976637867028 -4.6743888431856524 0.0000000000000000
0.8831229143211347 -6.4926232118018596 0.0000000000000000
1.3274348620137308 -6.7609425293605341 0.0000000000000000
1.3694593183564256 -6.1898472274666476 0.0000000000000000
1.7849790441472626 -6.5546299075364995 0.0000000000000000
0.8622082443610105 -5.9785727013533965 0.0000000000000000
0.8077032609812625 -5.5452426902433931 0.0000000000000000
2.1655211992202790 -8.6345096726142447 0.0000000000000000
8.4980694768163243 -0.8597176189799782 0.0000000000000000
6.2469171199442330 -0.4707130597247140 0.0000000000000000
5.9670011534913368 -0.9606226227012105 0.0000000000000000
7.0055294075052075 -0.9007600836508995 0.0000000000000000
6.5040073008817547 -0.9240422776928234 0.0000000000000000
6.7691696029651043 -1.3613952829086298 0.0000000000000000
6.2770126255700989 -1.4079765329497782 0.0000000000000000
7.2616188680460665 -1.3414798455705519 0.0000000000000000
7.0282628381015240 -1.7796788596209137 0.0000000000000000
6.5596868682285114 -1.8284716113780917 0.0000000000000000
7.5190980753865997 -1.7934766669923548 0.0000000000000000
7.2452870668557914 -2.2116168909941800 0.0000000000000000
6.8368124415500260 -2.1564846646060429 0.0000000000000000
3.4565150127320536 -4.1653579088300718 0.0000000000000000
4.6339970009823164 -2.7498510308334101 0.0000000000000000
5.8596149616511237 -1.4369646082434286 0.0000000000000000
4.9853581065636945 -2.9352317326503279 0.0000000000000000
1.5703281230864279 -5.8611883431507259 0.0000000000000000
5.5004738546340510 -3.4488525227438931 0.0000000000000000
5.1256342578038074 -3.2560154003684287 0.0000000000000000
1.7349137880017831 -7.0370081619198839 0.0000000000000000
1.3215829719498970 -7.2721230602201850 0.0000000000000000
1.6989878485650280 -7.4500106864816686 0.0000000000000000
2.0934507126621131 -7.3304225717200922 0.0000000000000000
2.1770139168857097 -6.8642365549283664 0.0000000000000000
2.2051658648193797 -6.4355194769933401 0.0000000000000000
5.5980974784503452 -0.8316523264575295 0.0000000000000000
0.7527054231672244 -9.6831169711778209 0.0000000000000000
0.8514526677684549 0.3946740531649067 0.0000000000000000
0.6948732193615521 2.0584558104200044 0.0000000000000000
1.9984445427674231 1.7660900743226031 0.0000000000000000
0.4932001532699757 0.7345342876908123 0.0000000000000000
1.2623874706481901 0.4167685376832440 0.0000000000000000
1.0140375376491646 0.8124608170798344 0.0000000000000000
1.4920153421650921 0.8468183575328113 0.0000000000000000
1.2404416006306849 1.2522602849584590 0.0000000000000000
1.7219838546505302 1.2855455085975707 0.0000000000000000
0.7546587036959607 1.2142177094692144 0.0000000000000000
0.9760888072017819 1.6530441466281569 0.0000000000000000
0.4636836701606466 1.6061266553709748 0.0000000000000000
1.2157464312897150 2.0852820045929685 0.0000000000000000
1.4681817997935325 1.6917484187757017 0.0000000000000000
1.6392332519680148 2.1068903221333275 0.0000000000000000
0.3415960929721336 1.2114340794622207 0.0000000000000000
2.1449991423412320 1.2817282077853438 0.0000000000000000
1.9960859961351523 0.8649563607394756 0.0000000000000000
1.7276158467590232 0.4363339765643825 0.0000000000000000
2.1016870526353122 0.5010631492721733 0.0000000000000000
2.2739833304618648 0.7161445137875706 0.0000000000000000
-0.3946740531649067 0.8514526677684549 0.0000000000000000
-2.0584558104200044 0.6948732193615521 0.0000000000000000
-1.7660900743226031 1.9984445427674231 0.0000000000000000
-0.7345342876908123 0.4932001532699757 0.0000000000000000
-0.4167685376832440 1.2623874706481901 0.0000000000000000
-0.8124608170798344 1.0140375376491646 0.0000000000000000
-0.8468183575328113 1.4920153421650921 0.0000000000000000
-1.2522602849584590 1.2404416006306849 0.0000000000000000
-1.2855455085975707 1.7219838546505302 0.0000000000000000
-1.2142177094692144 0.7546587036959607 0.0000000000000000
-1.6530441466281569 0.9760888072017819 0.0000000000000000
-1.6061266553709748 0.4636836701606466 0.0000000000000000
-2.0852820045929685 1.2157464312897150 0.0000000000000000
-1.6917484187757017 1.4681817997935325 0.0000000000000000
-2.1068903221333275 1.6392332519680148 0.0000000000000000
-1.2114340794622207 0.3415960929721336 0.0000000000000000
-1.2817282077853438 2.1449991423412320 0.0000000000000000
-0.8649563607394756 1.9960859961351523 0.0000000000000000
-0.4363339765643825 1.7276158467590232 0.0000000000000000
-0.5010631492721733 2.1016870526353122 0.0000000000000000
-0.7161445137875706 2.2739833304618648 0.0000000000000000
-0.8514526677684549 -0.3946740531649067 0.0000000000000000
-0.6948732193615521 -2.0584558104200044 0.0000000000000000
-1.9984445427674231 -1.7660900743226031 0.0000000000000000
-0.4932001532699757 -0.7345342876908123 0.0000000000000000
-1.2623874706481901 -0.4167685376832440 0.0000000000000000
-1.0140375376491646 -0.8124608170798344 0.0000000000000000
-1.4920153421650921 -0.8468183575328113 0.0000000000000000
-1.2404416006306849 -1.2522602849584590 0.0000000000000000
-1.7219838546505302 -1.2855455085975707 0.0000000000000000
-0.7546587036959607 -1.2142177094692144 0.0000000000000000
-0.9760888072017819 -1.6530441466281569 0.0000000000000000
-0.4636836701606466 -1.6061266553709748 0.0000000000000000
-1.2157464312897150 -2.0852820045929685 0.0000000000000000
-1.4681817997935325 -1.6917484187757017 0.0000000000000000
-1.6392332519680148 -2.1068903221333275 0.0000000000000000
-0.3415960929721336 -1.2114340794622207 0.0000000000000000
-2.1449991423412320 -1.2817282077853438 0.0000000000000000
-1.9960859961351523 -0.8649563607394756 0.0000000000000000
-1.7276158467590232 -0.4363339765643825 0.0000000000000000
-2.1016870526353122 -0.5010631492721733 0.0000000000000000
-2.2739833304618648 -0.7161445137875706 0.0000000000000000
0.3946740531649067 -0.8514526677684549 0.0000000000000000
2.0584558104200044 -0.6948732193615521 0.0000000000000000
1.7660900743226031 -1.9984445427674231 0.0000000000000000
0.7345342876908123 -0.4932001532699757 0.0000000000000000
0.4167685376832440 -1.2623874706481901 0.0000000000000000
0.8124608170798344 -1.0140375376491646 0.0000000000000000
0.8468183575328113 -1.4920153421650921 0.0000000000000000
1.2522602849584590 -1.2404416006306849 0.0000000000000000
1.2855455085975707 -1.7219838546505302 0.0000000000000000
1.2142177094692144 -0.7546587036959607 0.0000000000000000
1.6530441466281569 -0.9760888072017819 0.0000000000000000
1.6061266553709748 -0.4636836701606466 0.0000000000000000
2.0852820045929685 -1.2157464312897150 0.0000000000000000
1.6917484187757017 -1.4681817997935325 0.0000000000000000
2.1068903221333275 -1.6392332519680148 0.0000000000000000
1.2114340794622207 -0.3415960929721336 0.0000000000000000
1.2817282077853438 -2.1449991423412320 0.0000000000000000
0.8649563607394756 -1.9960859961351523 0.0000000000000000
0.4363339765643825 -1.7276158467590232 0.0000000000000000
0.5010631492721733 -2.1016870526353122 0.0000000000000000
0.7161445137875706 -2.2739833304618648 0.0000000000000000

CELL_DATA 2028
SCALARS f:fiber_f double 3
LOOKUP_TABLE default
1.0000000000000000 0.0000000000000000 0.0000000000000000
1.0000000000000000 0.0000000000000000 0.0000000000000000
1.0000000000000000 0.0000000000000000 0.0000000000000000
1.0000000000000000 0.0000000000000000 0.0000000000000000
1.0000000000000000 0.0000000000000000 0.0000000000000000
1.0000000000000000 0.0000000000000000 0.0000000000000000
1.0000000000000000 0.0000000000000000 0.0000000000000000
1.0000000000000000 0.0000000000000000 0.0000000000000000
1.0000000000000000 0.0000000000000000 0.0000000000000000
1.0000000000000000 0.0000000000000000 0.0000000000000000
1.0000000000000000 0.0000000000000000 0.0000000000000000
1.0000000000000000 0.0000000000000000 0.0000000000000000
1.0000000000000000 0.0000000000000000 0.0000000000000000
1.0000000000000000 0.0000000000000000 0.0000000000000000
1.0000000000000000 0.0000000000000000 0.0000000000000000
1.0000000000000000 0.0000000000000000 0.0000000000000000
1.0000000000000000 0.0000000000000000 0.0000000000000000
1.0000000000000000 0.0000000000000000 0.0000000000000000
1.0000000000000000 0.0000000000000000 0.0000000000000000
1.0000000000000000 0.0000000000000000 0.0000000000000000
1.0000000000000000 0.0000000000000000 0.0000000000000000
1.0000000000000000 0.0000000000000000 0.0000000000000000
1.0000000000000000 0.0000000000000000 0.0000000000000000
1.0000000000000000 0.0000000000000000 0.0000000000000000
1.0000000000000000 0.0000000000000000 0.0000000000000000
1.0000000000000000 0.0000000000000000 0.0000000000000000
1.0000000000000000 0.0000000000000000 0.0000000000000000
1.0000000000000000 0.0000000000000000 0.0000000000000000
1.0000000000000000 0.0000000000000000 0.0000000000000000
1.0000000000000000 0.0000000000000000 0.0000000000000000
1.0000000000000000 0.0000000000000000 0.0000000000000000
1.0000000000000000 0.0000000000000000 0.0000000000000000
1.0000000000000000 0.0000000000000000 0.0000000000000000
1.0000000000000000 0.0000000000000000 0.0000000000000000
1.0000000000000000 0.0000000000000000 0.0000000000000000
1.0000000000000000 0.0000000000000000 0.0000000000000000
1.0000000000000000 0.0000000000000000 0.0000000000000000
1.0000000000000000 0.0000000000000000 0.0000000000000000
1.0000000000000000 0.0000000000000000 0.0000000000000000
1.0000000000000000 0.0000000000000000 0.0000000000000000
1.0000000000000000 0.0000000000000000 0.0000000000000000
1.0000000000000000 0.0000000000000000 0.0000000000000000
1.0000000000000000 0.0000000000000000 0.0000000000000000
1.0000000000000000 0.0000000000000000 0.0000000000000000
1.0000000000000000 0.0000000000000000 0.0000000000000000
1.0000000000000000 0.0000000000000000 0.0000000000000000
1.0000000000000000 0.0000000000000000 0.0000000000000000
1.0000000000000000 0.0000000000000000 0.0000000000000000
1.0000000000000000 0.0000000000000000 0.0000000000000000
1.0000000000000000 0.0000000000000000 0.0000000000000000
1.0000000000000000 0.0000000000000000 0.0000000000000000
1.0000000000000000 0.0000000000000000 0.0000000000000000
1.0000000000000000 0.0000000000000000 0.0000000000000000
1.0000000000000000 0.0000000000000000 0.0000000000000000
1.0000000000000000 0.0000000000000000 0.0000000000000000
1.0000000000000000 0.0000000000000000 0.0000000000000000
1.0000000000000000 0.0000000000000000 0.0000000000000000
1.0000000000000000 0.0000000000000000 0.0000000000000000
1.0000000000000000 0.0000000000000000 0.0000000000000000
1.0000000000000000 0.0000000000000000 0.0000000000000000
1.0000000000000000 0.0000000000000000 0.0000000000000000
1.0000000000000000 0.0000000000000000 0.0000000000000000
1.0000000000000000 0.0000000000000000 0.0000000000000000
1.0000000000000000 0.0000000000000000 0.0000000000000000
1.0000000000000000 0.0000000000000000 0.0000000000000000
1.0000000000000000 0.0000000000000000 0.0000000000000000
1.0000000000000000 0.0000000000000000 0.0000000000000000
1.0000000000000000 0.0000000000000000 0.0000000000000000
1.0000000000000000 0.0000000000000000 0.0000000000000000
1.0000000000000000 0.0000000000000000 0.0000000000000000
1.0000000000000000 0.0000000000000000 0.0000000000000000
1.0000000000000000 0.0000000000000000 0.0000000000000000
1.0000000000000000 0.0000000000000000 0.0000000000000000
1.0000000000000000 0.0000000000000000 0.0000000000000000
1.0000000000000000 0.0000000000000000 0.0000000000000000
1.0000000000000000 0.0000000000000000 0.0000000000000000
1.0000000000000000 0.0000000000000000 0.0000000000000000
1.0000000000000000 0.0000000000000000 0.0000000000000000
1.0000000000000000 0.0000000000000000 0.0000000000000000
1.0000000000000000 0.0000000000000000 0.0000000000000000
1.0000000000000000 0.0000000000000000 0.0000000000000000
1.0000000000000000 0.0000000000000000 0.0000000000000000
1.0000000000000000 0.0000000000000000 0.0000000000000000
1.0000000000000000 0.0000000000000000 0.0000000000000000
1.0000000000000000 0.0000000000000000 0.0000000000000000
1.0000000000000000 0.0000000000000000 0.0000000000000000
1.0000000000000000 0.0000000000000000 0.0000000000000000
1.0000000000000000 0.0000000000000000 0.0000000000000000
1.0000000000000000 0.0000000000000000 0.0000000000000000
1.0000000000000000 0.0000000000000000 0.0000000000000000
1.0000000000000000 0.0000000000000000 0.0000000000000000
1.0000000000000000 0.0000000000000000 0.0000000000000000
1.0000000000000000 0.0000000000000000 0.0000000000000000
1.0000000000000000 0.0000000000000000 0.0000000000000000
1.0000000000000000 0.0000000000000000 0.0000000000000000
1.0000000000000000 0.0000000000000000 0.0000000000000000
1.0000000000000000 0.0000000000000000 0.0000000000000000
1.0000000000000000 0.0000000000000000 0.0000000000000000
1.0000000000000000 0.0000000000000000 0.0000000000000000
1.0000000000000000 0.0000000000000000 0.0000000000000000
1.0000000000000000 0.0000000000000000 0.0000000000000000
1.0000000000000000 0.0000000000000000 0.0000000000000000
1.0000000000000000 0.0000000000000000 0.0000000000000000
1.0000000000000000 0.0000000000000000 0.0000000000000000
1.0000000000000000 0.0000000000000000 0.0000000000000000
1.0000000000000000 0.0000000000000000 0.0000000000000000
1.0000000000000000 0.0000000000000000 0.0000000000000000
1.0000000000000000 0.0000000000000000 0.0000000000000000
1.0000000000000000 0.0000000000000000 0.0000000000000000
1.0000000000000000 0.0000000000000000 0.0000000000000000
1.0000000000000000 0.0000000000000000 0.0000000000000000
1.0000000000000000 0.0000000000000000 0.0000000000000000
1.0000000000000000 0.0000000000000000 0.0000000000000000
1.0000000000000000 0.0000000000000000 0.0000000000000000
1.0000000000000000 0.0000000000000000 0.0000000000000000
1.0000000000000000 0.0000000000000000 0.0000000000000000
1.0000000000000000 0.0000000000000000 0.0000000000000000
1.0000000000000000 0.0000000000000000 0.0000000000000000
1.0000000000000000 0.0000000000000000 0.0000000000000000
1.0000000000000000 0.0000000000000000 0.0000000000000000
1.0000000000000000 0.0000000000000000 0.0000000000000000
1.0000000000000000 0.0000000000000000 0.0000000000000000
1.0000000000000000 0.0000000000000000 0.0000000000000000
1.0000000000000000 0.0000000000000000 0.0000000000000000
1.0000000000000000 0.0000000000000000 0.0000000000000000
1.0000000000000000 0.0000000000000000 0.0000000000000000
1.0000000000000000 0.0000000000000000 0.0000000000000000
1.0000000000000000 0.0000000000000000 0.0000000000000000
1.0000000000000000 0.0000000000000000 0.0000000000000000
1.0000000000000000 0.0000000000000000 0.0000000000000000
1.0000000000000000 0.0000000000000000 0.0000000000000000
1.0000000000000000 0.0000000000000000 0.0000000000000000
1.0000000000000000 0.0000000000000000 0.0000000000000000
1.0000000000000000 0.0000000000000000 0.0000000000000000
1.0000000000000000 0.0000000000000000 0.0000000000000000
1.0000000000000000 0.0000000000000000 0.0000000000000000
1.0000000000000000 0.0000000000000000 0.0000000000000000
1.0000000000000000 0.0000000000000000 0.0000000000000000
1.0000000000000000 0.0000000000000000 0.0000000000000000
1.0000000000000000 0.0000000000000000 0.0000000000000000
1.0000000000000000 0.0000000000000000 0.0000000000000000
1.0000000000000000 0.0000000000000000 0.0000000000000000
1.0000000000000000 0.0000000000000000 0.0000000000000000
1.0000000000000000 0.0000000000000000 0.0000000000000000
1.0000000000000000 0.0000000000000000 0.0000000000000000
1.0000000000000000 0.0000000000000000 0.0000000000000000
1.0000000000000000 0.0000000000000000 0.0000000000000000
1.0000000000000000 0.0000000000000000 0.0000000000000000
1.0000000000000000 0.0000000000000000 0.0000000000000000
1.0000000000000000 0.0000000000000000 0.0000000000000000
1.0000000000000000 0.0000000000000000 0.0000000000000000
1.0000000000000000 0.0000000000000000 0.0000000000000000
1.0000000000000000 0.0000000000000000 0.0000000000000000
1.0000000000000000 0.0000000000000000 0.0000000000000000
1.0000000000000000 0.0000000000000000 0.0000000000000000
1.0000000000000000 0.0000000000000000 0.0000000000000000
1.0000000000000000 0.0000000000000000 0.0000000000000000
1.0000000000000000 0.0000000000000000 0.0000000000000000
1.0000000000000000 0.0000000000000000 0.0000000000000000
1.0000000000000000 0.0000000000000000 0.0000000000000000
1.0000000000000000 0.0000000000000000 0.0000000000000000
1.0000000000000000 0.0000000000000000 0.0000000000000000
1.0000000000000000 0.0000000000000000 0.0000000000000000
1.0000000000000000 0.0000000000000000 0.0000000000000000
1.0000000000000000 0.0000000000000000 0.0000000000000000
1.0000000000000000 0.0000000000000000 0.0000000000000000
1.0000000000000000 0.0000000000000000 0.0000000000000000
1.0000000000000000 0.0000000000000000 0.0000000000000000
1.0000000000000000 0.0000000000000000 0.0000000000000000
1.0000000000000000 0.0000000000000000 0.0000000000000000
1.0000000000000000 0.0000000000000000 0.0000000000000000
1.0000000000000000 0.0000000000000000 0.0000000000000000
1.0000000000000000 0.0000000000000000 0.0000000000000000
1.0000000000000000 0.0000000000000000 0.0000000000000000
1.0000000000000000 0.0000000000000000 0.0000000000000000
1.0000000000000000 0.0000000000000000 0.0000000000000000
1.0000000000000000 0.0000000000000000 0.0000000000000000
1.0000000000000000 0.0000000000000000 0.0000000000000000
1.0000000000000000 0.0000000000000000 0.0000000000000000
1.0000000000000000 0.0000000000000000 0.0000000000000000
1.0000000000000000 0.0000000000000000 0.0000000000000000
1.0000000000000000 0.0000000000000000 0.0000000000000000
1.0000000000000000 0.0000000000000000 0.0000000000000000
1.0000000000000000 0.0000000000000000 0.0000000000000000
1.0000000000000000 0.0000000000000000 0.0000000000000000
1.0000000000000000 0.0000000000000000 0.0000000000000000
1.0000000000000000 0.0000000000000000 0.0000000000000000
1.0000000000000000 0.0000000000000000 0.0000000000000000
1.0000000000000000 0.0000000000000000 0.0000000000000000
1.0000000000000000 0.0000000000000000 0.0000000000000000
1.0000000000000000 0.0000000000000000 0.0000000000000000
1.0000000000000000 0.0000000000000000 0.0000000000000000
1.0000000000000000 0.0000000000000000 0.0000000000000000
1.0000000000000000 0.0000000000000000 0.0000000000000000
1.0000000000000000 0.0000000000000000 0.0000000000000000
1.0000000000000000 0.0000000000000000 0.0000000000000000
1.0000000000000000 0.0000000000000000 0.0000000000000000
1.0000000000000000 0.0000000000000000 0.0000000000000000
1.0000000000000000 0.0000000000000000 0.0000000000000000
1.0000000000000000 0.0000000000000000 0.0000000000000000
1.0000000000000000 0.0000000000000000 0.0000000000000000
1.0000000000000000 0.0000000000000000 0.0000000000000000
1.0000000000000000 0.0000000000000000 0.0000000000000000
1.0000000000000000 0.0000000000000000 0.0000000000000000
1.0000000000000000 0.0000000000000000 0.0000000000000000
1.0000000000000000 0.0000000000000000 0.0000000000000000
1.0000000000000000 0.0000000000000000 0.0000000000000000
1.0000000000000000 0.0000000000000000 0.0000000000000000
1.0000000000000000 0.0000000000000000 0.0000000000000000
1.0000000000000000 0.0000000000000000 0.0000000000000000
1.0000000000000000 0.0000000000000000 0.0000000000000000
1.0000000000000000 0.0000000000000000 0.0000000000000000
1.0000000000000000 0.0000000000000000 0.0000000000000000
1.0000000000000000 0.0000000000000000 0.0000000000000000
1.0000000000000000 0.0000000000000000 0.0000000000000000
1.0000000000000000 0.0000000000000000 0.0000000000000000
1.0000000000000000 0.0000000000000000 0.0000000000000000
1.0000000000000000 0.0000000000000000 0.0000000000000000
1.0000000000000000 0.0000000000000000 0.0000000000000000
1.0000000000000000 0.0000000000000000 0.0000000000000000
1.0000000000000000 0.0000000000000000 0.0000000000000000
1.0000000000000000 0.0000000000000000 0.0000000000000000
1.0000000000000000 0.0000000000000000 0.0000000000000000
1.0000000000000000 0.0000000000000000 0.0000000000000000
1.0000000000000000 0.0000000000000000 0.0000000000000000
1.0000000000000000 0.0000000000000000 0.0000000000000000
1.0000000000000000 0.0000000000000000 0.0000000000000000
1.0000000000000000 0.0000000000000000 0.0000000000000000
1.0000000000000000 0.0000000000000000 0.0000000000000000
1.0000000000000000 0.0000000000000000 0.0000000000000000
1.0000000000000000 0.0000000000000000 0.0000000000000000
1.0000000000000000 0.0000000000000000 0.0000000000000000
1.0000000000000000 0.0000000000000000 0.0000000000000000
1.0000000000000000 0.0000000000000000 0.0000000000000000
1.0000000000000000 0.0000000000000000 0.0000000000000000
1.0000000000000000 0.0000000000000000 0.0000000000000000
1.0000000000000000 0.0000000000000000 0.0000000000000000
1.0000000000000000 0.0000000000000000 0.0000000000000000
1.0000000000000000 0.0000000000000000 0.0000000000000000
1.0000000000000000 0.0000000000000000 0.0000000000000000
1.0000000000000000 0.0000000000000000 0.0000000000000000
1.0000000000000000 0.0000000000000000 0.0000000000000000
1.0000000000000000 0.0000000000000000 0.0000000000000000
1.0000000000000000 0.0000000000000000 0.0000000000000000
1.0000000000000000 0.0000000000000000 0.0000000000000000
1.0000000000000000 0.0000000000000000 0.0000000000000000
1.0000000000000000 0.0000000000000000 0.0000000000000000
1.0000000000000000 0.0000000000000000 0.0000000000000000
1.0000000000000000 0.0000000000000000 0.0000000000000000
1.0000000000000000 0.0000000000000000 0.0000000000000000
1.0000000000000000 0.0000000000000000 0.0000000000000000
1.0000000000000000 0.0000000000000000 0.0000000000000000
1.0000000000000000 0.0000000000000000 0.0000000000000000
1.0000000000000000 0.0000000000000000 0.0000000000000000
1.0000000000000000 0.0000000000000000 0.0000000000000000
1.0000000000000000 0.0000000000000000 0.0000000000000000
1.0000000000000000 0.0000000000000000 0.0000000000000000
1.0000000000000000 0.0000000000000000 0.0000000000000000
1.0000000000000000 0.0000000000000000 0.0000000000000000
1.0000000000000000 0.0000000000000000 0.0000000000000000
1.0000000000000000 0.0000000000000000 0.0000000000000000
1.0000000000000000 0.0000000000000000 0.0000000000000000
1.0000000000000000 0.0000000000000000 0.0000000000000000
1.0000000000000000 0.0000000000000000 0.0000000000000000
1.0000000000000000 0.0000000000000000 0.0000000000000000
1.0000000000000000 0.0000000000000000 0.0000000000000000
1.0000000000000000 0.0000000000000000 0.0000000000000000
1.0000000000000000 0.0000000000000000 0.0000000000000000
1.0000000000000000 0.0000000000000000 0.0000000000000000
1.0000000000000000 0.0000000000000000 0.0000000000000000
1.0000000000000000 0.0000000000000000 0.0000000000000000
1.0000000000000000 0.0000000000000000 0.0000000000000000
1.0000000000000000 0.0000000000000000 0.0000000000000000
1.0000000000000000 0.0000000000000000 0.0000000000000000
1.0000000000000000 0.0000000000000000 0.0000000000000000
1.0000000000000000 0.0000000000000000 0.0000000000000000
1.0000000000000000 0.0000000000000000 0.0000000000000000
1.0000000000000000 0.0000000000000000 0.0000000000000000
1.0000000000000000 0.0000000000000000 0.0000000000000000
1.0000000000000000 0.0000000000000000 0.0000000000000000
1.0000000000000000 0.0000000000000000 0.0000000000000000
1.0000000000000000 0.0000000000000000 0.0000000000000000
1.0000000000000000 0.0000000000000000 0.0000000000000000
1.0000000000000000 0.0000000000000000 0.0000000000000000
1.0000000000000000 0.0000000000000000 0.0000000000000000
1.0000000000000000 0.0000000000000000 0.0000000000000000
1.0000000000000000 0.0000000000000000 0.0000000000000000
1.0000000000000000 0.0000000000000000 0.0000000000000000
1.0000000000000000 0.0000000000000000 0.0000000000000000
1.0000000000000000 0.0000000000000000 0.0000000000000000
1.0000000000000000 0.0000000000000000 0.0000000000000000
1.0000000000000000 0.0000000000000000 0.0000000000000000
1.0000000000000000 0.0000000000000000 0.0000000000000000
1.0000000000000000 0.0000000000000000 0.0000000000000000
1.0000000000000000 0.0000000000000000 0.0000000000000000
1.0000000000000000 0.0000000000000000 0.0000000000000000
1.0000000000000000 0.0000000000000000 0.0000000000000000
1.0000000000000000 0.0000000000000000 0.0000000000000000
1.0000000000000000 0.0000000000000000 0.0000000000000000
1.0000000000000000 0.0000000000000000 0.0000000000000000
1.0000000000000000 0.0000000000000000 0.0000000000000000
1.0000000000000000 0.0000000000000000 0.0000000000000000
1.0000000000000000 0.0000000000000000 0.0000000000000000
1.0000000000000000 0.0000000000000000 0.0000000000000000
1.0000000000000000 0.0000000000000000 0.0000000000000000
1.0000000000000000 0.0000000000000000 0.0000000000000000
1.0000000000000000 0.0000000000000000 0.0000000000000000
1.0000000000000000 0.0000000000000000 0.0000000000000000
1.0000000000000000 0.0000000000000000 0.0000000000000000
1.0000000000000000 0.0000000000000000 0.0000000000000000
1.0000000000000000 0.0000000000000000 0.0000000000000000
1.0000000000000000 0.0000000000000000 0.0000000000000000
1.0000000000000000 0.0000000000000000 0.0000000000000000
1.0000000000000000 0.0000000000000000 0.0000000000000000
1.0000000000000000 0.0000000000000000 0.0000000000000000
1.0000000000000000 0.0000000000000000 0.0000000000000000
1.0000000000000000 0.0000000000000000 0.0000000000000000
1.0000000000000000 0.0000000000000000 0.0000000000000000
1.0000000000000000 0.0000000000000000 0.0000000000000000
1.0000000000000000 0.0000000000000000 0.0000000000000000
1.0000000000000000 0.0000000000000000 0.0000000000000000
1.0000000000000000 0.0000000000000000 0.0000000000000000
1.0000000000000000 0.0000000000000000 0.0000000000000000
1.0000000000000000 0.0000000000000000 0.0000000000000000
1.0000000000000000 0.0000000000000000 0.0000000000000000
1.0000000000000000 0.0000000000000000 0.0000000000000000
1.0000000000000000 0.0000000000000000 0.0000000000000000
1.0000000000000000 0.0000000000000000 0.0000000000000000
1.0000000000000000 0.0000000000000000 0.0000000000000000
1.0000000000000000 0.0000000000000000 0.0000000000000000
1.0000000000000000 0.0000000000000000 0.0000000000000000
1.0000000000000000 0.0000000000000000 0.0000000000000000
1.0000000000000000 0.0000000000000000 0.0000000000000000
1.0000000000000000 0.0000000000000000 0.0000000000000000
1.0000000000000000 0.0000000000000000 0.0000000000000000
1.0000000000000000 0.0000000000000000 0.0000000000000000
1.0000000000000000 0.0000000000000000 0.0000000000000000
1.0000000000000000 0.0000000000000000 0.0000000000000000
1.0000000000000000 0.0000000000000000 0.0000000000000000
1.0000000000000000 0.0000000000000000 0.0000000000000000
1.0000000000000000 0.0000000000000000 0.0000000000000000
1.0000000000000000 0.0000000000000000 0.0000000000000000
1.0000000000000000 0.0000000000000000 0.0000000000000000
1.0000000000000000 0.0000000000000000 0.0000000000000000
1.0000000000000000 0.0000000000000000 0.0000000000000000
1.0000000000000000 0.0000000000000000 0.0000000000000000
1.0000000000000000 0.0000000000000000 0.0000000000000000
1.0000000000000000 0.0000000000000000 0.0000000000000000
1.0000000000000000 0.0000000000000000 0.0000000000000000
1.0000000000000000 0.0000000000000000 0.0000000000000000
1.0000000000000000 0.0000000000000000 0.0000000000000000
1.0000000000000000 0.0000000000000000 0.0000000000000000
1.0000000000000000 0.0000000000000000 0.0000000000000000
1.0000000000000000 0.0000000000000000 0.0000000000000000
1.0000000000000000 0.0000000000000000 0.0000000000000000
1.0000000000000000 0.0000000000000000 0.0000000000000000
1.0000000000000000 0.0000000000000000 0.0000000000000000
1.0000000000000000 0.0000000000000000 0.0000000000000000
1.0000000000000000 0.0000000000000000 0.0000000000000000
1.0000000000000000 0.0000000000000000 0.0000000000000000
1.0000000000000000 0.0000000000000000 0.0000000000000000
1.0000000000000000 0.0000000000000000 0.0000000000000000
1.0000000000000000 0.0000000000000000 0.0000000000000000
1.0000000000000000 0.0000000000000000 0.0000000000000000
1.0000000000000000 0.0000000000000000 0.0000000000000000
1.0000000000000000 0.0000000000000000 0.0000000000000000
1.0000000000000000 0.0000000000000000 0.0000000000000000
1.0000000000000000 0.0000000000000000 0.0000000000000000
1.0000000000000000 0.0000000000000000 0.0000000000000000
1.0000000000000000 0.0000000000000000 0.0000000000000000
1.0000000000000000 0.0000000000000000 0.0000000000000000
1.0000000000000000 0.0000000000000000 0.0000000000000000
1.0000000000000000 0.0000000000000000 0.0000000000000000
1.0000000000000000 0.0000000000000000 0.0000000000000000
1.0000000000000000 0.0000000000000000 0.0000000000000000
1.0000000000000000 0.0000000000000000 0.0000000000000000
1.0000000000000000 0.0000000000000000 0.0000000000000000
1.0000000000000000 0.0000000000000000 0.0000000000000000
1.0000000000000000 0.0000000000000000 0.0000000000000000
1.0000000000000000 0.0000000000000000 0.0000000000000000
1.0000000000000000 0.0000000000000000 0.0000000000000000
1.0000000000000000 0.0000000000000000 0.0000000000000000
1.0000000000000000 0.0000000000000000 0.0000000000000000
1.0000000000000000 0.0000000000000000 0.0000000000000000
1.0000000000000000 0.0000000000000000 0.0000000000000000
1.0000000000000000 0.0000000000000000 0.0000000000000000
1.0000000000000000 0.0000000000000000 0.0000000000000000
1.0000000000000000 0.0000000000000000 0.0000000000000000
1.0000000000000000 0.0000000000000000 0.0000000000000000
1.0000000000000000 0.0000000000000000 0.0000000000000000
1.0000000000000000 0.0000000000000000 0.0000000000000000
1.0000000000000000 0.0000000000000000 0.0000000000000000
1.0000000000000000 0.0000000000000000 0.0000000000000000
1.0000000000000000 0.0000000000000000 0.0000000000000000
1.0000000000000000 0.0000000000000000 0.0000000000000000
1.0000000000000000 0.0000000000000000 0.0000000000000000
1.0000000000000000 0.0000000000000000 0.0000000000000000
1.0000000000000000 0.0000000000000000 0.0000000000000000
1.0000000000000000 0.0000000000000000 0.0000000000000000
1.0000000000000000 0.0000000000000000 0.0000000000000000
1.0000000000000000 0.0000000000000000 0.0000000000000000
1.0000000000000000 0.0000000000000000 0.0000000000000000
1.0000000000000000 0.0000000000000000 0.0000000000000000
1.0000000000000000 0.0000000000000000 0.0000000000000000
1.0000000000000000 0.0000000000000000 0.0000000000000000
1.0000000000000000 0.0000000000000000 0.0000000000000000
1.0000000000000000 0.0000000000000000 0.0000000000000000
1.0000000000000000 0.0000000000000000 0.0000000000000000
1.0000000000000000 0.0000000000000000 0.0000000000000000
1.0000000000000000 0.0000000000000000 0.0000000000000000
1.0000000000000000 0.0000000000000000 0.0000000000000000
1.0000000000000000 0.0000000000000000 0.0000000000000000
1.0000000000000000 0.0000000000000000 0.0000000000000000
1.0000000000000000 0.0000000000000000 0.0000000000000000
1.0000000000000000 0.0000000000000000 0.0000000000000000
1.0000000000000000 0.0000000000000000 0.0000000000000000
1.0000000000000000 0.0000000000000000 0.0000000000000000
1.0000000000000000 0.0000000000000000 0.0000000000000000
1.0000000000000000 0.0000000000000000 0.0000000000000000
1.0000000000000000 0.0000000000000000 0.0000000000000000
1.0000000000000000 0.0000000000000000 0.0000000000000000
1.0000000000000000 0.0000000000000000 0.0000000000000000
1.0000000000000000 0.0000000000000000 0.0000000000000000
1.0000000000000000 0.0000000000000000 0.0000000000000000
1.0000000000000000 0.0000000000000000 0.0000000000000000
1.0000000000000000 0.0000000000000000 0.0000000000000000
1.0000000000000000 0.0000000000000000 0.0000000000000000
1.0000000000000000 0.0000000000000000 0.0000000000000000
1.0000000000000000 0.0000000000000000 0.0000000000000000
1.0000000000000000 0.0000000000000000 0.0000000000000000
1.0000000000000000 0.0000000000000000 0.0000000000000000
1.0000000000000000 0.0000000000000000 0.0000000000000000
1.0000000000000000 0.0000000000000000 0.0000000000000000
1.0000000000000000 0.0000000000000000 0.0000000000000000
1.0000000000000000 0.0000000000000000 0.0000000000000000
1.0000000000000000 0.0000000000000000 0.0000000000000000
1.0000000000000000 0.0000000000000000 0.0000000000000000
1.0000000000000000 0.0000000000000000 0.0000000000000000
1.0000000000000000 0.0000000000000000 0.0000000000000000
1.0000000000000000 0.0000000000000000 0.0000000000000000
1.0000000000000000 0.0000000000000000 0.0000000000000000
1.0000000000000000 0.0000000000000000 0.0000000000000000
1.0000000000000000 0.0000000000000000 0.0000000000000000
1.0000000000000000 0.0000000000000000 0.0000000000000000
1.0000000000000000 0.0000000000000000 0.0000000000000000
1.0000000000000000 0.0000000000000000 0.0000000000000000
1.0000000000000000 0.0000000000000000 0.0000000000000000
1.0000000000000000 0.0000000000000000 0.0000000000000000
1.0000000000000000 0.0000000000000000 0.0000000000000000
1.0000000000000000 0.0000000000000000 0.0000000000000000
1.0000000000000000 0.0000000000000000 0.0000000000000000
1.0000000000000000 0.0000000000000000 0.0000000000000000
1.0000000000000000 0.0000000000000000 0.0000000000000000
1.0000000000000000 0.0000000000000000 0.0000000000000000
1.0000000000000000 0.0000000000000000 0.0000000000000000
1.0000000000000000 0.0000000000000000 0.0000000000000000
1.0000000000000000 0.0000000000000000 0.0000000000000000
1.0000000000000000 0.0000000000000000 0.0000000000000000
1.0000000000000000 0.0000000000000000 0.0000000000000000
1.0000000000000000 0.0000000000000000 0.0000000000000000
1.0000000000000000 0.0000000000000000 0.0000000000000000
1.0000000000000000 0.0000000000000000 0.0000000000000000
1.0000000000000000 0.0000000000000000 0.0000000000000000
1.0000000000000000 0.0000000000000000 0.0000000000000000
1.0000000000000000 0.0000000000000000 0.0000000000000000
1.0000000000000000 0.0000000000000000 0.0000000000000000
1.0000000000000000 0.0000000000000000 0.0000000000000000
1.0000000000000000 0.0000000000000000 0.0000000000000000
1.0000000000000000 0.0000000000000000 0.0000000000000000
1.0000000000000000 0.0000000000000000 0.0000000000000000
1.0000000000000000 0.0000000000000000 0.0000000000000000
1.0000000000000000 0.0000000000000000 0.0000000000000000
1.0000000000000000 0.0000000000000000 0.0000000000000000
1.0000000000000000 0.0000000000000000 0.0000000000000000
1.0000000000000000 0.0000000000000000 0.0000000000000000
1.0000000000000000 0.0000000000000000 0.0000000000000000
1.0000000000000000 0.0000000000000000 0.0000000000000000
1.0000000000000000 0.0000000000000000 0.0000000000000000
1.0000000000000000 0.0000000000000000 0.0000000000000000
1.0000000000000000 0.0000000000000000 0.0000000000000000
1.0000000000000000 0.0000000000000000 0.0000000000000000
1.0000000000000000 0.0000000000000000 0.0000000000000000
1.0000000000000000 0.0000000000000000 0.0000000000000000
1.0000000000000000 0.0000000000000000 0.0000000000000000
1.0000000000000000 0.0000000000000000 0.0000000000000000
1.0000000000000000 0.0000000000000000 0.0000000000000000
1.0000000000000000 0.0000000000000000 0.0000000000000000
1.0000000000000000 0.0000000000000000 0.0000000000000000
1.0000000000000000 0.0000000000000000 0.0000000000000000
1.0000000000000000 0.0000000000000000 0.0000000000000000
1.0000000000000000 0.0000000000000000 0.0000000000000000
1.0000000000000000 0.0000000000000000 0.0000000000000000
1.0000000000000000 0.0000000000000000 0.0000000000000000
1.0000000000000000 0.0000000000000000 0.0000000000000000
1.0000000000000000 0.0000000000000000 0.0000000000000000
1.0000000000000000 0.0000000000000000 0.0000000000000000
1.0000000000000000 0.0000000000000000 0.0000000000000000
1.0000000000000000 0.0000000000000000 0.0000000000000000
1.0000000000000000 0.0000000000000000 0.0000000000000000
1.0000000000000000 0.0000000000000000 0.0000000000000000
1.0000000000000000 0.0000000000000000 0.0000000000000000
1.0000000000000000 0.0000000000000000 0.0000000000000000
1.0000000000000000 0.0000000000000000 0.0000000000000000
1.0000000000000000 0.0000000000000000 0.0000000000000000
1.0000000000000000 0.0000000000000000 0.0000000000000000
1.0000000000000000 0.0000000000000000 0.0000000000000000
1.0000000000000000 0.0000000000000000 0.0000000000000000
1.0000000000000000 0.0000000000000000 0.0000000000000000
1.0000000000000000 0.0000000000000000 0.0000000000000000
1.0000000000000000 0.0000000000000000 0.0000000000000000
1.0000000000000000 0.0000000000000000 0.0000000000000000
1.0000000000000000 0.0000000000000000 0.0000000000000000
1.0000000000000000 0.0000000000000000 0.0000000000000000
1.0000000000000000 0.0000000000000000 0.0000000000000000
1.0000000000000000 0.0000000000000000 0.0000000000000000
1.0000000000000000 0.0000000000000000 0.0000000000000000
1.0000000000000000 0.0000000000000000 0.0000000000000000
1.0000000000000000 0.0000000000000000 0.0000000000000000
1.0000000000000000 0.0000000000000000 0.0000000000000000
1.0000000000000000 0.0000000000000000 0.0000000000000000
1.0000000000000000 0.0000000000000000 0.0000000000000000
1.0000000000000000 0.0000000000000000 0.0000000000000000
1.0000000000000000 0.0000000000000000 0.0000000000000000
1.0000000000000000 0.0000000000000000 0.0000000000000000
1.0000000000000000 0.0000000000000000 0.0000000000000000
1.0000000000000000 0.0000000000000000 0.0000000000000000
1.0000000000000000 0.0000000000000000 0.0000000000000000
1.0000000000000000 0.0000000000000000 0.0000000000000000
1.0000000000000000 0.0000000000000000 0.0000000000000000
1.0000000000000000 0.0000000000000000 0.0000000000000000
1.0000000000000000 0.0000000000000000 0.0000000000000000
1.0000000000000000 0.0000000000000000 0.0000000000000000
1.0000000000000000 0.0000000000000000 0.0000000000000000
1.0000000000000000 0.0000000000000000 0.0000000000000000
1.0000000000000000 0.0000000000000000 0.0000000000000000
1.0000000000000000 0.0000000000000000 0.0000000000000000
1.0000000000000000 0.0000000000000000 0.0000000000000000
1.0000000000000000 0.0000000000000000 0.0000000000000000
1.0000000000000000 0.0000000000000000 0.0000000000000000
1.0000000000000000 0.0000000000000000 0.0000000000000000
1.0000000000000000 0.0000000000000000 0.0000000000000000
1.0000000000000000 0.0000000000000000 0.0000000000000000
1.0000000000000000 0.0000000000000000 0.0000000000000000
1.0000000000000000 0.0000000000000000 0.0000000000000000
1.0000000000000000 0.0000000000000000 0.0000000000000000
1.0000000000000000 0.0000000000000000 0.0000000000000000
1.0000000000000000 0.0000000000000000 0.0000000000000000
1.0000000000000000 0.0000000000000000 0.0000000000000000
1.0000000000000000 0.0000000000000000 0.0000000000000000
1.0000000000000000 0.0000000000000000 0.0000000000000000
1.0000000000000000 0.0000000000000000 0.0000000000000000
1.0000000000000000 0.0000000000000000 0.0000000000000000
1.0000000000000000 0.0000000000000000 0.0000000000000000
1.0000000000000000 0.0000000000000000 0.0000000000000000
1.0000000000000000 0.0000000000000000 0.0000000000000000
1.0000000000000000 0.0000000000000000 0.0000000000000000
1.0000000000000000 0.0000000000000000 0.0000000000000000
1.0000000000000000 0.0000000000000000 0.0000000000000000
1.0000000000000000 0.0000000000000000 0.0000000000000000
1.0000000000000000 0.0000000000000000 0.0000000000000000
1.0000000000000000 0.0000000000000000 0.0000000000000000
1.0000000000000000 0.0000000000000000 0.0000000000000000
1.0000000000000000 0.0000000000000000 0.0000000000000000
1.0000000000000000 0.0000000000000000 0.0000000000000000
1.0000000000000000 0.0000000000000000 0.0000000000000000
1.0000000000000000 0.0000000000000000 0.0000000000000000
1.0000000000000000 0.0000000000000000 0.0000000000000000
1.0000000000000000 0.0000000000000000 0.0000000000000000
1.0000000000000000 0.0000000000000000 0.0000000000000000
1.0000000000000000 0.0000000000000000 0.0000000000000000
1.0000000000000000 0.0000000000000000 0.0000000000000000
1.0000000000000000 0.0000000000000000 0.0000000000000000
1.0000000000000000 0.0000000000000000 0.0000000000000000
1.0000000000000000 0.0000000000000000 0.0000000000000000
1.0000000000000000 0.0000000000000000 0.0000000000000000
1.0000000000000000 0.0000000000000000 0.0000000000000000
1.0000000000000000 0.0000000000000000 0.0000000000000000
1.0000000000000000 0.0000000000000000 0.0000000000000000
1.0000000000000000 0.0000000000000000 0.0000000000000000
1.0000000000000000 0.0000000000000000 0.0000000000000000
1.0000000000000000 0.0000000000000000 0.0000000000000000
1.0000000000000000 0.0000000000000000 0.0000000000000000
1.0000000000000000 0.0000000000000000 0.0000000000000000
1.0000000000000000 0.0000000000000000 0.0000000000000000
1.0000000000000000 0.0000000000000000 0.0000000000000000
1.0000000000000000 0.0000000000000000 0.0000000000000000
1.0000000000000000 0.0000000000000000 0.0000000000000000
1.0000000000000000 0.0000000000000000 0.0000000000000000
1.0000000000000000 0.0000000000000000 0.0000000000000000
1.0000000000000000 0.0000000000000000 0.0000000000000000
1.0000000000000000 0.0000000000000000 0.0000000000000000
1.0000000000000000 0.0000000000000000 0.0000000000000000
1.0000000000000000 0.0000000000000000 0.0000000000000000
1.0000000000000000 0.0000000000000000 0.0000000000000000
1.0000000000000000 0.0000000000000000 0.0000000000000000
1.0000000000000000 0.0000000000000000 0.0000000000000000
1.0000000000000000 0.0000000000000000 0.0000000000000000
1.0000000000000000 0.0000000000000000 0.0000000000000000
1.0000000000000000 0.0000000000000000 0.0000000000000000
1.0000000000000000 0.0000000000000000 0.0000000000000000
1.0000000000000000 0.0000000000000000 0.0000000000000000
1.0000000000000000 0.0000000000000000 0.0000000000000000
1.0000000000000000 0.0000000000000000 0.0000000000000000
1.0000000000000000 0.0000000000000000 0.0000000000000000
1.0000000000000000 0.0000000000000000 0.0000000000000000
1.0000000000000000 0.0000000000000000 0.0000000000000000
1.0000000000000000 0.0000000000000000 0.0000000000000000
1.0000000000000000 0.0000000000000000 0.0000000000000000
1.0000000000000000 0.0000000000000000 0.0000000000000000
1.0000000000000000 0.0000000000000000 0.0000000000000000
1.0000000000000000 0.0000000000000000 0.0000000000000000
1.0000000000000000 0.0000000000000000 0.0000000000000000
1.0000000000000000 0.0000000000000000 0.0000000000000000
1.0000000000000000 0.0000000000000000 0.0000000000000000
1.0000000000000000 0.0000000000000000 0.0000000000000000
1.0000000000000000 0.0000000000000000 0.0000000000000000
1.0000000000000000 0.0000000000000000 0.0000000000000000
1.0000000000000000 0.0000000000000000 0.0000000000000000
1.0000000000000000 0.0000000000000000 0.0000000000000000
1.0000000000000000 0.0000000000000000 0.0000000000000000
1.0000000000000000 0.0000000000000000 0.0000000000000000
1.0000000000000000 0.0000000000000000 0.0000000000000000
1.0000000000000000 0.0000000000000000 0.0000000000000000
1.0000000000000000 0.0000000000000000 0.0000000000000000
1.0000000000000000 0.0000000000000000 0.0000000000000000
1.0000000000000000 0.0000000000000000 0.0000000000000000
1.0000000000000000 0.0000000000000000 0.0000000000000000
1.0000000000000000 0.0000000000000000 0.0000000000000000
1.0000000000000000 0.0000000000000000 0.0000000000000000
1.0000000000000000 0.0000000000000000 0.0000000000000000
1.0000000000000000 0.0000000000000000 0.0000000000000000
1.0000000000000000 0.0000000000000000 0.0000000000000000
1.0000000000000000 0.0000000000000000 0.0000000000000000
1.0000000000000000 0.0000000000000000 0.0000000000000000
1.0000000000000000 0.0000000000000000 0.0000000000000000
1.0000000000000000 0.0000000000000000 0.0000000000000000
1.0000000000000000 0.0000000000000000 0.0000000000000000
1.0000000000000000 0.0000000000000000 0.0000000000000000
1.0000000000000000 0.0000000000000000 0.0000000000000000
1.0000000000000000 0.0000000000000000 0.0000000000000000
1.0000000000000000 0.0000000000000000 0.0000000000000000
1.0000000000000000 0.0000000000000000 0.0000000000000000
1.0000000000000000 0.0000000000000000 0.0000000000000000
1.0000000000000000 0.0000000000000000 0.0000000000000000
1.0000000000000000 0.0000000000000000 0.0000000000000000
1.0000000000000000 0.0000000000000000 0.0000000000000000
1.0000000000000000 0.0000000000000000 0.0000000000000000
1.0000000000000000 0.0000000000000000 0.0000000000000000
1.0000000000000000 0.0000000000000000 0.0000000000000000
1.0000000000000000 0.0000000000000000 0.0000000000000000
1.0000000000000000 0.0000000000000000 0.0000000000000000
1.0000000000000000 0.0000000000000000 0.0000000000000000
1.0000000000000000 0.0000000000000000 0.0000000000000000
1.0000000000000000 0.0000000000000000 0.0000000000000000
1.0000000000000000 0.0000000000000000 0.0000000000000000
1.0000000000000000 0.0000000000000000 0.0000000000000000
1.0000000000000000 0.0000000000000000 0.0000000000000000
1.0000000000000000 0.0000000000000000 0.0000000000000000
1.0000000000000000 0.0000000000000000 0.0000000000000000
1.0000000000000000 0.0000000000000000 0.0000000000000000
1.0000000000000000 0.0000000000000000 0.0000000000000000
1.0000000000000000 0.0000000000000000 0.0000000000000000
1.0000000000000000 0.0000000000000000 0.0000000000000000
1.0000000000000000 0.0000000000000000 0.0000000000000000
1.0000000000000000 0.0000000000000000 0.0000000000000000
1.0000000000000000 0.0000000000000000 0.0000000000000000
1.0000000000000000 0.0000000000000000 0.0000000000000000
1.0000000000000000 0.0000000000000000 0.0000000000000000
1.0000000000000000 0.0000000000000000 0.0000000000000000
1.0000000000000000 0.0000000000000000 0.0000000000000000
1.0000000000000000 0.0000000000000000 0.0000000000000000
1.0000000000000000 0.0000000000000000 0.0000000000000000
1.0000000000000000 0.0000000000000000 0.0000000000000000
1.0000000000000000 0.0000000000000000 0.0000000000000000
1.0000000000000000 0.0000000000000000 0.0000000000000000
1.0000000000000000 0.0000000000000000 0.0000000000000000
1.0000000000000000 0.0000000000000000 0.0000000000000000
1.0000000000000000 0.0000000000000000 0.0000000000000000
1.0000000000000000 0.0000000000000000 0.0000000000000000
1.0000000000000000 0.0000000000000000 0.0000000000000000
1.0000000000000000 0.0000000000000000 0.0000000000000000
1.0000000000000000 0.0000000000000000 0.0000000000000000
1.0000000000000000 0.0000000000000000 0.0000000000000000
1.0000000000000000 0.0000000000000000 0.0000000000000000
1.0000000000000000 0.0000000000000000 0.0000000000000000
1.0000000000000000 0.0000000000000000 0.0000000000000000
1.0000000000000000 0.0000000000000000 0.0000000000000000
1.0000000000000000 0.0000000000000000 0.0000000000000000
1.0000000000000000 0.0000000000000000 0.0000000000000000
1.0000000000000000 0.0000000000000000 0.0000000000000000
1.0000000000000000 0.0000000000000000 0.0000000000000000
1.0000000000000000 0.0000000000000000 0.0000000000000000
1.0000000000000000 0.0000000000000000 0.0000000000000000
1.0000000000000000 0.0000000000000000 0.0000000000000000
1.0000000000000000 0.0000000000000000 0.0000000000000000
1.0000000000000000 0.0000000000000000 0.0000000000000000
1.0000000000000000 0.0000000000000000 0.0000000000000000
1.0000000000000000 0.0000000000000000 0.0000000000000000
1.0000000000000000 0.0000000000000000 0.0000000000000000
1.0000000000000000 0.0000000000000000 0.0000000000000000
1.0000000000000000 0.0000000000000000 0.0000000000000000
1.0000000000000000 0.0000000000000000 0.0000000000000000
1.0000000000000000 0.0000000000000000 0.0000000000000000
1.0000000000000000 0.0000000000000000 0.0000000000000000
1.0000000000000000 0.0000000000000000 0.0000000000000000
1.0000000000000000 0.0000000000000000 0.0000000000000000
1.0000000000000000 0.0000000000000000 0.0000000000000000
1.0000000000000000 0.0000000000000000 0.0000000000000000
1.0000000000000000 0.0000000000000000 0.0000000000000000
1.0000000000000000 0.0000000000000000 0.0000000000000000
1.0000000000000000 0.0000000000000000 0.0000000000000000
1.0000000000000000 0.0000000000000000 0.0000000000000000
1.0000000000000000 0.0000000000000000 0.0000000000000000
1.0000000000000000 0.0000000000000000 0.0000000000000000
1.0000000000000000 0.0000000000000000 0.0000000000000000
1.0000000000000000 0.0000000000000000 0.0000000000000000
1.0000000000000000 0.0000000000000000 0.0000000000000000
1.0000000000000000 0.0000000000000000 0.0000000000000000
1.0000000000000000 0.0000000000000000 0.0000000000000000
1.0000000000000000 0.0000000000000000 0.0000000000000000
1.0000000000000000 0.0000000000000000 0.0000000000000000
1.0000000000000000 0.0000000000000000 0.0000000000000000
1.0000000000000000 0.0000000000000000 0.0000000000000000
1.0000000000000000 0.0000000000000000 0.0000000000000000
1.0000000000000000 0.0000000000000000 0.0000000000000000
1.0000000000000000 0.0000000000000000 0.0000000000000000
1.0000000000000000 0.0000000000000000 0.0000000000000000
1.0000000000000000 0.0000000000000000 0.0000000000000000
1.0000000000000000 0.0000000000000000 0.0000000000000000
1.0000000000000000 0.0000000000000000 0.0000000000000000
1.0000000000000000 0.0000000000000000 0.0000000000000000
1.0000000000000000 0.0000000000000000 0.0000000000000000
1.0000000000000000 0.0000000000000000 0.0000000000000000
1.0000000000000000 0.0000000000000000 0.0000000000000000
1.0000000000000000 0.0000000000000000 0.0000000000000000
1.0000000000000000 0.0000000000000000 0.0000000000000000
1.0000000000000000 0.0000000000000000 0.0000000000000000
1.0000000000000000 0.0000000000000000 0.0000000000000000
1.0000000000000000 0.0000000000000000 0.0000000000000000
1.0000000000000000 0.0000000000000000 0.0000000000000000
1.0000000000000000 0.0000000000000000 0.0000000000000000
1.0000000000000000 0.0000000000000000 0.0000000000000000
1.0000000000000000 0.0000000000000000 0.0000000000000000
1.0000000000000000 0.0000000000000000 0.0000000000000000
1.0000000000000000 0.0000000000000000 0.0000000000000000
1.0000000000000000 0.0000000000000000 0.0000000000000000
1.0000000000000000 0.0000000000000000 0.0000000000000000
1.0000000000000000 0.0000000000000000 0.0000000000000000
1.0000000000000000 0.0000000000000000 0.0000000000000000
1.0000000000000000 0.0000000000000000 0.0000000000000000
1.0000000000000000 0.0000000000000000 0.0000000000000000
1.0000000000000000 0.0000000000000000 0.0000000000000000
1.0000000000000000 0.0000000000000000 0.0000000000000000
1.0000000000000000 0.0000000000000000 0.0000000000000000
1.0000000000000000 0.0000000000000000 0.0000000000000000
1.0000000000000000 0.0000000000000000 0.0000000000000000
1.0000000000000000 0.0000000000000000 0.0000000000000000
1.0000000000000000 0.0000000000000000 0.0000000000000000
1.0000000000000000 0.0000000000000000 0.0000000000000000
1.0000000000000000 0.0000000000000000 0.0000000000000000
1.0000000000000000 0.0000000000000000 0.0000000000000000
1.0000000000000000 0.0000000000000000 0.0000000000000000
1.0000000000000000 0.0000000000000000 0.0000000000000000
1.0000000000000000 0.0000000000000000 0.0000000000000000
1.0000000000000000 0.0000000000000000 0.0000000000000000
1.0000000000000000 0.0000000000000000 0.0000000000000000
1.0000000000000000 0.0000000000000000 0.0000000000000000
1.0000000000000000 0.0000000000000000 0.0000000000000000
1.0000000000000000 0.0000000000000000 0.0000000000000000
1.0000000000000000 0.0000000000000000 0.0000000000000000
1.0000000000000000 0.0000000000000000 0.0000000000000000
1.0000000000000000 0.0000000000000000 0.0000000000000000
1.0000000000000000 0.0000000000000000 0.0000000000000000
1.0000000000000000 0.0000000000000000 0.0000000000000000
1.0000000000000000 0.0000000000000000 0.0000000000000000
1.0000000000000000 0.0000000000000000 0.0000000000000000
1.0000000000000000 0.0000000000000000 0.0000000000000000
1.0000000000000000 0.0000000000000000 0.0000000000000000
1.0000000000000000 0.0000000000000000 0.0000000000000000
1.0000000000000000 0.0000000000000000 0.0000000000000000
1.0000000000000000 0.0000000000000000 0.0000000000000000
1.0000000000000000 0.0000000000000000 0.0000000000000000
1.0000000000000000 0.0000000000000000 0.0000000000000000
1.0000000000000000 0.0000000000000000 0.0000000000000000
1.0000000000000000 0.0000000000000000 0.0000000000000000
1.0000000000000000 0.0000000000000000 0.0000000000000000
1.0000000000000000 0.0000000000000000 0.0000000000000000
1.0000000000000000 0.0000000000000000 0.0000000000000000
1.0000000000000000 0.0000000000000000 0.0000000000000000
1.0000000000000000 0.0000000000000000 0.0000000000000000
1.0000000000000000 0.0000000000000000 0.0000000000000000
1.0000000000000000 0.0000000000000000 0.0000000000000000
1.0000000000000000 0.0000000000000000 0.0000000000000000
1.0000000000000000 0.0000000000000000 0.0000000000000000
1.0000000000000000 0.0000000000000000 0.0000000000000000
1.0000000000000000 0.0000000000000000 0.0000000000000000
1.0000000000000000 0.0000000000000000 0.0000000000000000
1.0000000000000000 0.0000000000000000 0.0000000000000000
1.0000000000000000 0.0000000000000000 0.0000000000000000
1.0000000000000000 0.0000000000000000 0.0000000000000000
1.0000000000000000 0.0000000000000000 0.0000000000000000
1.0000000000000000 0.0000000000000000 0.0000000000000000
1.0000000000000000 0.0000000000000000 0.0000000000000000
1.0000000000000000 0.0000000000000000 0.0000000000000000
1.0000000000000000 0.0000000000000000 0.0000000000000000
1.0000000000000000 0.0000000000000000 0.0000000000000000
1.0000000000000000 0.0000000000000000 0.0000000000000000
1.0000000000000000 0.0000000000000000 0.0000000000000000
1.0000000000000000 0.0000000000000000 0.0000000000000000
1.0000000000000000 0.0000000000000000 0.0000000000000000
1.0000000000000000 0.0000000000000000 0.0000000000000000
1.0000000000000000 0.0000000000000000 0.0000000000000000
1.0000000000000000 0.0000000000000000 0.0000000000000000
1.0000000000000000 0.0000000000000000 0.0000000000000000
1.0000000000000000 0.0000000000000000 0.0000000000000000
1.0000000000000000 0.0000000000000000 0.0000000000000000
1.0000000000000000 0.0000000000000000 0.0000000000000000
1.0000000000000000 0.0000000000000000 0.0000000000000000
1.0000000000000000 0.0000000000000000 0.0000000000000000
1.0000000000000000 0.0000000000000000 0.0000000000000000
1.0000000000000000 0.0000000000000000 0.0000000000000000
1.0000000000000000 0.0000000000000000 0.0000000000000000
1.0000000000000000 0.0000000000000000 0.0000000000000000
1.0000000000000000 0.0000000000000000 0.0000000000000000
1.0000000000000000 0.0000000000000000 0.0000000000000000
1.0000000000000000 0.0000000000000000 0.0000000000000000
1.0000000000000000 0.0000000000000000 0.0000000000000000
1.0000000000000000 0.0000000000000000 0.0000000000000000
1.0000000000000000 0.0000000000000000 0.0000000000000000
1.0000000000000000 0.0000000000000000 0.0000000000000000
1.0000000000000000 0.0000000000000000 0.0000000000000000
1.0000000000000000 0.0000000000000000 0.0000000000000000
1.0000000000000000 0.0000000000000000 0.0000000000000000
1.0000000000000000 0.0000000000000000 0.0000000000000000
1.0000000000000000 0.0000000000000000 0.0000000000000000
1.0000000000000000 0.0000000000000000 0.0000000000000000
1.0000000000000000 0.0000000000000000 0.0000000000000000
1.0000000000000000 0.0000000000000000 0.0000000000000000
1.0000000000000000 0.0000000000000000 0.0000000000000000
1.0000000000000000 0.0000000000000000 0.0000000000000000
1.0000000000000000 0.0000000000000000 0.0000000000000000
1.0000000000000000 0.0000000000000000 0.0000000000000000
1.0000000000000000 0.0000000000000000 0.0000000000000000
1.0000000000000000 0.0000000000000000 0.0000000000000000
1.0000000000000000 0.0000000000000000 0.0000000000000000
1.0000000000000000 0.0000000000000000 0.0000000000000000
1.0000000000000000 0.0000000000000000 0.0000000000000000
1.0000000000000000 0.0000000000000000 0.0000000000000000
1.0000000000000000 0.0000000000000000 0.0000000000000000
1.0000000000000000 0.0000000000000000 0.0000000000000000
1.0000000000000000 0.0000000000000000 0.0000000000000000
1.0000000000000000 0.0000000000000000 0.0000000000000000
1.0000000000000000 0.0000000000000000 0.0000000000000000
1.0000000000000000 0.0000000000000000 0.0000000000000000
1.0000000000000000 0.0000000000000000 0.0000000000000000
1.0000000000000000 0.0000000000000000 0.0000000000000000
1.0000000000000000 0.0000000000000000 0.0000000000000000
1.0000000000000000 0.0000000000000000 0.0000000000000000
1.0000000000000000 0.0000000000000000 0.0000000000000000
1.0000000000000000 0.0000000000000000 0.0000000000000000
1.0000000000000000 0.0000000000000000 0.0000000000000000
1.0000000000000000 0.0000000000000000 0.0000000000000000
1.0000000000000000 0.0000000000000000 0.0000000000000000
1.0000000000000000 0.0000000000000000 0.0000000000000000
1.0000000000000000 0.0000000000000000 0.0000000000000000
1.0000000000000000 0.0000000000000000 0.0000000000000000
1.0000000000000000 0.0000000000000000 0.0000000000000000
1.0000000000000000 0.0000000000000000 0.0000000000000000
1.0000000000000000 0.0000000000000000 0.0000000000000000
1.0000000000000000 0.0000000000000000 0.0000000000000000
1.0000000000000000 0.0000000000000000 0.0000000000000000
1.0000000000000000 0.0000000000000000 0.0000000000000000
1.0000000000000000 0.0000000000000000 0.0000000000000000
1.0000000000000000 0.0000000000000000 0.0000000000000000
1.0000000000000000 0.0000000000000000 0.0000000000000000
1.0000000000000000 0.0000000000000000 0.0000000000000000
1.0000000000000000 0.0000000000000000 0.0000000000000000
1.0000000000000000 0.0000000000000000 0.0000000000000000
1.0000000000000000 0.0000000000000000 0.0000000000000000
1.0000000000000000 0.0000000000000000 0.0000000000000000
1.0000000000000000 0.0000000000000000 0.0000000000000000
1.0000000000000000 0.0000000000000000 0.0000000000000000
1.0000000000000000 0.0000000000000000 0.0000000000000000
1.0000000000000000 0.0000000000000000 0.0000000000000000
1.0000000000000000 0.0000000000000000 0.0000000000000000
1.0000000000000000 0.0000000000000000 0.0000000000000000
1.0000000000000000 0.0000000000000000 0.0000000000000000
1.0000000000000000 0.0000000000000000 0.0000000000000000
1.0000000000000000 0.0000000000000000 0.0000000000000000
1.0000000000000000 0.0000000000000000 0.0000000000000000
1.0000000000000000 0.0000000000000000 0.0000000000000000
1.0000000000000000 0.0000000000000000 0.0000000000000000
1.0000000000000000 0.0000000000000000 0.0000000000000000
1.0000000000000000 0.0000000000000000 0.0000000000000000
1.0000000000000000 0.0000000000000000 0.0000000000000000
1.0000000000000000 0.0000000000000000 0.0000000000000000
1.0000000000000000 0.0000000000000000 0.0000000000000000
1.0000000000000000 0.0000000000000000 0.0000000000000000
1.0000000000000000 0.0000000000000000 0.0000000000000000
1.0000000000000000 0.0000000000000000 0.0000000000000000
1.0000000000000000 0.0000000000000000 0.0000000000000000
1.0000000000000000 0.0000000000000000 0.0000000000000000
1.0000000000000000 0.0000000000000000 0.0000000000000000
1.0000000000000000 0.0000000000000000 0.0000000000000000
1.0000000000000000 0.0000000000000000 0.0000000000000000
1.0000000000000000 0.0000000000000000 0.0000000000000000
1.0000000000000000 0.0000000000000000 0.0000000000000000
1.0000000000000000 0.0000000000000000 0.0000000000000000
1.0000000000000000 0.0000000000000000 0.0000000000000000
1.0000000000000000 0.0000000000000000 0.0000000000000000
1.0000000000000000 0.0000000000000000 0.0000000000000000
1.0000000000000000 0.0000000000000000 0.0000000000000000
1.0000000000000000 0.0000000000000000 0.0000000000000000
1.0000000000000000 0.0000000000000000 0.0000000000000000
1.0000000000000000 0.0000000000000000 0.0000000000000000
1.0000000000000000 0.0000000000000000 0.0000000000000000
1.0000000000000000 0.0000000000000000 0.0000000000000000
1.0000000000000000 0.0000000000000000 0.0000000000000000
1.0000000000000000 0.0000000000000000 0.0000000000000000
1.0000000000000000 0.0000000000000000 0.0000000000000000
1.0000000000000000 0.0000000000000000 0.0000000000000000
1.0000000000000000 0.0000000000000000 0.0000000000000000
1.0000000000000000 0.0000000000000000 0.0000000000000000
1.0000000000000000 0.0000000000000000 0.0000000000000000
1.0000000000000000 0.0000000000000000 0.0000000000000000
1.0000000000000000 0.0000000000000000 0.0000000000000000
1.0000000000000000 0.0000000000000000 0.0000000000000000
1.0000000000000000 0.0000000000000000 0.0000000000000000
1.0000000000000000 0.0000000000000000 0.0000000000000000
1.0000000000000000 0.0000000000000000 0.0000000000000000
1.0000000000000000 0.0000000000000000 0.0000000000000000
1.0000000000000000 0.0000000000000000 0.0000000000000000
1.0000000000000000 0.0000000000000000 0.0000000000000000
1.0000000000000000 0.0000000000000000 0.0000000000000000
1.0000000000000000 0.0000000000000000 0.0000000000000000
1.0000000000000000 0.0000000000000000 0.0000000000000000
1.0000000000000000 0.0000000000000000 0.0000000000000000
1.0000000000000000 0.0000000000000000 0.0000000000000000
1.0000000000000000 0.0000000000000000 0.0000000000000000
1.0000000000000000 0.0000000000000000 0.0000000000000000
1.0000000000000000 0.0000000000000000 0.0000000000000000
1.0000000000000000 0.0000000000000000 0.0000000000000000
1.0000000000000000 0.0000000000000000 0.0000000000000000
1.0000000000000000 0.0000000000000000 0.0000000000000000
1.0000000000000000 0.0000000000000000 0.0000000000000000
1.0000000000000000 0.0000000000000000 0.0000000000000000
1.0000000000000000 0.0000000000000000 0.0000000000000000
1.0000000000000000 0.0000000000000000 0.0000000000000000
1.0000000000000000 0.0000000000000000 0.0000000000000000
1.0000000000000000 0.0000000000000000 0.0000000000000000
1.0000000000000000 0.0000000000000000 0.0000000000000000
1.0000000000000000 0.0000000000000000 0.0000000000000000
1.0000000000000000 0.0000000000000000 0.0000000000000000
1.0000000000000000 0.0000000000000000 0.0000000000000000
1.0000000000000000 0.0000000000000000 0.0000000000000000
1.0000000000000000 0.0000000000000000 0.0000000000000000
1.0000000000000000 0.0000000000000000 0.0000000000000000
1.0000000000000000 0.0000000000000000 0.0000000000000000
1.0000000000000000 0.0000000000000000 0.0000000000000000
1.0000000000000000 0.0000000000000000 0.0000000000000000
1.0000000000000000 0.0000000000000000 0.0000000000000000
1.0000000000000000 0.0000000000000000 0.0000000000000000
1.0000000000000000 0.0000000000000000 0.0000000000000000
1.0000000000000000 0.0000000000000000 0.0000000000000000
1.0000000000000000 0.0000000000000000 0.0000000000000000
1.0000000000000000 0.0000000000000000 0.0000000000000000
1.0000000000000000 0.0000000000000000 0.0000000000000000
1.0000000000000000 0.0000000000000000 0.0000000000000000
1.0000000000000000 0.0000000000000000 0.0000000000000000
1.0000000000000000 0.0000000000000000 0.0000000000000000
1.0000000000000000 0.0000000000000000 0.0000000000000000
1.0000000000000000 0.0000000000000000 0.0000000000000000
1.0000000000000000 0.0000000000000000 0.0000000000000000
1.0000000000000000 0.0000000000000000 0.0000000000000000
1.0000000000000000 0.0000000000000000 0.0000000000000000
1.0000000000000000 0.0000000000000000 0.0000000000000000
1.0000000000000000 0.0000000000000000 0.0000000000000000
1.0000000000000000 0.0000000000000000 0.0000000000000000
1.0000000000000000 0.0000000000000000 0.0000000000000000
1.0000000000000000 0.0000000000000000 0.0000000000000000
1.0000000000000000 0.0000000000000000 0.0000000000000000
1.0000000000000000 0.0000000000000000 0.0000000000000000
1.0000000000000000 0.0000000000000000 0.0000000000000000
1.0000000000000000 0.0000000000000000 0.0000000000000000
1.0000000000000000 0.0000000000000000 0.0000000000000000
1.0000000000000000 0.0000000000000000 0.0000000000000000
1.0000000000000000 0.0000000000000000 0.0000000000000000
1.0000000000000000 0.0000000000000000 0.0000000000000000
1.0000000000000000 0.0000000000000000 0.0000000000000000
1.0000000000000000 0.0000000000000000 0.0000000000000000
1.0000000000000000 0.0000000000000000 0.0000000000000000
1.0000000000000000 0.0000000000000000 0.0000000000000000
1.0000000000000000 0.0000000000000000 0.0000000000000000
1.0000000000000000 0.0000000000000000 0.0000000000000000
1.0000000000000000 0.0000000000000000 0.0000000000000000
1.0000000000000000 0.0000000000000000 0.0000000000000000
1.0000000000000000 0.0000000000000000 0.0000000000000000
1.0000000000000000 0.0000000000000000 0.0000000000000000
1.0000000000000000 0.0000000000000000 0.0000000000000000
1.0000000000000000 0.0000000000000000 0.0000000000000000
1.0000000000000000 0.0000000000000000 0.0000000000000000
1.0000000000000000 0.0000000000000000 0.0000000000000000
1.0000000000000000 0.0000000000000000 0.0000000000000000
1.0000000000000000 0.0000000000000000 0.0000000000000000
1.0000000000000000 0.0000000000000000 0.0000000000000000
1.0000000000000000 0.0000000000000000 0.0000000000000000
1.0000000000000000 0.0000000000000000 0.0000000000000000
1.0000000000000000 0.0000000000000000 0.0000000000000000
1.0000000000000000 0.0000000000000000 0.0000000000000000
1.0000000000000000 0.0000000000000000 0.0000000000000000
1.0000000000000000 0.0000000000000000 0.0000000000000000
1.0000000000000000 0.0000000000000000 0.0000000000000000
1.0000000000000000 0.0000000000000000 0.0000000000000000
1.0000000000000000 0.0000000000000000 0.0000000000000000
1.0000000000000000 0.0000000000000000 0.0000000000000000
1.0000000000000000 0.0000000000000000 0.0000000000000000
1.0000000000000000 0.0000000000000000 0.0000000000000000
1.0000000000000000 0.0000000000000000 0.0000000000000000
1.0000000000000000 0.0000000000000000 0.0000000000000000
1.0000000000000000 0.0000000000000000 0.0000000000000000
1.0000000000000000 0.0000000000000000 0.0000000000000000
1.0000000000000000 0.0000000000000000 0.0000000000000000
1.0000000000000000 0.0000000000000000 0.0000000000000000
1.0000000000000000 0.0000000000000000 0.0000000000000000
1.0000000000000000 0.0000000000000000 0.0000000000000000
1.0000000000000000 0.0000000000000000 0.0000000000000000
1.0000000000000000 0.0000000000000000 0.0000000000000000
1.0000000000000000 0.0000000000000000 0.0000000000000000
1.0000000000000000 0.0000000000000000 0.0000000000000000
1.0000000000000000 0.0000000000000000 0.0000000000000000
1.0000000000000000 0.0000000000000000 0.0000000000000000
1.0000000000000000 0.0000000000000000 0.0000000000000000
1.0000000000000000 0.0000000000000000 0.0000000000000000
1.0000000000000000 0.0000000000000000 0.0000000000000000
1.0000000000000000 0.0000000000000000 0.0000000000000000
1.0000000000000000 0.0000000000000000 0.0000000000000000
1.0000000000000000 0.0000000000000000 0.0000000000000000
1.0000000000000000 0.0000000000000000 0.0000000000000000
1.0000000000000000 0.0000000000000000 0.0000000000000000
1.0000000000000000 0.0000000000000000 0.0000000000000000
1.0000000000000000 0.0000000000000000 0.0000000000000000
1.0000000000000000 0.0000000000000000 0.0000000000000000
1.0000000000000000 0.0000000000000000 0.0000000000000000
1.0000000000000000 0.0000000000000000 0.0000000000000000
1.0000000000000000 0.0000000000000000 0.0000000000000000
1.0000000000000000 0.0000000000000000 0.0000000000000000
1.0000000000000000 0.0000000000000000 0.0000000000000000
1.0000000000000000 0.0000000000000000 0.0000000000000000
1.0000000000000000 0.0000000000000000 0.0000000000000000
1.0000000000000000 0.0000000000000000 0.0000000000000000
1.0000000000000000 0.0000000000000000 0.0000000000000000
1.0000000000000000 0.0000000000000000 0.0000000000000000
1.0000000000000000 0.0000000000000000 0.0000000000000000
1.0000000000000000 0.0000000000000000 0.0000000000000000
1.0000000000000000 0.0000000000000000 0.0000000000000000
1.0000000000000000 0.0000000000000000 0.0000000000000000
1.0000000000000000 0.0000000000000000 0.0000000000000000
1.0000000000000000 0.0000000000000000 0.0000000000000000
1.0000000000000000 0.0000000000000000 0.0000000000000000
1.0000000000000000 0.0000000000000000 0.0000000000000000
1.0000000000000000 0.0000000000000000 0.0000000000000000
1.0000000000000000 0.0000000000000000 0.0000000000000000
1.0000000000000000 0.0000000000000000 0.0000000000000000
1.0000000000000000 0.0000000000000000 0.0000000000000000
1.0000000000000000 0.0000000000000000 0.0000000000000000
1.0000000000000000 0.0000000000000000 0.0000000000000000
1.0000000000000000 0.0000000000000000 0.0000000000000000
1.0000000000000000 0.0000000000000000 0.0000000000000000
1.0000000000000000 0.0000000000000000 0.0000000000000000
1.0000000000000000 0.0000000000000000 0.0000000000000000
1.0000000000000000 0.0000000000000000 0.0000000000000000
1.0000000000000000 0.0000000000000000 0.0000000000000000
1.0000000000000000 0.0000000000000000 0.0000000000000000
1.0000000000000000 0.0000000000000000 0.0000000000000000
1.0000000000000000 0.0000000000000000 0.0000000000000000
1.0000000000000000 0.0000000000000000 0.0000000000000000
1.0000000000000000 0.0000000000000000 0.0000000000000000
1.0000000000000000 0.0000000000000000 0.0000000000000000
1.0000000000000000 0.0000000000000000 0.0000000000000000
1.0000000000000000 0.0000000000000000 0.0000000000000000
1.0000000000000000 0.0000000000000000 0.0000000000000000
1.0000000000000000 0.0000000000000000 0.0000000000000000
1.0000000000000000 0.0000000000000000 0.0000000000000000
1.0000000000000000 0.0000000000000000 0.0000000000000000
1.0000000000000000 0.0000000000000000 0.0000000000000000
1.0000000000000000 0.0000000000000000 0.0000000000000000
1.0000000000000000 0.0000000000000000 0.0000000000000000
1.0000000000000000 0.0000000000000000 0.0000000000000000
1.0000000000000000 0.0000000000000000 0.0000000000000000
1.0000000000000000 0.0000000000000000 0.0000000000000000
1.0000000000000000 0.0000000000000000 0.0000000000000000
1.0000000000000000 0.0000000000000000 0.0000000000000000
1.0000000000000000 0.0000000000000000 0.0000000000000000
1.0000000000000000 0.0000000000000000 0.0000000000000000
1.0000000000000000 0.0000000000000000 0.0000000000000000
1.0000000000000000 0.0000000000000000 0.0000000000000000
1.0000000000000000 0.0000000000000000 0.0000000000000000
1.0000000000000000 0.0000000000000000 0.0000000000000000
1.0000000000000000 0.0000000000000000 0.0000000000000000
1.0000000000000000 0.0000000000000000 0.0000000000000000
1.0000000000000000 0.0000000000000000 0.0000000000000000
1.0000000000000000 0.0000000000000000 0.0000000000000000
1.0000000000000000 0.0000000000000000 0.0000000000000000
1.0000000000000000 0.0000000000000000 0.0000000000000000
1.0000000000000000 0.0000000000000000 0.0000000000000000
1.0000000000000000 0.0000000000000000 0.0000000000000000
1.0000000000000000 0.0000000000000000 0.0000000000000000
1.0000000000000000 0.0000000000000000 0.0000000000000000
1.0000000000000000 0.0000000000000000 0.0000000000000000
1.0000000000000000 0.0000000000000000 0.0000000000000000
1.0000000000000000 0.0000000000000000 0.0000000000000000
1.0000000000000000 0.0000000000000000 0.0000000000000000
1.0000000000000000 0.0000000000000000 0.0000000000000000
1.0000000000000000 0.0000000000000000 0.0000000000000000
1.0000000000000000 0.0000000000000000 0.0000000000000000
1.0000000000000000 0.0000000000000000 0.0000000000000000
1.0000000000000000 0.0000000000000000 0.0000000000000000
1.0000000000000000 0.0000000000000000 0.0000000000000000
1.0000000000000000 0.0000000000000000 0.0000000000000000
1.0000000000000000 0.0000000000000000 0.0000000000000000
1.0000000000000000 0.0000000000000000 0.0000000000000000
1.0000000000000000 0.0000000000000000 0.0000000000000000
1.0000000000000000 0.0000000000000000 0.0000000000000000
1.0000000000000000 0.0000000000000000 0.0000000000000000
1.0000000000000000 0.0000000000000000 0.0000000000000000
1.0000000000000000 0.0000000000000000 0.0000000000000000
1.0000000000000000 0.0000000000000000 0.0000000000000000
1.0000000000000000 0.0000000000000000 0.0000000000000000
1.0000000000000000 0.0000000000000000 0.0000000000000000
1.0000000000000000 0.0000000000000000 0.0000000000000000
1.0000000000000000 0.0000000000000000 0.0000000000000000
1.0000000000000000 0.0000000000000000 0.0000000000000000
1.0000000000000000 0.0000000000000000 0.0000000000000000
1.0000000000000000 0.0000000000000000 0.0000000000000000
1.0000000000000000 0.0000000000000000 0.0000000000000000
1.0000000000000000 0.0000000000000000 0.0000000000000000
1.0000000000000000 0.0000000000000000 0.0000000000000000
1.0000000000000000 0.0000000000000000 0.0000000000000000
1.0000000000000000 0.0000000000000000 0.0000000000000000
1.0000000000000000 0.0000000000000000 0.0000000000000000
1.0000000000000000 0.0000000000000000 0.0000000000000000
1.0000000000000000 0.0000000000000000 0.0000000000000000
1.0000000000000000 0.0000000000000000 0.0000000000000000
1.0000000000000000 0.0000000000000000 0.0000000000000000
1.0000000000000000 0.0000000000000000 0.0000000000000000
1.0000000000000000 0.0000000000000000 0.0000000000000000
1.0000000000000000 0.0000000000000000 0.0000000000000000
1.0000000000000000 0.0000000000000000 0.0000000000000000
1.0000000000000000 0.0000000000000000 0.0000000000000000
1.0000000000000000 0.0000000000000000 0.0000000000000000
1.0000000000000000 0.0000000000000000 0.0000000000000000
1.0000000000000000 0.0000000000000000 0.0000000000000000
1.0000000000000000 0.0000000000000000 0.0000000000000000
1.0000000000000000 0.0000000000000000 0.0000000000000000
1.0000000000000000 0.0000000000000000 0.0000000000000000
1.0000000000000000 0.0000000000000000 0.0000000000000000
1.0000000000000000 0.0000000000000000 0.0000000000000000
1.0000000000000000 0.0000000000000000 0.0000000000000000
1.0000000000000000 0.0000000000000000 0.0000000000000000
1.0000000000000000 0.0000000000000000 0.0000000000000000
1.0000000000000000 0.0000000000000000 0.0000000000000000
1.0000000000000000 0.0000000000000000 0.0000000000000000
1.0000000000000000 0.0000000000000000 0.0000000000000000
1.0000000000000000 0.0000000000000000 0.0000000000000000
1.0000000000000000 0.0000000000000000 0.0000000000000000
1.0000000000000000 0.0000000000000000 0.0000000000000000
1.0000000000000000 0.0000000000000000 0.0000000000000000
1.0000000000000000 0.0000000000000000 0.0000000000000000
1.0000000000000000 0.0000000000000000 0.0000000000000000
1.0000000000000000 0.0000000000000000 0.0000000000000000
1.0000000000000000 0.0000000000000000 0.0000000000000000
1.0000000000000000 0.0000000000000000 0.0000000000000000
1.0000000000000000 0.0000000000000000 0.0000000000000000
1.0000000000000000 0.0000000000000000 0.0000000000000000
1.0000000000000000 0.0000000000000000 0.0000000000000000
1.0000000000000000 0.0000000000000000 0.0000000000000000
1.0000000000000000 0.0000000000000000 0.0000000000000000
1.0000000000000000 0.0000000000000000 0.0000000000000000
1.0000000000000000 0.0000000000000000 0.0000000000000000
1.0000000000000000 0.0000000000000000 0.0000000000000000
1.0000000000000000 0.0000000000000000 0.0000000000000000
1.0000000000000000 0.0000000000000000 0.0000000000000000
1.0000000000000000 0.0000000000000000 0.0000000000000000
1.0000000000000000 0.0000000000000000 0.0000000000000000
1.0000000000000000 0.0000000000000000 0.0000000000000000
1.0000000000000000 0.0000000000000000 0.0000000000000000
1.0000000000000000 0.0000000000000000 0.0000000000000000
1.0000000000000000 0.0000000000000000 0.0000000000000000
1.0000000000000000 0.0000000000000000 0.0000000000000000
1.0000000000000000 0.0000000000000000 0.0000000000000000
1.0000000000000000 0.0000000000000000 0.0000000000000000
1.0000000000000000 0.0000000000000000 0.0000000000000000
1.0000000000000000 0.0000000000000000 0.0000000000000000
1.0000000000000000 0.0000000000000000 0.0000000000000000
1.0000000000000000 0.0000000000000000 0.0000000000000000
1.0000000000000000 0.0000000000000000 0.0000000000000000
1.0000000000000000 0.0000000000000000 0.0000000000000000
1.0000000000000000 0.0000000000000000 0.0000000000000000
1.0000000000000000 0.0000000000000000 0.0000000000000000
1.0000000000000000 0.0000000000000000 0.0000000000000000
1.0000000000000000 0.0000000000000000 0.0000000000000000
1.0000000000000000 0.0000000000000000 0.0000000000000000
1.0000000000000000 0.0000000000000000 0.0000000000000000
1.0000000000000000 0.0000000000000000 0.0000000000000000
1.0000000000000000 0.0000000000000000 0.0000000000000000
1.0000000000000000 0.0000000000000000 0.0000000000000000
1.0000000000000000 0.0000000000000000 0.0000000000000000
1.0000000000000000 0.0000000000000000 0.0000000000000000
1.0000000000000000 0.0000000000000000 0.0000000000000000
1.0000000000000000 0.0000000000000000 0.0000000000000000
1.0000000000000000 0.0000000000000000 0.0000000000000000
1.0000000000000000 0.0000000000000000 0.0000000000000000
1.0000000000000000 0.0000000000000000 0.0000000000000000
1.0000000000000000 0.0000000000000000 0.0000000000000000
1.0000000000000000 0.0000000000000000 0.0000000000000000
1.0000000000000000 0.0000000000000000 0.0000000000000000
1.0000000000000000 0.0000000000000000 0.0000000000000000
1.0000000000000000 0.0000000000000000 0.0000000000000000
1.0000000000000000 0.0000000000000000 0.0000000000000000
1.0000000000000000 0.0000000000000000 0.0000000000000000
1.0000000000000000 0.0000000000000000 0.0000000000000000
1.0000000000000000 0.0000000000000000 0.0000000000000000
1.0000000000000000 0.0000000000000000 0.0000000000000000
1.0000000000000000 0.0000000000000000 0.0000000000000000
1.0000000000000000 0.0000000000000000 0.0000000000000000
1.0000000000000000 0.0000000000000000 0.0000000000000000
1.0000000000000000 0.0000000000000000 0.0000000000000000
1.0000000000000000 0.0000000000000000 0.0000000000000000
1.0000000000000000 0.0000000000000000 0.0000000000000000
1.0000000000000000 0.0000000000000000 0.0000000000000000
1.0000000000000000 0.0000000000000000 0.0000000000000000
1.0000000000000000 0.0000000000000000 0.0000000000000000
1.0000000000000000 0.0000000000000000 0.0000000000000000
1.0000000000000000 0.0000000000000000 0.0000000000000000
1.0000000000000000 0.0000000000000000 0.0000000000000000
1.0000000000000000 0.0000000000000000 0.0000000000000000
1.0000000000000000 0.0000000000000000 0.0000000000000000
1.0000000000000000 0.0000000000000000 0.0000000000000000
1.0000000000000000 0.0000000000000000 0.0000000000000000
1.0000000000000000 0.0000000000000000 0.0000000000000000
1.0000000000000000 0.0000000000000000 0.0000000000000000
1.0000000000000000 0.0000000000000000 0.0000000000000000
1.0000000000000000 0.0000000000000000 0.0000000000000000
1.0000000000000000 0.0000000000000000 0.0000000000000000
1.0000000000000000 0.0000000000000000 0.0000000000000000
1.0000000000000000 0.0000000000000000 0.0000000000000000
1.0000000000000000 0.0000000000000000 0.0000000000000000
1.0000000000000000 0.0000000000000000 0.0000000000000000
1.0000000000000000 0.0000000000000000 0.0000000000000000
1.0000000000000000 0.0000000000000000 0.0000000000000000
1.0000000000000000 0.0000000000000000 0.0000000000000000
1.0000000000000000 0.0000000000000000 0.0000000000000000
1.0000000000000000 0.0000000000000000 0.0000000000000000
1.0000000000000000 0.0000000000000000 0.0000000000000000
1.0000000000000000 0.0000000000000000 0.0000000000000000
1.0000000000000000 0.0000000000000000 0.0000000000000000
1.0000000000000000 0.0000000000000000 0.0000000000000000
1.0000000000000000 0.0000000000000000 0.0000000000000000
1.0000000000000000 0.0000000000000000 0.0000000000000000
1.0000000000000000 0.0000000000000000 0.0000000000000000
1.0000000000000000 0.0000000000000000 0.0000000000000000
1.0000000000000000 0.0000000000000000 0.0000000000000000
1.0000000000000000 0.0000000000000000 0.0000000000000000
1.0000000000000000 0.0000000000000000 0.0000000000000000
1.0000000000000000 0.0000000000000000 0.0000000000000000
1.0000000000000000 0.0000000000000000 0.0000000000000000
1.0000000000000000 0.0000000000000000 0.0000000000000000
1.0000000000000000 0.0000000000000000 0.0000000000000000
1.0000000000000000 0.0000000000000000 0.0000000000000000
1.0000000000000000 0.0000000000000000 0.0000000000000000
1.0000000000000000 0.0000000000000000 0.0000000000000000
1.0000000000000000 0.0000000000000000 0.0000000000000000
1.0000000000000000 0.0000000000000000 0.0000000000000000
1.0000000000000000 0.0000000000000000 0.0000000000000000
1.0000000000000000 0.0000000000000000 0.0000000000000000
1.0000000000000000 0.0000000000000000 0.0000000000000000
1.0000000000000000 0.0000000000000000 0.0000000000000000
1.0000000000000000 0.0000000000000000 0.0000000000000000
1.0000000000000000 0.0000000000000000 0.0000000000000000
1.0000000000000000 0.0000000000000000 0.0000000000000000
1.0000000000000000 0.0000000000000000 0.0000000000000000
1.0000000000000000 0.0000000000000000 0.0000000000000000
1.0000000000000000 0.0000000000000000 0.0000000000000000
1.0000000000000000 0.0000000000000000 0.0000000000000000
1.0000000000000000 0.0000000000000000 0.0000000000000000
1.0000000000000000 0.0000000000000000 0.0000000000000000
1.0000000000000000 0.0000000000000000 0.0000000000000000
1.0000000000000000 0.0000000000000000 0.0000000000000000
1.0000000000000000 0.0000000000000000 0.0000000000000000
1.0000000000000000 0.0000000000000000 0.0000000000000000
1.0000000000000000 0.0000000000000000 0.0000000000000000
1.0000000000000000 0.0000000000000000 0.0000000000000000
1.0000000000000000 0.0000000000000000 0.0000000000000000
1.0000000000000000 0.0000000000000000 0.0000000000000000
1.0000000000000000 0.0000000000000000 0.0000000000000000
1.0000000000000000 0.0000000000000000 0.0000000000000000
1.0000000000000000 0.0000000000000000 0.0000000000000000
1.0000000000000000 0.0000000000000000 0.0000000000000000
1.0000000000000000 0.0000000000000000 0.0000000000000000
1.0000000000000000 0.0000000000000000 0.0000000000000000
1.0000000000000000 0.0000000000000000 0.0000000000000000
1.0000000000000000 0.0000000000000000 0.0000000000000000
1.0000000000000000 0.0000000000000000 0.0000000000000000
1.0000000000000000 0.0000000000000000 0.0000000000000000
1.0000000000000000 0.0000000000000000 0.0000000000000000
1.0000000000000000 0.0000000000000000 0.0000000000000000
1.0000000000000000 0.0000000000000000 0.0000000000000000
1.0000000000000000 0.0000000000000000 0.0000000000000000
1.0000000000000000 0.0000000000000000 0.0000000000000000
1.0000000000000000 0.0000000000000000 0.0000000000000000
1.0000000000000000 0.0000000000000000 0.0000000000000000
1.0000000000000000 0.0000000000000000 0.0000000000000000
1.0000000000000000 0.0000000000000000 0.0000000000000000
1.0000000000000000 0.0000000000000000 0.0000000000000000
1.0000000000000000 0.0000000000000000 0.0000000000000000
1.0000000000000000 0.0000000000000000 0.0000000000000000
1.0000000000000000 0.0000000000000000 0.0000000000000000
1.0000000000000000 0.0000000000000000 0.0000000000000000
1.0000000000000000 0.0000000000000000 0.0000000000000000
1.0000000000000000 0.0000000000000000 0.0000000000000000
1.0000000000000000 0.0000000000000000 0.0000000000000000
1.0000000000000000 0.0000000000000000 0.0000000000000000
1.0000000000000000 0.0000000000000000 0.0000000000000000
1.0000000000000000 0.0000000000000000 0.0000000000000000
1.0000000000000000 0.0000000000000000 0.0000000000000000
1.0000000000000000 0.0000000000000000 0.0000000000000000
1.0000000000000000 0.0000000000000000 0.0000000000000000
1.0000000000000000 0.0000000000000000 0.0000000000000000
1.0000000000000000 0.0000000000000000 0.0000000000000000
1.0000000000000000 0.0000000000000000 0.0000000000000000
1.0000000000000000 0.0000000000000000 0.0000000000000000
1.0000000000000000 0.0000000000000000 0.0000000000000000
1.0000000000000000 0.0000000000000000 0.0000000000000000
1.0000000000000000 0.0000000000000000 0.0000000000000000
1.0000000000000000 0.0000000000000000 0.0000000000000000
1.0000000000000000 0.0000000000000000 0.0000000000000000
1.0000000000000000 0.0000000000000000 0.0000000000000000
1.0000000000000000 0.0000000000000000 0.0000000000000000
1.0000000000000000 0.0000000000000000 0.0000000000000000
1.0000000000000000 0.0000000000000000 0.0000000000000000
1.0000000000000000 0.0000000000000000 0.0000000000000000
1.0000000000000000 0.0000000000000000 0.0000000000000000
1.0000000000000000 0.0000000000000000 0.0000000000000000
1.0000000000000000 0.0000000000000000 0.0000000000000000
1.0000000000000000 0.0000000000000000 0.0000000000000000
1.0000000000000000 0.0000000000000000 0.0000000000000000
1.0000000000000000 0.0000000000000000 0.0000000000000000
1.0000000000000000 0.0000000000000000 0.0000000000000000
1.0000000000000000 0.0000000000000000 0.0000000000000000
1.0000000000000000 0.0000000000000000 0.0000000000000000
1.0000000000000000 0.0000000000000000 0.0000000000000000
1.0000000000000000 0.0000000000000000 0.0000000000000000
1.0000000000000000 0.0000000000000000 0.0000000000000000
1.0000000000000000 0.0000000000000000 0.0000000000000000
1.0000000000000000 0.0000000000000000 0.0000000000000000
1.0000000000000000 0.0000000000000000 0.0000000000000000
1.0000000000000000 0.0000000000000000 0.0000000000000000
1.0000000000000000 0.0000000000000000 0.0000000000000000
1.0000000000000000 0.0000000000000000 0.0000000000000000
1.0000000000000000 0.0000000000000000 0.0000000000000000
1.0000000000000000 0.0000000000000000 0.0000000000000000
1.0000000000000000 0.0000000000000000 0.0000000000000000
1.0000000000000000 0.0000000000000000 0.0000000000000000
1.0000000000000000 0.0000000000000000 0.0000000000000000
1.0000000000000000 0.0000000000000000 0.0000000000000000
1.0000000000000000 0.0000000000000000 0.0000000000000000
1.0000000000000000 0.0000000000000000 0.0000000000000000
1.0000000000000000 0.0000000000000000 0.0000000000000000
1.0000000000000000 0.0000000000000000 0.0000000000000000
1.0000000000000000 0.0000000000000000 0.0000000000000000
1.0000000000000000 0.0000000000000000 0.0000000000000000
1.0000000000000000 0.0000000000000000 0.0000000000000000
1.0000000000000000 0.0000000000000000 0.0000000000000000
1.0000000000000000 0.0000000000000000 0.0000000000000000
1.0000000000000000 0.0000000000000000 0.0000000000000000
1.0000000000000000 0.0000000000000000 0.0000000000000000
1.0000000000000000 0.0000000000000000 0.0000000000000000
1.0000000000000000 0.0000000000000000 0.0000000000000000
1.0000000000000000 0.0000000000000000 0.0000000000000000
1.0000000000000000 0.0000000000000000 0.0000000000000000
1.0000000000000000 0.0000000000000000 0.0000000000000000
1.0000000000000000 0.0000000000000000 0.0000000000000000
1.0000000000000000 0.0000000000000000 0.0000000000000000
1.0000000000000000 0.0000000000000000 0.0000000000000000
1.0000000000000000 0.0000000000000000 0.0000000000000000
1.0000000000000000 0.0000000000000000 0.0000000000000000
1.0000000000000000 0.0000000000000000 0.0000000000000000
1.0000000000000000 0.0000000000000000 0.0000000000000000
1.0000000000000000 0.0000000000000000 0.0000000000000000
1.0000000000000000 0.0000000000000000 0.0000000000000000
1.0000000000000000 0.0000000000000000 0.0000000000000000
1.0000000000000000 0.0000000000000000 0.0000000000000000
1.0000000000000000 0.0000000000000000 0.0000000000000000
1.0000000000000000 0.0000000000000000 0.0000000000000000
1.0000000000000000 0.0000000000000000 0.0000000000000000
1.0000000000000000 0.0000000000000000 0.0000000000000000
1.0000000000000000 0.0000000000000000 0.0000000000000000
1.0000000000000000 0.0000000000000000 0.0000000000000000
1.0000000000000000 0.0000000000000000 0.0000000000000000
1.0000000000000000 0.0000000000000000 0.0000000000000000
1.0000000000000000 0.0000000000000000 0.0000000000000000
1.0000000000000000 0.0000000000000000 0.0000000000000000
1.0000000000000000 0.0000000000000000 0.0000000000000000
1.0000000000000000 0.0000000000000000 0.0000000000000000
1.0000000000000000 0.0000000000000000 0.0000000000000000
1.0000000000000000 0.0000000000000000 0.0000000000000000
1.0000000000000000 0.0000000000000000 0.0000000000000000
1.0000000000000000 0.0000000000000000 0.0000000000000000
1.0000000000000000 0.0000000000000000 0.0000000000000000
1.0000000000000000 0.0000000000000000 0.0000000000000000
1.0000000000000000 0.0000000000000000 0.0000000000000000
1.0000000000000000 0.0000000000000000 0.0000000000000000
1.0000000000000000 0.0000000000000000 0.0000000000000000
1.0000000000000000 0.0000000000000000 0.0000000000000000
1.0000000000000000 0.0000000000000000 0.0000000000000000
1.0000000000000000 0.0000000000000000 0.0000000000000000
1.0000000000000000 0.0000000000000000 0.0000000000000000
1.0000000000000000 0.0000000000000000 0.0000000000000000
1.0000000000000000 0.0000000000000000 0.0000000000000000
1.0000000000000000 0.0000000000000000 0.0000000000000000
1.0000000000000000 0.0000000000000000 0.0000000000000000
1.0000000000000000 0.0000000000000000 0.0000000000000000
1.0000000000000000 0.0000000000000000 0.0000000000000000
1.0000000000000000 0.0000000000000000 0.0000000000000000
1.0000000000000000 0.0000000000000000 0.0000000000000000
1.0000000000000000 0.0000000000000000 0.0000000000000000
1.0000000000000000 0.0000000000000000 0.0000000000000000
1.0000000000000000 0.0000000000000000 0.0000000000000000
1.0000000000000000 0.0000000000000000 0.0000000000000000
1.0000000000000000 0.0000000000000000 0.0000000000000000
1.0000000000000000 0.0000000000000000 0.0000000000000000
1.0000000000000000 0.0000000000000000 0.0000000000000000
1.0000000000000000 0.0000000000000000 0.0000000000000000
1.0000000000000000 0.0000000000000000 0.0000000000000000
1.0000000000000000 0.0000000000000000 0.0000000000000000
1.0000000000000000 0.0000000000000000 0.0000000000000000
1.0000000000000000 0.0000000000000000 0.0000000000000000
1.0000000000000000 0.0000000000000000 0.0000000000000000
1.0000000000000000 0.0000000000000000 0.0000000000000000
1.0000000000000000 0.0000000000000000 0.0000000000000000
1.0000000000000000 0.0000000000000000 0.0000000000000000
1.0000000000000000 0.0000000000000000 0.0000000000000000
1.0000000000000000 0.0000000000000000 0.0000000000000000
1.0000000000000000 0.0000000000000000 0.0000000000000000
1.0000000000000000 0.0000000000000000 0.0000000000000000
1.0000000000000000 0.0000000000000000 0.0000000000000000
1.0000000000000000 0.0000000000000000 0.0000000000000000
1.0000000000000000 0.0000000000000000 0.0000000000000000
1.0000000000000000 0.0000000000000000 0.0000000000000000
1.0000000000000000 0.0000000000000000 0.0000000000000000
1.0000000000000000 0.0000000000000000 0.0000000000000000
1.0000000000000000 0.0000000000000000 0.0000000000000000
1.0000000000000000 0.0000000000000000 0.0000000000000000
1.0000000000000000 0.0000000000000000 0.0000000000000000
1.0000000000000000 0.0000000000000000 0.0000000000000000
1.0000000000000000 0.0000000000000000 0.0000000000000000
1.0000000000000000 0.0000000000000000 0.0000000000000000
1.0000000000000000 0.0000000000000000 0.0000000000000000
1.0000000000000000 0.0000000000000000 0.0000000000000000
1.0000000000000000 0.0000000000000000 0.0000000000000000
1.0000000000000000 0.0000000000000000 0.0000000000000000
1.0000000000000000 0.0000000000000000 0.0000000000000000
1.0000000000000000 0.0000000000000000 0.0000000000000000
1.0000000000000000 0.0000000000000000 0.0000000000000000
1.0000000000000000 0.0000000000000000 0.0000000000000000
1.0000000000000000 0.0000000000000000 0.0000000000000000
1.0000000000000000 0.0000000000000000 0.0000000000000000
1.0000000000000000 0.0000000000000000 0.0000000000000000
1.0000000000000000 0.0000000000000000 0.0000000000000000
1.0000000000000000 0.0000000000000000 0.0000000000000000
1.0000000000000000 0.0000000000000000 0.0000000000000000
1.0000000000000000 0.0000000000000000 0.0000000000000000
1.0000000000000000 0.0000000000000000 0.0000000000000000
1.0000000000000000 0.0000000000000000 0.0000000000000000
1.0000000000000000 0.0000000000000000 0.0000000000000000
1.0000000000000000 0.0000000000000000 0.0000000000000000
1.0000000000000000 0.0000000000000000 0.0000000000000000
1.0000000000000000 0.0000000000000000 0.0000000000000000
1.0000000000000000 0.0000000000000000 0.0000000000000000
1.0000000000000000 0.0000000000000000 0.0000000000000000
1.0000000000000000 0.0000000000000000 0.0000000000000000
1.0000000000000000 0.0000000000000000 0.0000000000000000
1.0000000000000000 0.0000000000000000 0.0000000000000000
1.0000000000000000 0.0000000000000000 0.0000000000000000
1.0000000000000000 0.0000000000000000 0.0000000000000000
1.0000000000000000 0.0000000000000000 0.0000000000000000
1.0000000000000000 0.0000000000000000 0.0000000000000000
1.0000000000000000 0.0000000000000000 0.0000000000000000
1.0000000000000000 0.0000000000000000 0.0000000000000000
1.0000000000000000 0.0000000000000000 0.0000000000000000
1.0000000000000000 0.0000000000000000 0.0000000000000000
1.0000000000000000 0.0000000000000000 0.0000000000000000
1.0000000000000000 0.0000000000000000 0.0000000000000000
1.0000000000000000 0.0000000000000000 0.0000000000000000
1.0000000000000000 0.0000000000000000 0.0000000000000000
1.0000000000000000 0.0000000000000000 0.0000000000000000
1.0000000000000000 0.0000000000000000 0.0000000000000000
1.0000000000000000 0.0000000000000000 0.0000000000000000
1.0000000000000000 0.0000000000000000 0.0000000000000000
1.0000000000000000 0.0000000000000000 0.0000000000000000
1.0000000000000000 0.0000000000000000 0.0000000000000000
1.0000000000000000 0.0000000000000000 0.0000000000000000
1.0000000000000000 0.0000000000000000 0.0000000000000000
1.0000000000000000 0.0000000000000000 0.0000000000000000
1.0000000000000000 0.0000000000000000 0.0000000000000000
1.0000000000000000 0.0000000000000000 0.0000000000000000
1.0000000000000000 0.0000000000000000 0.0000000000000000
1.0000000000000000 0.0000000000000000 0.0000000000000000
1.0000000000000000 0.0000000000000000 0.0000000000000000
1.0000000000000000 0.0000000000000000 0.0000000000000000
1.0000000000000000 0.0000000000000000 0.0000000000000000
1.0000000000000000 0.0000000000000000 0.0000000000000000
1.0000000000000000 0.0000000000000000 0.0000000000000000
1.0000000000000000 0.0000000000000000 0.0000000000000000
1.0000000000000000 0.0000000000000000 0.0000000000000000
1.0000000000000000 0.0000000000000000 0.0000000000000000
1.0000000000000000 0.0000000000000000 0.0000000000000000
1.0000000000000000 0.0000000000000000 0.0000000000000000
1.0000000000000000 0.0000000000000000 0.0000000000000000
1.0000000000000000 0.0000000000000000 0.0000000000000000
1.0000000000000000 0.0000000000000000 0.0000000000000000
1.0000000000000000 0.0000000000000000 0.0000000000000000
1.0000000000000000 0.0000000000000000 0.0000000000000000
1.0000000000000000 0.0000000000000000 0.0000000000000000
1.0000000000000000 0.0000000000000000 0.0000000000000000
1.0000000000000000 0.0000000000000000 0.0000000000000000
1.0000000000000000 0.0000000000000000 0.0000000000000000
1.0000000000000000 0.0000000000000000 0.0000000000000000
1.0000000000000000 0.0000000000000000 0.0000000000000000
1.0000000000000000 0.0000000000000000 0.0000000000000000
1.0000000000000000 0.0000000000000000 0.0000000000000000
1.0000000000000000 0.0000000000000000 0.0000000000000000
1.0000000000000000 0.0000000000000000 0.0000000000000000
1.0000000000000000 0.0000000000000000 0.0000000000000000
1.0000000000000000 0.0000000000000000 0.0000000000000000
1.0000000000000000 0.0000000000000000 0.0000000000000000
1.0000000000000000 0.0000000000000000 0.0000000000000000
1.0000000000000000 0.0000000000000000 0.0000000000000000
1.0000000000000000 0.0000000000000000 0.0000000000000000
1.0000000000000000 0.0000000000000000 0.0000000000000000
1.0000000000000000 0.0000000000000000 0.0000000000000000
1.0000000000000000 0.0000000000000000 0.0000000000000000
1.0000000000000000 0.0000000000000000 0.0000000000000000
1.0000000000000000 0.0000000000000000 0.0000000000000000
1.0000000000000000 0.0000000000000000 0.0000000000000000
1.0000000000000000 0.0000000000000000 0.0000000000000000
1.0000000000000000 0.0000000000000000 0.0000000000000000
1.0000000000000000 0.0000000000000000 0.0000000000000000
1.0000000000000000 0.0000000000000000 0.0000000000000000
1.0000000000000000 0.0000000000000000 0.0000000000000000
1.0000000000000000 0.0000000000000000 0.0000000000000000
1.0000000000000000 0.0000000000000000 0.0000000000000000
1.0000000000000000 0.0000000000000000 0.0000000000000000
1.0000000000000000 0.0000000000000000 0.0000000000000000
1.0000000000000000 0.0000000000000000 0.0000000000000000
1.0000000000000000 0.0000000000000000 0.0000000000000000
1.0000000000000000 0.0000000000000000 0.0000000000000000
1.0000000000000000 0.0000000000000000 0.0000000000000000
1.0000000000000000 0.0000000000000000 0.0000000000000000
1.0000000000000000 0.0000000000000000 0.0000000000000000
1.0000000000000000 0.0000000000000000 0.0000000000000000
1.0000000000000000 0.0000000000000000 0.0000000000000000
1.0000000000000000 0.0000000000000000 0.0000000000000000
1.0000000000000000 0.0000000000000000 0.0000000000000000
1.0000000000000000 0.0000000000000000 0.0000000000000000
1.0000000000000000 0.0000000000000000 0.0000000000000000
1.0000000000000000 0.0000000000000000 0.0000000000000000
1.0000000000000000 0.0000000000000000 0.0000000000000000
1.0000000000000000 0.0000000000000000 0.0000000000000000
1.0000000000000000 0.0000000000000000 0.0000000000000000
1.0000000000000000 0.0000000000000000 0.0000000000000000
1.0000000000000000 0.0000000000000000 0.0000000000000000
1.0000000000000000 0.0000000000000000 0.0000000000000000
1.0000000000000000 0.0000000000000000 0.0000000000000000
1.0000000000000000 0.0000000000000000 0.0000000000000000
1.0000000000000000 0.0000000000000000 0.0000000000000000
1.0000000000000000 0.0000000000000000 0.0000000000000000
1.0000000000000000 0.0000000000000000 0.0000000000000000
1.0000000000000000 0.0000000000000000 0.0000000000000000
1.0000000000000000 0.0000000000000000 0.0000000000000000
1.0000000000000000 0.0000000000000000 0.0000000000000000
1.0000000000000000 0.0000000000000000 0.0000000000000000
1.0000000000000000 0.0000000000000000 0.0000000000000000
1.0000000000000000 0.0000000000000000 0.0000000000000000
1.0000000000000000 0.0000000000000000 0.0000000000000000
1.0000000000000000 0.0000000000000000 0.0000000000000000
1.0000000000000000 0.0000000000000000 0.0000000000000000
1.0000000000000000 0.0000000000000000 0.0000000000000000
1.0000000000000000 0.0000000000000000 0.0000000000000000
1.0000000000000000 0.0000000000000000 0.0000000000000000
1.0000000000000000 0.0000000000000000 0.0000000000000000
1.0000000000000000 0.0000000000000000 0.0000000000000000
1.0000000000000000 0.0000000000000000 0.0000000000000000
1.0000000000000000 0.0000000000000000 0.0000000000000000
1.0000000000000000 0.0000000000000000 0.0000000000000000
1.0000000000000000 0.0000000000000000 0.0000000000000000
1.0000000000000000 0.0000000000000000 0.0000000000000000
1.0000000000000000 0.0000000000000000 0.0000000000000000
1.0000000000000000 0.0000000000000000 0.0000000000000000
1.0000000000000000 0.0000000000000000 0.0000000000000000
1.0000000000000000 0.0000000000000000 0.0000000000000000
1.0000000000000000 0.0000000000000000 0.0000000000000000
1.0000000000000000 0.0000000000000000 0.0000000000000000
1.0000000000000000 0.0000000000000000 0.0000000000000000
1.0000000000000000 0.0000000000000000 0.0000000000000000
1.0000000000000000 0.0000000000000000 0.0000000000000000
1.0000000000000000 0.0000000000000000 0.0000000000000000
1.0000000000000000 0.0000000000000000 0.0000000000000000
1.0000000000000000 0.0000000000000000 0.0000000000000000
1.0000000000000000 0.0000000000000000 0.0000000000000000
1.0000000000000000 0.0000000000000000 0.0000000000000000
1.0000000000000000 0.0000000000000000 0.0000000000000000
1.0000000000000000 0.0000000000000000 0.0000000000000000
1.0000000000000000 0.0000000000000000 0.0000000000000000
1.0000000000000000 0.0000000000000000 0.0000000000000000
1.0000000000000000 0.0000000000000000 0.0000000000000000
1.0000000000000000 0.0000000000000000 0.0000000000000000
1.0000000000000000 0.0000000000000000 0.0000000000000000
1.0000000000000000 0.0000000000000000 0.0000000000000000
1.0000000000000000 0.0000000000000000 0.0000000000000000
1.0000000000000000 0.0000000000000000 0.0000000000000000
1.0000000000000000 0.0000000000000000 0.0000000000000000
1.0000000000000000 0.0000000000000000 0.0000000000000000
1.0000000000000000 0.0000000000000000 0.0000000000000000
1.0000000000000000 0.0000000000000000 0.0000000000000000
1.0000000000000000 0.0000000000000000 0.0000000000000000
1.0000000000000000 0.0000000000000000 0.0000000000000000
1.0000000000000000 0.0000000000000000 0.0000000000000000
1.0000000000000000 0.0000000000000000 0.0000000000000000
1.0000000000000000 0.0000000000000000 0.0000000000000000
1.0000000000000000 0.0000000000000000 0.0000000000000000
1.0000000000000000 0.0000000000000000 0.0000000000000000
1.0000000000000000 0.0000000000000000 0.0000000000000000
1.0000000000000000 0.0000000000000000 0.0000000000000000
1.0000000000000000 0.0000000000000000 0.0000000000000000
1.0000000000000000 0.0000000000000000 0.0000000000000000
1.0000000000000000 0.0000000000000000 0.0000000000000000
1.0000000000000000 0.0000000000000000 0.0000000000000000
1.0000000000000000 0.0000000000000000 0.0000000000000000
1.0000000000000000 0.0000000000000000 0.0000000000000000
1.0000000000000000 0.0000000000000000 0.0000000000000000
1.0000000000000000 0.0000000000000000 0.0000000000000000
1.0000000000000000 0.0000000000000000 0.0000000000000000
1.0000000000000000 0.0000000000000000 0.0000000000000000
1.0000000000000000 0.0000000000000000 0.0000000000000000
1.0000000000000000 0.0000000000000000 0.0000000000000000
1.0000000000000000 0.0000000000000000 0.0000000000000000
1.0000000000000000 0.0000000000000000 0.0000000000000000
1.0000000000000000 0.0000000000000000 0.0000000000000000
1.0000000000000000 0.0000000000000000 0.0000000000000000
1.0000000000000000 0.0000000000000000 0.0000000000000000
1.0000000000000000 0.0000000000000000 0.0000000000000000
1.0000000000000000 0.0000000000000000 0.0000000000000000
1.0000000000000000 0.0000000000000000 0.0000000000000000
1.0000000000000000 0.0000000000000000 0.0000000000000000
1.0000000000000000 0.0000000000000000 0.0000000000000000
1.0000000000000000 0.0000000000000000 0.0000000000000000
1.0000000000000000 0.0000000000000000 0.0000000000000000
1.0000000000000000 0.0000000000000000 0.0000000000000000
1.0000000000000000 0.0000000000000000 0.0000000000000000
1.0000000000000000 0.0000000000000000 0.0000000000000000
1.0000000000000000 0.0000000000000000 0.0000000000000000
1.0000000000000000 0.0000000000000000 0.0000000000000000
1.0000000000000000 0.0000000000000000 0.0000000000000000
1.0000000000000000 0.0000000000000000 0.0000000000000000
1.0000000000000000 0.0000000000000000 0.0000000000000000
1.0000000000000000 0.0000000000000000 0.0000000000000000
1.0000000000000000 0.0000000000000000 0.0000000000000000
1.0000000000000000 0.0000000000000000 0.0000000000000000
1.0000000000000000 0.0000000000000000 0.0000000000000000
1.0000000000000000 0.0000000000000000 0.0000000000000000
1.0000000000000000 0.0000000000000000 0.0000000000000000
1.0000000000000000 0.0000000000000000 0.0000000000000000
1.0000000000000000 0.0000000000000000 0.0000000000000000
1.0000000000000000 0.0000000000000000 0.0000000000000000
1.0000000000000000 0.0000000000000000 0.0000000000000000
1.0000000000000000 0.0000000000000000 0.0000000000000000
1.0000000000000000 0.0000000000000000 0.0000000000000000
1.0000000000000000 0.0000000000000000 0.0000000000000000
1.0000000000000000 0.0000000000000000 0.0000000000000000
1.0000000000000000 0.0000000000000000 0.0000000000000000
1.0000000000000000 0.0000000000000000 0.0000000000000000
1.0000000000000000 0.0000000000000000 0.0000000000000000
1.0000000000000000 0.0000000000000000 0.0000000000000000
1.0000000000000000 0.0000000000000000 0.0000000000000000
1.0000000000000000 0.0000000000000000 0.0000000000000000
1.0000000000000000 0.0000000000000000 0.0000000000000000
1.0000000000000000 0.0000000000000000 0.0000000000000000
1.0000000000000000 0.0000000000000000 0.0000000000000000
1.0000000000000000 0.0000000000000000 0.0000000000000000
1.0000000000000000 0.0000000000000000 0.0000000000000000
1.0000000000000000 0.0000000000000000 0.0000000000000000
1.0000000000000000 0.0000000000000000 0.0000000000000000
1.0000000000000000 0.0000000000000000 0.0000000000000000
1.0000000000000000 0.0000000000000000 0.0000000000000000
1.0000000000000000 0.0000000000000000 0.0000000000000000
1.0000000000000000 0.0000000000000000 0.0000000000000000
1.0000000000000000 0.0000000000000000 0.0000000000000000
1.0000000000000000 0.0000000000000000 0.0000000000000000
1.0000000000000000 0.0000000000000000 0.0000000000000000
1.0000000000000000 0.0000000000000000 0.0000000000000000
1.0000000000000000 0.0000000000000000 0.0000000000000000
1.0000000000000000 0.0000000000000000 0.0000000000000000
1.0000000000000000 0.0000000000000000 0.0000000000000000
1.0000000000000000 0.0000000000000000 0.0000000000000000
1.0000000000000000 0.0000000000000000 0.0000000000000000
1.0000000000000000 0.0000000000000000 0.0000000000000000
1.0000000000000000 0.0000000000000000 0.0000000000000000
1.0000000000000000 0.0000000000000000 0.0000000000000000
1.0000000000000000 0.0000000000000000 0.0000000000000000
1.0000000000000000 0.0000000000000000 0.0000000000000000
1.0000000000000000 0.0000000000000000 0.0000000000000000
1.0000000000000000 0.0000000000000000 0.0000000000000000
1.0000000000000000 0.0000000000000000 0.0000000000000000
1.0000000000000000 0.0000000000000000 0.0000000000000000
1.0000000000000000 0.0000000000000000 0.0000000000000000
1.0000000000000000 0.0000000000000000 0.0000000000000000
1.0000000000000000 0.0000000000000000 0.0000000000000000
1.0000000000000000 0.0000000000000000 0.0000000000000000
1.0000000000000000 0.0000000000000000 0.0000000000000000
1.0000000000000000 0.0000000000000000 0.0000000000000000
1.0000000000000000 0.0000000000000000 0.0000000000000000
1.0000000000000000 0.0000000000000000 0.0000000000000000
1.0000000000000000 0.0000000000000000 0.0000000000000000
1.0000000000000000 0.0000000000000000 0.0000000000000000
1.0000000000000000 0.0000000000000000 0.0000000000000000
1.0000000000000000 0.0000000000000000 0.0000000000000000
1.0000000000000000 0.0000000000000000 0.0000000000000000
1.0000000000000000 0.0000000000000000 0.0000000000000000
1.0000000000000000 0.0000000000000000 0.0000000000000000
1.0000000000000000 0.0000000000000000 0.0000000000000000
1.0000000000000000 0.0000000000000000 0.0000000000000000
1.0000000000000000 0.0000000000000000 0.0000000000000000
1.0000000000000000 0.0000000000000000 0.0000000000000000
1.0000000000000000 0.0000000000000000 0.0000000000000000
1.0000000000000000 0.0000000000000000 0.0000000000000000
1.0000000000000000 0.0000000000000000 0.0000000000000000
1.0000000000000000 0.0000000000000000 0.0000000000000000
1.0000000000000000 0.0000000000000000 0.0000000000000000
1.0000000000000000 0.0000000000000000 0.0000000000000000
1.0000000000000000 0.0000000000000000 0.0000000000000000
1.0000000000000000 0.0000000000000000 0.0000000000000000
1.0000000000000000 0.0000000000000000 0.0000000000000000
1.0000000000000000 0.0000000000000000 0.0000000000000000
1.0000000000000000 0.0000000000000000 0.0000000000000000
1.0000000000000000 0.0000000000000000 0.0000000000000000
1.0000000000000000 0.0000000000000000 0.0000000000000000
1.0000000000000000 0.0000000000000000 0.0000000000000000
1.0000000000000000 0.0000000000000000 0.0000000000000000
1.0000000000000000 0.0000000000000000 0.0000000000000000
1.0000000000000000 0.0000000000000000 0.0000000000000000
1.0000000000000000 0.0000000000000000 0.0000000000000000
1.0000000000000000 0.0000000000000000 0.0000000000000000
1.0000000000000000 0.0000000000000000 0.0000000000000000
1.0000000000000000 0.0000000000000000 0.0000000000000000
1.0000000000000000 0.0000000000000000 0.0000000000000000
1.0000000000000000 0.0000000000000000 0.0000000000000000
1.0000000000000000 0.0000000000000000 0.0000000000000000
1.0000000000000000 0.0000000000000000 0.0000000000000000
1.0000000000000000 0.0000000000000000 0.0000000000000000
1.0000000000000000 0.0000000000000000 0.0000000000000000
1.0000000000000000 0.0000000000000000 0.0000000000000000
1.0000000000000000 0.0000000000000000 0.0000000000000000
1.0000000000000000 0.0000000000000000 0.0000000000000000
1.0000000000000000 0.0000000000000000 0.0000000000000000
1.0000000000000000 0.0000000000000000 0.0000000000000000
1.0000000000000000 0.0000000000000000 0.0000000000000000
1.0000000000000000 0.0000000000000000 0.0000000000000000
1.0000000000000000 0.0000000000000000 0.0000000000000000
1.0000000000000000 0.0000000000000000 0.0000000000000000
1.0000000000000000 0.0000000000000000 0.0000000000000000
1.0000000000000000 0.0000000000000000 0.0000000000000000
1.0000000000000000 0.0000000000000000 0.0000000000000000
1.0000000000000000 0.0000000000000000 0.0000000000000000
1.0000000000000000 0.0000000000000000 0.0000000000000000
1.0000000000000000 0.0000000000000000 0.0000000000000000
1.0000000000000000 0.0000000000000000 0.0000000000000000
1.0000000000000000 0.0000000000000000 0.0000000000000000
1.0000000000000000 0.0000000000000000 0.0000000000000000
1.0000000000000000 0.0000000000000000 0.0000000000000000
1.0000000000000000 0.0000000000000000 0.0000000000000000
1.0000000000000000 0.0000000000000000 0.0000000000000000
1.0000000000000000 0.0000000000000000 0.0000000000000000
1.0000000000000000 0.0000000000000000 0.0000000000000000
1.0000000000000000 0.0000000000000000 0.0000000000000000
1.0000000000000000 0.0000000000000000 0.0000000000000000
1.0000000000000000 0.0000000000000000 0.0000000000000000
1.0000000000000000 0.0000000000000000 0.0000000000000000
1.0000000000000000 0.0000000000000000 0.0000000000000000
1.0000000000000000 0.0000000000000000 0.0000000000000000
1.0000000000000000 0.0000000000000000 0.0000000000000000
1.0000000000000000 0.0000000000000000 0.0000000000000000
1.0000000000000000 0.0000000000000000 0.0000000000000000
1.0000000000000000 0.0000000000000000 0.0000000000000000
1.0000000000000000 0.0000000000000000 0.0000000000000000
1.0000000000000000 0.0000000000000000 0.0000000000000000
1.0000000000000000 0.0000000000000000 0.0000000000000000
1.0000000000000000 0.0000000000000000 0.0000000000000000
1.0000000000000000 0.0000000000000000 0.0000000000000000
1.0000000000000000 0.0000000000000000 0.0000000000000000
1.0000000000000000 0.0000000000000000 0.0000000000000000
1.0000000000000000 0.0000000000000000 0.0000000000000000
1.0000000000000000 0.0000000000000000 0.0000000000000000
1.0000000000000000 0.0000000000000000 0.0000000000000000
1.0000000000000000 0.0000000000000000 0.0000000000000000
1.0000000000000000 0.0000000000000000 0.0000000000000000
1.0000000000000000 0.0000000000000000 0.0000000000000000
1.0000000000000000 0.0000000000000000 0.0000000000000000
1.0000000000000000 0.0000000000000000 0.0000000000000000
1.0000000000000000 0.0000000000000000 0.0000000000000000
1.0000000000000000 0.0000000000000000 0.0000000000000000
1.0000000000000000 0.0000000000000000 0.0000000000000000
1.0000000000000000 0.0000000000000000 0.0000000000000000
1.0000000000000000 0.0000000000000000 0.0000000000000000
1.0000000000000000 0.0000000000000000 0.0000000000000000
1.0000000000000000 0.0000000000000000 0.0000000000000000
1.0000000000000000 0.0000000000000000 0.0000000000000000
1.0000000000000000 0.0000000000000000 0.0000000000000000
1.0000000000000000 0.0000000000000000 0.0000000000000000
1.0000000000000000 0.0000000000000000 0.0000000000000000
1.0000000000000000 0.0000000000000000 0.0000000000000000
1.0000000000000000 0.0000000000000000 0.0000000000000000
1.0000000000000000 0.0000000000000000 0.0000000000000000
1.0000000000000000 0.0000000000000000 0.0000000000000000
1.0000000000000000 0.0000000000000000 0.0000000000000000
1.0000000000000000 0.0000000000000000 0.0000000000000000
1.0000000000000000 0.0000000000000000 0.0000000000000000
1.0000000000000000 0.0000000000000000 0.0000000000000000
1.0000000000000000 0.0000000000000000 0.0000000000000000
1.0000000000000000 0.0000000000000000 0.0000000000000000
1.0000000000000000 0.0000000000000000 0.0000000000000000
1.0000000000000000 0.0000000000000000 0.0000000000000000
1.0000000000000000 0.0000000000000000 0.0000000000000000
1.0000000000000000 0.0000000000000000 0.0000000000000000
1.0000000000000000 0.0000000000000000 0.0000000000000000
1.0000000000000000 0.0000000000000000 0.0000000000000000
1.0000000000000000 0.0000000000000000 0.0000000000000000
1.0000000000000000 0.0000000000000000 0.0000000000000000
1.0000000000000000 0.0000000000000000 0.0000000000000000
1.0000000000000000 0.0000000000000000 0.0000000000000000
1.0000000000000000 0.0000000000000000 0.0000000000000000
1.0000000000000000 0.0000000000000000 0.0000000000000000
1.0000000000000000 0.0000000000000000 0.0000000000000000
1.0000000000000000 0.0000000000000000 0.0000000000000000
1.0000000000000000 0.0000000000000000 0.0000000000000000
1.0000000000000000 0.0000000000000000 0.0000000000000000
1.0000000000000000 0.0000000000000000 0.0000000000000000
1.0000000000000000 0.0000000000000000 0.0000000000000000
1.0000000000000000 0.0000000000000000 0.0000000000000000
1.0000000000000000 0.0000000000000000 0.0000000000000000
1.0000000000000000 0.0000000000000000 0.0000000000000000
1.0000000000000000 0.0000000000000000 0.0000000000000000
1.0000000000000000 0.0000000000000000 0.0000000000000000
1.0000000000000000 0.0000000000000000 0.0000000000000000
1.0000000000000000 0.0000000000000000 0.0000000000000000
1.0000000000000000 0.0000000000000000 0.0000000000000000
1.0000000000000000 0.0000000000000000 0.0000000000000000
1.0000000000000000 0.0000000000000000 0.0000000000000000
1.0000000000000000 0.0000000000000000 0.0000000000000000
1.0000000000000000 0.0000000000000000 0.0000000000000000
1.0000000000000000 0.0000000000000000 0.0000000000000000
1.0000000000000000 0.0000000000000000 0.0000000000000000
1.0000000000000000 0.0000000000000000 0.0000000000000000
1.0000000000000000 0.0000000000000000 0.0000000000000000
1.0000000000000000 0.0000000000000000 0.0000000000000000
1.0000000000000000 0.0000000000000000 0.0000000000000000
1.0000000000000000 0.0000000000000000 0.0000000000000000
1.0000000000000000 0.0000000000000000 0.0000000000000000
1.0000000000000000 0.0000000000000000 0.0000000000000000
1.0000000000000000 0.0000000000000000 0.0000000000000000
1.0000000000000000 0.0000000000000000 0.0000000000000000
1.0000000000000000 0.0000000000000000 0.0000000000000000
1.0000000000000000 0.0000000000000000 0.0000000000000000
1.0000000000000000 0.0000000000000000 0.0000000000000000
1.0000000000000000 0.0000000000000000 0.0000000000000000
1.0000000000000000 0.0000000000000000 0.0000000000000000
1.0000000000000000 0.0000000000000000 0.0000000000000000
1.0000000000000000 0.0000000000000000 0.0000000000000000
1.0000000000000000 0.0000000000000000 0.0000000000000000
1.0000000000000000 0.0000000000000000 0.0000000000000000
1.0000000000000000 0.0000000000000000 0.0000000000000000
1.0000000000000000 0.0000000000000000 0.0000000000000000
1.0000000000000000 0.0000000000000000 0.0000000000000000
1.0000000000000000 0.0000000000000000 0.0000000000000000
1.0000000000000000 0.0000000000000000 0.0000000000000000
1.0000000000000000 0.0000000000000000 0.0000000000000000
1.0000000000000000 0.0000000000000000 0.0000000000000000
1.0000000000000000 0.0000000000000000 0.0000000000000000
1.0000000000000000 0.0000000000000000 0.0000000000000000
1.0000000000000000 0.0000000000000000 0.0000000000000000
1.0000000000000000 0.0000000000000000 0.0000000000000000
1.0000000000000000 0.0000000000000000 0.0000000000000000
1.0000000000000000 0.0000000000000000 0.0000000000000000
1.0000000000000000 0.0000000000000000 0.0000000000000000
1.0000000000000000 0.0000000000000000 0.0000000000000000
1.0000000000000000 0.0000000000000000 0.0000000000000000
1.0000000000000000 0.0000000000000000 0.0000000000000000
1.0000000000000000 0.0000000000000000 0.0000000000000000
1.0000000000000000 0.0000000000000000 0.0000000000000000
1.0000000000000000 0.0000000000000000 0.0000000000000000
1.0000000000000000 0.0000000000000000 0.0000000000000000
1.0000000000000000 0.0000000000000000 0.0000000000000000
1.0000000000000000 0.0000000000000000 0.0000000000000000
1.0000000000000000 0.0000000000000000 0.0000000000000000
1.0000000000000000 0.0000000000000000 0.0000000000000000
1.0000000000000000 0.0000000000000000 0.0000000000000000
1.0000000000000000 0.0000000000000000 0.0000000000000000
1.0000000000000000 0.0000000000000000 0.0000000000000000
1.0000000000000000 0.0000000000000000 0.0000000000000000
1.0000000000000000 0.0000000000000000 0.0000000000000000
1.0000000000000000 0.0000000000000000 0.0000000000000000
1.0000000000000000 0.0000000000000000 0.0000000000000000
1.0000000000000000 0.0000000000000000 0.0000000000000000
1.0000000000000000 0.0000000000000000 0.0000000000000000
1.0000000000000000 0.0000000000000000 0.0000000000000000
1.0000000000000000 0.0000000000000000 0.0000000000000000
1.0000000000000000 0.0000000000000000 0.0000000000000000
1.0000000000000000 0.0000000000000000 0.0000000000000000
1.0000000000000000 0.0000000000000000 0.0000000000000000
1.0000000000000000 0.0000000000000000 0.0000000000000000
1.0000000000000000 0.0000000000000000 0.0000000000000000
1.0000000000000000 0.0000000000000000 0.0000000000000000
1.0000000000000000 0.0000000000000000 0.0000000000000000
1.0000000000000000 0.0000000000000000 0.0000000000000000
1.0000000000000000 0.0000000000000000 0.0000000000000000
1.0000000000000000 0.0000000000000000 0.0000000000000000
1.0000000000000000 0.0000000000000000 0.0000000000000000
1.0000000000000000 0.0000000000000000 0.0000000000000000
1.0000000000000000 0.0000000000000000 0.0000000000000000
1.0000000000000000 0.0000000000000000 0.0000000000000000
1.0000000000000000 0.0000000000000000 0.0000000000000000
1.0000000000000000 0.0000000000000000 0.0000000000000000
1.0000000000000000 0.0000000000000000 0.0000000000000000
1.0000000000000000 0.0000000000000000 0.0000000000000000
1.0000000000000000 0.0000000000000000 0.0000000000000000
1.0000000000000000 0.0000000000000000 0.0000000000000000
1.0000000000000000 0.0000000000000000 0.0000000000000000
1.0000000000000000 0.0000000000000000 0.0000000000000000
1.0000000000000000 0.0000000000000000 0.0000000000000000
1.0000000000000000 0.0000000000000000 0.0000000000000000
1.0000000000000000 0.0000000000000000 0.0000000000000000
1.0000000000000000 0.0000000000000000 0.0000000000000000
1.0000000000000000 0.0000000000000000 0.0000000000000000
1.0000000000000000 0.0000000000000000 0.0000000000000000
1.0000000000000000 0.0000000000000000 0.0000000000000000
1.0000000000000000 0.0000000000000000 0.0000000000000000
1.0000000000000000 0.0000000000000000 0.0000000000000000
1.0000000000000000 0.0000000000000000 0.0000000000000000
1.0000000000000000 0.0000000000000000 0.0000000000000000
1.0000000000000000 0.0000000000000000 0.0000000000000000
1.0000000000000000 0.0000000000000000 0.0000000000000000
1.0000000000000000 0.0000000000000000 0.0000000000000000
1.0000000000000000 0.0000000000000000 0.0000000000000000
1.0000000000000000 0.0000000000000000 0.0000000000000000
1.0000000000000000 0.0000000000000000 0.0000000000000000
1.0000000000000000 0.0000000000000000 0.0000000000000000
1.0000000000000000 0.0000000000000000 0.0000000000000000
1.0000000000000000 0.0000000000000000 0.0000000000000000
1.0000000000000000 0.0000000000000000 0.0000000000000000
1.0000000000000000 0.0000000000000000 0.0000000000000000
1.0000000000000000 0.0000000000000000 0.0000000000000000
1.0000000000000000 0.0000000000000000 0.0000000000000000
1.0000000000000000 0.0000000000000000 0.0000000000000000
1.0000000000000000 0.0000000000000000 0.0000000000000000
1.0000000000000000 0.0000000000000000 0.0000000000000000
1.0000000000000000 0.0000000000000000 0.0000000000000000
1.0000000000000000 0.0000000000000000 0.0000000000000000
1.0000000000000000 0.0000000000000000 0.0000000000000000
1.0000000000000000 0.0000000000000000 0.0000000000000000
1.0000000000000000 0.0000000000000000 0.0000000000000000
1.0000000000000000 0.0000000000000000 0.0000000000000000
1.0000000000000000 0.0000000000000000 0.0000000000000000
1.0000000000000000 0.0000000000000000 0.0000000000000000
1.0000000000000000 0.0000000000000000 0.0000000000000000
1.0000000000000000 0.0000000000000000 0.0000000000000000
1.0000000000000000 0.0000000000000000 0.0000000000000000
1.0000000000000000 0.0000000000000000 0.0000000000000000
1.0000000000000000 0.0000000000000000 0.0000000000000000
1.0000000000000000 0.0000000000000000 0.0000000000000000
1.0000000000000000 0.0000000000000000 0.0000000000000000
1.0000000000000000 0.0000000000000000 0.0000000000000000
1.0000000000000000 0.0000000000000000 0.0000000000000000
1.0000000000000000 0.0000000000000000 0.0000000000000000
1.0000000000000000 0.0000000000000000 0.0000000000000000
1.0000000000000000 0.0000000000000000 0.0000000000000000
1.0000000000000000 0.0000000000000000 0.0000000000000000
1.0000000000000000 0.0000000000000000 0.0000000000000000
1.0000000000000000 0.0000000000000000 0.0000000000000000
1.0000000000000000 0.0000000000000000 0.0000000000000000
1.0000000000000000 0.0000000000000000 0.0000000000000000
1.0000000000000000 0.0000000000000000 0.0000000000000000
1.0000000000000000 0.0000000000000000 0.0000000000000000
1.0000000000000000 0.0000000000000000 0.0000000000000000
1.0000000000000000 0.0000000000000000 0.0000000000000000
1.0000000000000000 0.0000000000000000 0.0000000000000000
1.0000000000000000 0.0000000000000000 0.0000000000000000
1.0000000000000000 0.0000000000000000 0.0000000000000000
1.0000000000000000 0.0000000000000000 0.0000000000000000
1.0000000000000000 0.0000000000000000 0.0000000000000000
1.0000000000000000 0.0000000000000000 0.0000000000000000
1.0000000000000000 0.0000000000000000 0.0000000000000000
1.0000000000000000 0.0000000000000000 0.0000000000000000
1.0000000000000000 0.0000000000000000 0.0000000000000000
1.0000000000000000 0.0000000000000000 0.0000000000000000
1.0000000000000000 0.0000000000000000 0.0000000000000000
1.0000000000000000 0.0000000000000000 0.0000000000000000
1.0000000000000000 0.0000000000000000 0.0000000000000000
1.0000000000000000 0.0000000000000000 0.0000000000000000
1.0000000000000000 0.0000000000000000 0.0000000000000000
1.0000000000000000 0.0000000000000000 0.0000000000000000
1.0000000000000000 0.0000000000000000 0.0000000000000000
1.0000000000000000 0.0000000000000000 0.0000000000000000
1.0000000000000000 0.0000000000000000 0.0000000000000000
1.0000000000000000 0.0000000000000000 0.0000000000000000
1.0000000000000000 0.0000000000000000 0.0000000000000000
1.0000000000000000 0.0000000000000000 0.0000000000000000
1.0000000000000000 0.0000000000000000 0.0000000000000000
1.0000000000000000 0.0000000000000000 0.0000000000000000
1.0000000000000000 0.0000000000000000 0.0000000000000000
1.0000000000000000 0.0000000000000000 0.0000000000000000
1.0000000000000000 0.0000000000000000 0.0000000000000000
1.0000000000000000 0.0000000000000000 0.0000000000000000
1.0000000000000000 0.0000000000000000 0.0000000000000000
1.0000000000000000 0.0000000000000000 0.0000000000000000
1.0000000000000000 0.0000000000000000 0.0000000000000000
1.0000000000000000 0.0000000000000000 0.0000000000000000
1.0000000000000000 0.0000000000000000 0.0000000000000000
1.0000000000000000 0.0000000000000000 0.0000000000000000

SCALARS f:fiber_s double 3
LOOKUP_TABLE default
0.0000000000000001 1.0000000000000000 0.0000000000000000
0.0000000000000001 1.0000000000000000 0.0000000000000000
0.0000000000000001 1.0000000000000000 0.0000000000000000
0.0000000000000001 1.0000000000000000 0.0000000000000000
0.0000000000000001 1.0000000000000000 0.0000000000000000
0.0000000000000001 1.0000000000000000 0.0000000000000000
0.0000000000000001 1.0000000000000000 0.0000000000000000
0.0000000000000001 1.0000000000000000 0.0000000000000000
0.0000000000000001 1.0000000000000000 0.0000000000000000
0.0000000000000001 1.0000000000000000 0.0000000000000000
0.0000000000000001 1.0000000000000000 0.0000000000000000
0.0000000000000001 1.0000000000000000 0.0000000000000000
0.0000000000000001 1.0000000000000000 0.0000000000000000
0.0000000000000001 1.0000000000000000 0.0000000000000000
0.0000000000000001 1.0000000000000000 0.0000000000000000
0.0000000000000001 1.0000000000000000 0.0000000000000000
0.0000000000000001 1.0000000000000000 0.0000000000000000
0.0000000000000001 1.0000000000000000 0.0000000000000000
0.0000000000000001 1.0000000000000000 0.0000000000000000
0.0000000000000001 1.0000000000000000 0.0000000000000000
0.0000000000000001 1.0000000000000000 0.0000000000000000
0.0000000000000001 1.0000000000000000 0.0000000000000000
0.0000000000000001 1.0000000000000000 0.0000000000000000
0.0000000000000001 1.0000000000000000 0.0000000000000000
0.0000000000000001 1.0000000000000000 0.0000000000000000
0.0000000000000001 1.0000000000000000 0.0000000000000000
0.0000000000000001 1.0000000000000000 0.0000000000000000
0.0000000000000001 1.0000000000000000 0.0000000000000000
0.0000000000000001 1.0000000000000000 0.0000000000000000
0.0000000000000001 1.0000000000000000 0.0000000000000000
0.0000000000000001 1.0000000000000000 0.0000000000000000
0.0000000000000001 1.0000000000000000 0.0000000000000000
0.0000000000000001 1.0000000000000000 0.0000000000000000
0.0000000000000001 1.0000000000000000 0.0000000000000000
0.0000000000000001 1.0000000000000000 0.0000000000000000
0.0000000000000001 1.0000000000000000 0.0000000000000000
0.0000000000000001 1.0000000000000000 0.0000000000000000
0.0000000000000001 1.0000000000000000 0.0000000000000000
0.0000000000000001 1.0000000000000000 0.0000000000000000
0.0000000000000001 1.0000000000000000 0.0000000000000000
0.0000000000000001 1.0000000000000000 0.0000000000000000
0.0000000000000001 1.0000000000000000 0.0000000000000000
0.0000000000000001 1.0000000000000000 0.0000000000000000
0.0000000000000001 1.0000000000000000 0.0000000000000000
0.0000000000000001 1.0000000000000000 0.0000000000000000
0.0000000000000001 1.0000000000000000 0.0000000000000000
0.0000000000000001 1.0000000000000000 0.0000000000000000
0.0000000000000001 1.0000000000000000 0.0000000000000000
0.0000000000000001 1.0000000000000000 0.0000000000000000
0.0000000000000001 1.0000000000000000 0.0000000000000000
0.0000000000000001 1.0000000000000000 0.0000000000000000
0.0000000000000001 1.0000000000000000 0.0000000000000000
0.0000000000000001 1.0000000000000000 0.0000000000000000
0.0000000000000001 1.0000000000000000 0.0000000000000000
0.0000000000000001 1.0000000000000000 0.0000000000000000
0.0000000000000001 1.0000000000000000 0.0000000000000000
0.0000000000000001 1.0000000000000000 0.0000000000000000
0.0000000000000001 1.0000000000000000 0.0000000000000000
0.0000000000000001 1.0000000000000000 0.0000000000000000
0.0000000000000001 1.0000000000000000 0.0000000000000000
0.0000000000000001 1.0000000000000000 0.0000000000000000
0.0000000000000001 1.0000000000000000 0.0000000000000000
0.0000000000000001 1.0000000000000000 0.0000000000000000
0.0000000000000001 1.0000000000000000 0.0000000000000000
0.0000000000000001 1.0000000000000000 0.0000000000000000
0.0000000000000001 1.0000000000000000 0.0000000000000000
0.0000000000000001 1.0000000000000000 0.0000000000000000
0.0000000000000001 1.0000000000000000 0.0000000000000000
0.0000000000000001 1.0000000000000000 0.0000000000000000
0.0000000000000001 1.0000000000000000 0.0000000000000000
0.0000000000000001 1.0000000000000000 0.0000000000000000
0.0000000000000001 1.0000000000000000 0.0000000000000000
0.0000000000000001 1.0000000000000000 0.0000000000000000
0.0000000000000001 1.0000000000000000 0.0000000000000000
0.0000000000000001 1.0000000000000000 0.0000000000000000
0.0000000000000001 1.0000000000000000 0.0000000000000000
0.0000000000000001 1.0000000000000000 0.0000000000000000
0.0000000000000001 1.0000000000000000 0.0000000000000000
0.0000000000000001 1.0000000000000000 0.0000000000000000
0.0000000000000001 1.0000000000000000 0.0000000000000000
0.0000000000000001 1.0000000000000000 0.0000000000000000
0.0000000000000001 1.0000000000000000 0.0000000000000000
0.0000000000000001 1.0000000000000000 0.0000000000000000
0.0000000000000001 1.0000000000000000 0.0000000000000000
0.0000000000000001 1.0000000000000000 0.0000000000000000
0.0000000000000001 1.0000000000000000 0.0000000000000000
0.0000000000000001 1.0000000000000000 0.0000000000000000
0.0000000000000001 1.0000000000000000 0.0000000000000000
0.0000000000000001 1.0000000000000000 0.0000000000000000
0.0000000000000001 1.0000000000000000 0.0000000000000000
0.0000000000000001 1.0000000000000000 0.0000000000000000
0.0000000000000001 1.0000000000000000 0.0000000000000000
0.0000000000000001 1.0000000000000000 0.0000000000000000
0.0000000000000001 1.0000000000000000 0.0000000000000000
0.0000000000000001 1.0000000000000000 0.0000000000000000
0.0000000000000001 1.0000000000000000 0.0000000000000000
0.0000000000000001 1.0000000000000000 0.0000000000000000
0.0000000000000001 1.0000000000000000 0.0000000000000000
0.0000000000000001 1.0000000000000000 0.0000000000000000
0.0000000000000001 1.0000000000000000 0.0000000000000000
0.0000000000000001 1.0000000000000000 0.0000000000000000
0.0000000000000001 1.0000000000000000 0.0000000000000000
0.0000000000000001 1.0000000000000000 0.0000000000000000
0.0000000000000001 1.0000000000000000 0.0000000000000000
0.0000000000000001 1.0000000000000000 0.0000000000000000
0.0000000000000001 1.0000000000000000 0.0000000000000000
0.0000000000000001 1.0000000000000000 0.0000000000000000
0.0000000000000001 1.0000000000000000 0.0000000000000000
0.0000000000000001 1.0000000000000000 0.0000000000000000
0.0000000000000001 1.0000000000000000 0.0000000000000000
0.0000000000000001 1.0000000000000000 0.0000000000000000
0.0000000000000001 1.0000000000000000 0.0000000000000000
0.0000000000000001 1.0000000000000000 0.0000000000000000
0.0000000000000001 1.0000000000000000 0.0000000000000000
0.0000000000000001 1.0000000000000000 0.0000000000000000
0.0000000000000001 1.0000000000000000 0.0000000000000000
0.0000000000000001 1.0000000000000000 0.0000000000000000
0.0000000000000001 1.0000000000000000 0.0000000000000000
0.0000000000000001 1.0000000000000000 0.0000000000000000
0.0000000000000001 1.0000000000000000 0.0000000000000000
0.0000000000000001 1.0000000000000000 0.0000000000000000
0.0000000000000001 1.0000000000000000 0.0000000000000000
0.0000000000000001 1.0000000000000000 0.0000000000000000
0.0000000000000001 1.0000000000000000 0.0000000000000000
0.0000000000000001 1.0000000000000000 0.0000000000000000
0.0000000000000001 1.0000000000000000 0.0000000000000000
0.0000000000000001 1.0000000000000000 0.0000000000000000
0.0000000000000001 1.0000000000000000 0.0000000000000000
0.0000000000000001 1.0000000000000000 0.0000000000000000
0.0000000000000001 1.0000000000000000 0.0000000000000000
0.0000000000000001 1.0000000000000000 0.0000000000000000
0.0000000000000001 1.0000000000000000 0.0000000000000000
0.0000000000000001 1.0000000000000000 0.0000000000000000
0.0000000000000001 1.0000000000000000 0.0000000000000000
0.0000000000000001 1.0000000000000000 0.0000000000000000
0.0000000000000001 1.0000000000000000 0.0000000000000000
0.0000000000000001 1.0000000000000000 0.0000000000000000
0.0000000000000001 1.0000000000000000 0.0000000000000000
0.0000000000000001 1.0000000000000000 0.0000000000000000
0.0000000000000001 1.0000000000000000 0.0000000000000000
0.0000000000000001 1.0000000000000000 0.0000000000000000
0.0000000000000001 1.0000000000000000 0.0000000000000000
0.0000000000000001 1.0000000000000000 0.0000000000000000
0.0000000000000001 1.0000000000000000 0.0000000000000000
0.0000000000000001 1.0000000000000000 0.0000000000000000
0.0000000000000001 1.0000000000000000 0.0000000000000000
0.0000000000000001 1.0000000000000000 0.0000000000000000
0.0000000000000001 1.0000000000000000 0.0000000000000000
0.0000000000000001 1.0000000000000000 0.0000000000000000
0.0000000000000001 1.0000000000000000 0.0000000000000000
0.0000000000000001 1.0000000000000000 0.0000000000000000
0.0000000000000001 1.0000000000000000 0.0000000000000000
0.0000000000000001 1.0000000000000000 0.0000000000000000
0.0000000000000001 1.0000000000000000 0.0000000000000000
0.0000000000000001 1.0000000000000000 0.0000000000000000
0.0000000000000001 1.0000000000000000 0.0000000000000000
0.0000000000000001 1.0000000000000000 0.0000000000000000
0.0000000000000001 1.0000000000000000 0.0000000000000000
0.0000000000000001 1.0000000000000000 0.0000000000000000
0.0000000000000001 1.0000000000000000 0.0000000000000000
0.0000000000000001 1.0000000000000000 0.0000000000000000
0.0000000000000001 1.0000000000000000 0.0000000000000000
0.0000000000000001 1.0000000000000000 0.0000000000000000
0.0000000000000001 1.0000000000000000 0.0000000000000000
0.0000000000000001 1.0000000000000000 0.0000000000000000
0.0000000000000001 1.0000000000000000 0.0000000000000000
0.0000000000000001 1.0000000000000000 0.0000000000000000
0.0000000000000001 1.0000000000000000 0.0000000000000000
0.0000000000000001 1.0000000000000000 0.0000000000000000
0.0000000000000001 1.0000000000000000 0.0000000000000000
0.0000000000000001 1.0000000000000000 0.0000000000000000
0.0000000000000001 1.0000000000000000 0.0000000000000000
0.0000000000000001 1.0000000000000000 0.0000000000000000
0.0000000000000001 1.0000000000000000 0.0000000000000000
0.0000000000000001 1.0000000000000000 0.0000000000000000
0.0000000000000001 1.0000000000000000 0.0000000000000000
0.0000000000000001 1.0000000000000000 0.0000000000000000
0.0000000000000001 1.0000000000000000 0.0000000000000000
0.0000000000000001 1.0000000000000000 0.0000000000000000
0.0000000000000001 1.0000000000000000 0.0000000000000000
0.0000000000000001 1.0000000000000000 0.0000000000000000
0.0000000000000001 1.0000000000000000 0.0000000000000000
0.0000000000000001 1.0000000000000000 0.0000000000000000
0.0000000000000001 1.0000000000000000 0.0000000000000000
0.0000000000000001 1.0000000000000000 0.0000000000000000
0.0000000000000001 1.0000000000000000 0.0000000000000000
0.0000000000000001 1.0000000000000000 0.0000000000000000
0.0000000000000001 1.0000000000000000 0.0000000000000000
0.0000000000000001 1.0000000000000000 0.0000000000000000
0.0000000000000001 1.0000000000000000 0.0000000000000000
0.0000000000000001 1.0000000000000000 0.0000000000000000
0.0000000000000001 1.0000000000000000 0.0000000000000000
0.0000000000000001 1.0000000000000000 0.0000000000000000
0.0000000000000001 1.0000000000000000 0.0000000000000000
0.0000000000000001 1.0000000000000000 0.0000000000000000
0.0000000000000001 1.0000000000000000 0.0000000000000000
0.0000000000000001 1.0000000000000000 0.0000000000000000
0.0000000000000001 1.0000000000000000 0.0000000000000000
0.0000000000000001 1.0000000000000000 0.0000000000000000
0.0000000000000001 1.0000000000000000 0.0000000000000000
0.0000000000000001 1.0000000000000000 0.0000000000000000
0.0000000000000001 1.0000000000000000 0.0000000000000000
0.0000000000000001 1.0000000000000000 0.0000000000000000
0.0000000000000001 1.0000000000000000 0.0000000000000000
0.0000000000000001 1.0000000000000000 0.0000000000000000
0.0000000000000001 1.0000000000000000 0.0000000000000000
0.0000000000000001 1.0000000000000000 0.0000000000000000
0.0000000000000001 1.0000000000000000 0.0000000000000000
0.0000000000000001 1.0000000000000000 0.0000000000000000
0.0000000000000001 1.0000000000000000 0.0000000000000000
0.0000000000000001 1.0000000000000000 0.0000000000000000
0.0000000000000001 1.0000000000000000 0.0000000000000000
0.0000000000000001 1.0000000000000000 0.0000000000000000
0.0000000000000001 1.0000000000000000 0.0000000000000000
0.0000000000000001 1.0000000000000000 0.0000000000000000
0.0000000000000001 1.0000000000000000 0.0000000000000000
0.0000000000000001 1.0000000000000000 0.0000000000000000
0.0000000000000001 1.0000000000000000 0.0000000000000000
0.0000000000000001 1.0000000000000000 0.0000000000000000
0.0000000000000001 1.0000000000000000 0.0000000000000000
0.0000000000000001 1.0000000000000000 0.0000000000000000
0.0000000000000001 1.0000000000000000 0.0000000000000000
0.0000000000000001 1.0000000000000000 0.0000000000000000
0.0000000000000001 1.0000000000000000 0.0000000000000000
0.0000000000000001 1.0000000000000000 0.0000000000000000
0.0000000000000001 1.0000000000000000 0.0000000000000000
0.0000000000000001 1.0000000000000000 0.0000000000000000
0.0000000000000001 1.0000000000000000 0.0000000000000000
0.0000000000000001 1.0000000000000000 0.0000000000000000
0.0000000000000001 1.0000000000000000 0.0000000000000000
0.0000000000000001 1.0000000000000000 0.0000000000000000
0.0000000000000001 1.0000000000000000 0.0000000000000000
0.0000000000000001 1.0000000000000000 0.0000000000000000
0.0000000000000001 1.0000000000000000 0.0000000000000000
0.0000000000000001 1.0000000000000000 0.0000000000000000
0.0000000000000001 1.0000000000000000 0.0000000000000000
0.0000000000000001 1.0000000000000000 0.0000000000000000
0.0000000000000001 1.0000000000000000 0.0000000000000000
0.0000000000000001 1.0000000000000000 0.0000000000000000
0.0000000000000001 1.0000000000000000 0.0000000000000000
0.0000000000000001 1.0000000000000000 0.0000000000000000
0.0000000000000001 1.0000000000000000 0.0000000000000000
0.0000000000000001 1.0000000000000000 0.0000000000000000
0.0000000000000001 1.0000000000000000 0.0000000000000000
0.0000000000000001 1.0000000000000000 0.0000000000000000
0.0000000000000001 1.0000000000000000 0.0000000000000000
0.0000000000000001 1.0000000000000000 0.0000000000000000
0.0000000000000001 1.0000000000000000 0.0000000000000000
0.0000000000000001 1.0000000000000000 0.0000000000000000
0.0000000000000001 1.0000000000000000 0.0000000000000000
0.0000000000000001 1.0000000000000000 0.0000000000000000
0.0000000000000001 1.0000000000000000 0.0000000000000000
0.0000000000000001 1.0000000000000000 0.0000000000000000
0.0000000000000001 1.0000000000000000 0.0000000000000000
0.0000000000000001 1.0000000000000000 0.0000000000000000
0.0000000000000001 1.0000000000000000 0.0000000000000000
0.0000000000000001 1.0000000000000000 0.0000000000000000
0.0000000000000001 1.0000000000000000 0.0000000000000000
0.0000000000000001 1.0000000000000000 0.0000000000000000
0.0000000000000001 1.0000000000000000 0.0000000000000000
0.0000000000000001 1.0000000000000000 0.0000000000000000
0.0000000000000001 1.0000000000000000 0.0000000000000000
0.0000000000000001 1.0000000000000000 0.0000000000000000
0.0000000000000001 1.0000000000000000 0.0000000000000000
0.0000000000000001 1.0000000000000000 0.0000000000000000
0.0000000000000001 1.0000000000000000 0.0000000000000000
0.0000000000000001 1.0000000000000000 0.0000000000000000
0.0000000000000001 1.0000000000000000 0.0000000000000000
0.0000000000000001 1.0000000000000000 0.0000000000000000
0.0000000000000001 1.0000000000000000 0.0000000000000000
0.0000000000000001 1.0000000000000000 0.0000000000000000
0.0000000000000001 1.0000000000000000 0.0000000000000000
0.0000000000000001 1.0000000000000000 0.0000000000000000
0.0000000000000001 1.0000000000000000 0.0000000000000000
0.0000000000000001 1.0000000000000000 0.0000000000000000
0.0000000000000001 1.0000000000000000 0.0000000000000000
0.0000000000000001 1.0000000000000000 0.0000000000000000
0.0000000000000001 1.0000000000000000 0.0000000000000000
0.0000000000000001 1.0000000000000000 0.0000000000000000
0.0000000000000001 1.0000000000000000 0.0000000000000000
0.0000000000000001 1.0000000000000000 0.0000000000000000
0.0000000000000001 1.0000000000000000 0.0000000000000000
0.0000000000000001 1.0000000000000000 0.0000000000000000
0.0000000000000001 1.0000000000000000 0.0000000000000000
0.0000000000000001 1.0000000000000000 0.0000000000000000
0.0000000000000001 1.0000000000000000 0.0000000000000000
0.0000000000000001 1.0000000000000000 0.0000000000000000
0.0000000000000001 1.0000000000000000 0.0000000000000000
0.0000000000000001 1.0000000000000000 0.0000000000000000
0.0000000000000001 1.0000000000000000 0.0000000000000000
0.0000000000000001 1.0000000000000000 0.0000000000000000
0.0000000000000001 1.0000000000000000 0.0000000000000000
0.0000000000000001 1.0000000000000000 0.0000000000000000
0.0000000000000001 1.0000000000000000 0.0000000000000000
0.0000000000000001 1.0000000000000000 0.0000000000000000
0.0000000000000001 1.0000000000000000 0.0000000000000000
0.0000000000000001 1.0000000000000000 0.0000000000000000
0.0000000000000001 1.0000000000000000 0.0000000000000000
0.0000000000000001 1.0000000000000000 0.0000000000000000
0.0000000000000001 1.0000000000000000 0.0000000000000000
0.0000000000000001 1.0000000000000000 0.0000000000000000
0.0000000000000001 1.0000000000000000 0.0000000000000000
0.0000000000000001 1.0000000000000000 0.0000000000000000
0.0000000000000001 1.0000000000000000 0.0000000000000000
0.0000000000000001 1.0000000000000000 0.0000000000000000
0.0000000000000001 1.0000000000000000 0.0000000000000000
0.0000000000000001 1.0000000000000000 0.0000000000000000
0.0000000000000001 1.0000000000000000 0.0000000000000000
0.0000000000000001 1.0000000000000000 0.0000000000000000
0.0000000000000001 1.0000000000000000 0.0000000000000000
0.0000000000000001 1.0000000000000000 0.0000000000000000
0.0000000000000001 1.0000000000000000 0.0000000000000000
0.0000000000000001 1.0000000000000000 0.0000000000000000
0.0000000000000001 1.0000000000000000 0.0000000000000000
0.0000000000000001 1.0000000000000000 0.0000000000000000
0.0000000000000001 1.0000000000000000 0.0000000000000000
0.0000000000000001 1.0000000000000000 0.0000000000000000
0.0000000000000001 1.0000000000000000 0.0000000000000000
0.0000000000000001 1.0000000000000000 0.0000000000000000
0.0000000000000001 1.0000000000000000 0.0000000000000000
0.0000000000000001 1.0000000000000000 0.0000000000000000
0.0000000000000001 1.0000000000000000 0.0000000000000000
0.0000000000000001 1.0000000000000000 0.0000000000000000
0.0000000000000001 1.0000000000000000 0.0000000000000000
0.0000000000000001 1.0000000000000000 0.0000000000000000
0.0000000000000001 1.0000000000000000 0.0000000000000000
0.0000000000000001 1.0000000000000000 0.0000000000000000
0.0000000000000001 1.0000000000000000 0.0000000000000000
0.0000000000000001 1.0000000000000000 0.0000000000000000
0.0000000000000001 1.0000000000000000 0.0000000000000000
0.0000000000000001 1.0000000000000000 0.0000000000000000
0.0000000000000001 1.0000000000000000 0.0000000000000000
0.0000000000000001 1.0000000000000000 0.0000000000000000
0.0000000000000001 1.0000000000000000 0.0000000000000000
0.0000000000000001 1.0000000000000000 0.0000000000000000
0.0000000000000001 1.0000000000000000 0.0000000000000000
0.0000000000000001 1.0000000000000000 0.0000000000000000
0.0000000000000001 1.0000000000000000 0.0000000000000000
0.0000000000000001 1.0000000000000000 0.0000000000000000
0.0000000000000001 1.0000000000000000 0.0000000000000000
0.0000000000000001 1.0000000000000000 0.0000000000000000
0.0000000000000001 1.0000000000000000 0.0000000000000000
0.0000000000000001 1.0000000000000000 0.0000000000000000
0.0000000000000001 1.0000000000000000 0.0000000000000000
0.0000000000000001 1.0000000000000000 0.0000000000000000
0.0000000000000001 1.0000000000000000 0.0000000000000000
0.0000000000000001 1.0000000000000000 0.0000000000000000
0.0000000000000001 1.0000000000000000 0.0000000000000000
0.0000000000000001 1.0000000000000000 0.0000000000000000
0.0000000000000001 1.0000000000000000 0.0000000000000000
0.0000000000000001 1.0000000000000000 0.0000000000000000
0.0000000000000001 1.0000000000000000 0.0000000000000000
0.0000000000000001 1.0000000000000000 0.0000000000000000
0.0000000000000001 1.0000000000000000 0.0000000000000000
0.0000000000000001 1.0000000000000000 0.0000000000000000
0.0000000000000001 1.0000000000000000 0.0000000000000000
0.0000000000000001 1.0000000000000000 0.0000000000000000
0.0000000000000001 1.0000000000000000 0.0000000000000000
0.0000000000000001 1.0000000000000000 0.0000000000000000
0.0000000000000001 1.0000000000000000 0.0000000000000000
0.0000000000000001 1.0000000000000000 0.0000000000000000
0.0000000000000001 1.0000000000000000 0.0000000000000000
0.0000000000000001 1.0000000000000000 0.0000000000000000
0.0000000000000001 1.0000000000000000 0.0000000000000000
0.0000000000000001 1.0000000000000000 0.0000000000000000
0.0000000000000001 1.0000000000000000 0.0000000000000000
0.0000000000000001 1.0000000000000000 0.0000000000000000
0.0000000000000001 1.0000000000000000 0.0000000000000000
0.0000000000000001 1.0000000000000000 0.0000000000000000
0.0000000000000001 1.0000000000000000 0.0000000000000000
0.0000000000000001 1.0000000000000000 0.0000000000000000
0.0000000000000001 1.0000000000000000 0.0000000000000000
0.0000000000000001 1.0000000000000000 0.0000000000000000
0.0000000000000001 1.0000000000000000 0.0000000000000000
0.0000000000000001 1.0000000000000000 0.0000000000000000
0.0000000000000001 1.0000000000000000 0.0000000000000000
0.0000000000000001 1.0000000000000000 0.0000000000000000
0.0000000000000001 1.0000000000000000 0.0000000000000000
0.0000000000000001 1.0000000000000000 0.0000000000000000
0.0000000000000001 1.0000000000000000 0.0000000000000000
0.0000000000000001 1.0000000000000000 0.0000000000000000
0.0000000000000001 1.0000000000000000 0.0000000000000000
0.0000000000000001 1.0000000000000000 0.0000000000000000
0.0000000000000001 1.0000000000000000 0.0000000000000000
0.0000000000000001 1.0000000000000000 0.0000000000000000
0.0000000000000001 1.0000000000000000 0.0000000000000000
0.0000000000000001 1.0000000000000000 0.0000000000000000
0.0000000000000001 1.0000000000000000 0.0000000000000000
0.0000000000000001 1.0000000000000000 0.0000000000000000
0.0000000000000001 1.0000000000000000 0.0000000000000000
0.0000000000000001 1.0000000000000000 0.0000000000000000
0.0000000000000001 1.0000000000000000 0.0000000000000000
0.0000000000000001 1.0000000000000000 0.0000000000000000
0.0000000000000001 1.0000000000000000 0.0000000000000000
0.0000000000000001 1.0000000000000000 0.0000000000000000
0.0000000000000001 1.0000000000000000 0.0000000000000000
0.0000000000000001 1.0000000000000000 0.0000000000000000
0.0000000000000001 1.0000000000000000 0.0000000000000000
0.0000000000000001 1.0000000000000000 0.0000000000000000
0.0000000000000001 1.0000000000000000 0.0000000000000000
0.0000000000000001 1.0000000000000000 0.0000000000000000
0.0000000000000001 1.0000000000000000 0.0000000000000000
0.0000000000000001 1.0000000000000000 0.0000000000000000
0.0000000000000001 1.0000000000000000 0.0000000000000000
0.0000000000000001 1.0000000000000000 0.0000000000000000
0.0000000000000001 1.0000000000000000 0.0000000000000000
0.0000000000000001 1.0000000000000000 0.0000000000000000
0.0000000000000001 1.0000000000000000 0.0000000000000000
0.0000000000000001 1.0000000000000000 0.0000000000000000
0.0000000000000001 1.0000000000000000 0.0000000000000000
0.0000000000000001 1.0000000000000000 0.0000000000000000
0.0000000000000001 1.0000000000000000 0.0000000000000000
0.0000000000000001 1.0000000000000000 0.0000000000000000
0.0000000000000001 1.0000000000000000 0.0000000000000000
0.0000000000000001 1.0000000000000000 0.0000000000000000
0.0000000000000001 1.0000000000000000 0.0000000000000000
0.0000000000000001 1.0000000000000000 0.0000000000000000
0.0000000000000001 1.0000000000000000 0.0000000000000000
0.0000000000000001 1.0000000000000000 0.0000000000000000
0.0000000000000001 1.0000000000000000 0.0000000000000000
0.0000000000000001 1.0000000000000000 0.0000000000000000
0.0000000000000001 1.0000000000000000 0.0000000000000000
0.0000000000000001 1.0000000000000000 0.0000000000000000
0.0000000000000001 1.0000000000000000 0.0000000000000000
0.0000000000000001 1.0000000000000000 0.0000000000000000
0.0000000000000001 1.0000000000000000 0.0000000000000000
0.0000000000000001 1.0000000000000000 0.0000000000000000
0.0000000000000001 1.0000000000000000 0.0000000000000000
0.0000000000000001 1.0000000000000000 0.0000000000000000
0.0000000000000001 1.0000000000000000 0.0000000000000000
0.0000000000000001 1.0000000000000000 0.0000000000000000
0.0000000000000001 1.0000000000000000 0.0000000000000000
0.0000000000000001 1.0000000000000000 0.0000000000000000
0.0000000000000001 1.0000000000000000 0.0000000000000000
0.0000000000000001 1.0000000000000000 0.0000000000000000
0.0000000000000001 1.0000000000000000 0.0000000000000000
0.0000000000000001 1.0000000000000000 0.0000000000000000
0.0000000000000001 1.0000000000000000 0.0000000000000000
0.0000000000000001 1.0000000000000000 0.0000000000000000
0.0000000000000001 1.0000000000000000 0.0000000000000000
0.0000000000000001 1.0000000000000000 0.0000000000000000
0.0000000000000001 1.0000000000000000 0.0000000000000000
0.0000000000000001 1.0000000000000000 0.0000000000000000
0.0000000000000001 1.0000000000000000 0.0000000000000000
0.0000000000000001 1.0000000000000000 0.0000000000000000
0.0000000000000001 1.0000000000000000 0.0000000000000000
0.0000000000000001 1.0000000000000000 0.0000000000000000
0.0000000000000001 1.0000000000000000 0.0000000000000000
0.0000000000000001 1.0000000000000000 0.0000000000000000
0.0000000000000001 1.0000000000000000 0.0000000000000000
0.0000000000000001 1.0000000000000000 0.0000000000000000
0.0000000000000001 1.0000000000000000 0.0000000000000000
0.0000000000000001 1.0000000000000000 0.0000000000000000
0.0000000000000001 1.0000000000000000 0.0000000000000000
0.0000000000000001 1.0000000000000000 0.0000000000000000
0.0000000000000001 1.0000000000000000 0.0000000000000000
0.0000000000000001 1.0000000000000000 0.0000000000000000
0.0000000000000001 1.0000000000000000 0.0000000000000000
0.0000000000000001 1.0000000000000000 0.0000000000000000
0.0000000000000001 1.0000000000000000 0.0000000000000000
0.0000000000000001 1.0000000000000000 0.0000000000000000
0.0000000000000001 1.0000000000000000 0.0000000000000000
0.0000000000000001 1.0000000000000000 0.0000000000000000
0.0000000000000001 1.0000000000000000 0.0000000000000000
0.0000000000000001 1.0000000000000000 0.0000000000000000
0.0000000000000001 1.0000000000000000 0.0000000000000000
0.0000000000000001 1.0000000000000000 0.0000000000000000
0.0000000000000001 1.0000000000000000 0.0000000000000000
0.0000000000000001 1.0000000000000000 0.0000000000000000
0.0000000000000001 1.0000000000000000 0.0000000000000000
0.0000000000000001 1.0000000000000000 0.0000000000000000
0.0000000000000001 1.0000000000000000 0.0000000000000000
0.0000000000000001 1.0000000000000000 0.0000000000000000
0.0000000000000001 1.0000000000000000 0.0000000000000000
0.0000000000000001 1.0000000000000000 0.0000000000000000
0.0000000000000001 1.0000000000000000 0.0000000000000000
0.0000000000000001 1.0000000000000000 0.0000000000000000
0.0000000000000001 1.0000000000000000 0.0000000000000000
0.0000000000000001 1.0000000000000000 0.0000000000000000
0.0000000000000001 1.0000000000000000 0.0000000000000000
0.0000000000000001 1.0000000000000000 0.0000000000000000
0.0000000000000001 1.0000000000000000 0.0000000000000000
0.0000000000000001 1.0000000000000000 0.0000000000000000
0.0000000000000001 1.0000000000000000 0.0000000000000000
0.0000000000000001 1.0000000000000000 0.0000000000000000
0.0000000000000001 1.0000000000000000 0.0000000000000000
0.0000000000000001 1.0000000000000000 0.0000000000000000
0.0000000000000001 1.0000000000000000 0.0000000000000000
0.0000000000000001 1.0000000000000000 0.0000000000000000
0.0000000000000001 1.0000000000000000 0.0000000000000000
0.0000000000000001 1.0000000000000000 0.0000000000000000
0.0000000000000001 1.0000000000000000 0.0000000000000000
0.0000000000000001 1.0000000000000000 0.0000000000000000
0.0000000000000001 1.0000000000000000 0.0000000000000000
0.0000000000000001 1.0000000000000000 0.0000000000000000
0.0000000000000001 1.0000000000000000 0.0000000000000000
0.0000000000000001 1.0000000000000000 0.0000000000000000
0.0000000000000001 1.0000000000000000 0.0000000000000000
0.0000000000000001 1.0000000000000000 0.0000000000000000
0.0000000000000001 1.0000000000000000 0.0000000000000000
0.0000000000000001 1.0000000000000000 0.0000000000000000
0.0000000000000001 1.0000000000000000 0.0000000000000000
0.0000000000000001 1.0000000000000000 0.0000000000000000
0.0000000000000001 1.0000000000000000 0.0000000000000000
0.0000000000000001 1.0000000000000000 0.0000000000000000
0.0000000000000001 1.0000000000000000 0.0000000000000000
0.0000000000000001 1.0000000000000000 0.0000000000000000
0.0000000000000001 1.0000000000000000 0.0000000000000000
0.0000000000000001 1.0000000000000000 0.0000000000000000
0.0000000000000001 1.0000000000000000 0.0000000000000000
0.0000000000000001 1.0000000000000000 0.0000000000000000
0.0000000000000001 1.0000000000000000 0.0000000000000000
0.0000000000000001 1.0000000000000000 0.0000000000000000
0.0000000000000001 1.0000000000000000 0.0000000000000000
0.0000000000000001 1.0000000000000000 0.0000000000000000
0.0000000000000001 1.0000000000000000 0.0000000000000000
0.0000000000000001 1.0000000000000000 0.0000000000000000
0.0000000000000001 1.0000000000000000 0.0000000000000000
0.0000000000000001 1.0000000000000000 0.0000000000000000
0.0000000000000001 1.0000000000000000 0.0000000000000000
0.0000000000000001 1.0000000000000000 0.0000000000000000
0.0000000000000001 1.0000000000000000 0.0000000000000000
0.0000000000000001 1.0000000000000000 0.0000000000000000
0.0000000000000001 1.0000000000000000 0.0000000000000000
0.0000000000000001 1.0000000000000000 0.0000000000000000
0.0000000000000001 1.0000000000000000 0.0000000000000000
0.0000000000000001 1.0000000000000000 0.0000000000000000
0.0000000000000001 1.0000000000000000 0.0000000000000000
0.0000000000000001 1.0000000000000000 0.0000000000000000
0.0000000000000001 1.0000000000000000 0.0000000000000000
0.0000000000000001 1.0000000000000000 0.0000000000000000
0.0000000000000001 1.0000000000000000 0.0000000000000000
0.0000000000000001 1.0000000000000000 0.0000000000000000
0.0000000000000001 1.0000000000000000 0.0000000000000000
0.0000000000000001 1.0000000000000000 0.0000000000000000
0.0000000000000001 1.0000000000000000 0.0000000000000000
0.0000000000000001 1.0000000000000000 0.0000000000000000
0.0000000000000001 1.0000000000000000 0.0000000000000000
0.0000000000000001 1.0000000000000000 0.0000000000000000
0.0000000000000001 1.0000000000000000 0.0000000000000000
0.0000000000000001 1.0000000000000000 0.0000000000000000
0.0000000000000001 1.0000000000000000 0.0000000000000000
0.0000000000000001 1.0000000000000000 0.0000000000000000
0.0000000000000001 1.0000000000000000 0.0000000000000000
0.0000000000000001 1.0000000000000000 0.0000000000000000
0.0000000000000001 1.0000000000000000 0.0000000000000000
0.0000000000000001 1.0000000000000000 0.0000000000000000
0.0000000000000001 1.0000000000000000 0.0000000000000000
0.0000000000000001 1.0000000000000000 0.0000000000000000
0.0000000000000001 1.0000000000000000 0.0000000000000000
0.0000000000000001 1.0000000000000000 0.0000000000000000
0.0000000000000001 1.0000000000000000 0.0000000000000000
0.0000000000000001 1.0000000000000000 0.0000000000000000
0.0000000000000001 1.0000000000000000 0.0000000000000000
0.0000000000000001 1.0000000000000000 0.0000000000000000
0.0000000000000001 1.0000000000000000 0.0000000000000000
0.0000000000000001 1.0000000000000000 0.0000000000000000
0.0000000000000001 1.0000000000000000 0.0000000000000000
0.0000000000000001 1.0000000000000000 0.0000000000000000
0.0000000000000001 1.0000000000000000 0.0000000000000000
0.0000000000000001 1.0000000000000000 0.0000000000000000
0.0000000000000001 1.0000000000000000 0.0000000000000000
0.0000000000000001 1.0000000000000000 0.0000000000000000
0.0000000000000001 1.0000000000000000 0.0000000000000000
0.0000000000000001 1.0000000000000000 0.0000000000000000
0.0000000000000001 1.0000000000000000 0.0000000000000000
0.0000000000000001 1.0000000000000000 0.0000000000000000
0.0000000000000001 1.0000000000000000 0.0000000000000000
0.0000000000000001 1.0000000000000000 0.0000000000000000
0.0000000000000001 1.0000000000000000 0.0000000000000000
0.0000000000000001 1.0000000000000000 0.0000000000000000
0.0000000000000001 1.0000000000000000 0.0000000000000000
0.0000000000000001 1.0000000000000000 0.0000000000000000
0.0000000000000001 1.0000000000000000 0.0000000000000000
0.0000000000000001 1.0000000000000000 0.0000000000000000
0.0000000000000001 1.0000000000000000 0.0000000000000000
0.0000000000000001 1.0000000000000000 0.0000000000000000
0.0000000000000001 1.0000000000000000 0.0000000000000000
0.0000000000000001 1.0000000000000000 0.0000000000000000
0.0000000000000001 1.0000000000000000 0.0000000000000000
0.0000000000000001 1.0000000000000000 0.0000000000000000
0.0000000000000001 1.0000000000000000 0.0000000000000000
0.0000000000000001 1.0000000000000000 0.0000000000000000
0.0000000000000001 1.0000000000000000 0.0000000000000000
0.0000000000000001 1.0000000000000000 0.0000000000000000
0.0000000000000001 1.0000000000000000 0.0000000000000000
0.0000000000000001 1.0000000000000000 0.0000000000000000
0.0000000000000001 1.0000000000000000 0.0000000000000000
0.0000000000000001 1.0000000000000000 0.0000000000000000
0.0000000000000001 1.0000000000000000 0.0000000000000000
0.0000000000000001 1.0000000000000000 0.0000000000000000
0.0000000000000001 1.0000000000000000 0.0000000000000000
0.0000000000000001 1.0000000000000000 0.0000000000000000
0.0000000000000001 1.0000000000000000 0.0000000000000000
0.0000000000000001 1.0000000000000000 0.0000000000000000
0.0000000000000001 1.0000000000000000 0.0000000000000000
0.0000000000000001 1.0000000000000000 0.0000000000000000
0.0000000000000001 1.0000000000000000 0.0000000000000000
0.0000000000000001 1.0000000000000000 0.0000000000000000
0.0000000000000001 1.0000000000000000 0.0000000000000000
0.0000000000000001 1.0000000000000000 0.0000000000000000
0.0000000000000001 1.0000000000000000 0.0000000000000000
0.0000000000000001 1.0000000000000000 0.0000000000000000
0.0000000000000001 1.0000000000000000 0.0000000000000000
0.0000000000000001 1.0000000000000000 0.0000000000000000
0.0000000000000001 1.0000000000000000 0.0000000000000000
0.0000000000000001 1.0000000000000000 0.0000000000000000
0.0000000000000001 1.0000000000000000 0.0000000000000000
0.0000000000000001 1.0000000000000000 0.0000000000000000
0.0000000000000001 1.0000000000000000 0.0000000000000000
0.0000000000000001 1.0000000000000000 0.0000000000000000
0.0000000000000001 1.0000000000000000 0.0000000000000000
0.0000000000000001 1.0000000000000000 0.0000000000000000
0.0000000000000001 1.0000000000000000 0.0000000000000000
0.0000000000000001 1.0000000000000000 0.0000000000000000
0.0000000000000001 1.0000000000000000 0.0000000000000000
0.0000000000000001 1.0000000000000000 0.0000000000000000
0.0000000000000001 1.0000000000000000 0.0000000000000000
0.0000000000000001 1.0000000000000000 0.0000000000000000
0.0000000000000001 1.0000000000000000 0.0000000000000000
0.0000000000000001 1.0000000000000000 0.0000000000000000
0.0000000000000001 1.0000000000000000 0.0000000000000000
0.0000000000000001 1.0000000000000000 0.0000000000000000
0.0000000000000001 1.0000000000000000 0.0000000000000000
0.0000000000000001 1.0000000000000000 0.0000000000000000
0.0000000000000001 1.0000000000000000 0.0000000000000000
0.0000000000000001 1.0000000000000000 0.0000000000000000
0.0000000000000001 1.0000000000000000 0.0000000000000000
0.0000000000000001 1.0000000000000000 0.0000000000000000
0.0000000000000001 1.0000000000000000 0.0000000000000000
0.0000000000000001 1.0000000000000000 0.0000000000000000
0.0000000000000001 1.0000000000000000 0.0000000000000000
0.0000000000000001 1.0000000000000000 0.0000000000000000
0.0000000000000001 1.0000000000000000 0.0000000000000000
0.0000000000000001 1.0000000000000000 0.0000000000000000
0.0000000000000001 1.0000000000000000 0.0000000000000000
0.0000000000000001 1.0000000000000000 0.0000000000000000
0.0000000000000001 1.0000000000000000 0.0000000000000000
0.0000000000000001 1.0000000000000000 0.0000000000000000
0.0000000000000001 1.0000000000000000 0.0000000000000000
0.0000000000000001 1.0000000000000000 0.0000000000000000
0.0000000000000001 1.0000000000000000 0.0000000000000000
0.0000000000000001 1.0000000000000000 0.0000000000000000
0.0000000000000001 1.0000000000000000 0.0000000000000000
0.0000000000000001 1.0000000000000000 0.0000000000000000
0.0000000000000001 1.0000000000000000 0.0000000000000000
0.0000000000000001 1.0000000000000000 0.0000000000000000
0.0000000000000001 1.0000000000000000 0.0000000000000000
0.0000000000000001 1.0000000000000000 0.0000000000000000
0.0000000000000001 1.0000000000000000 0.0000000000000000
0.0000000000000001 1.0000000000000000 0.0000000000000000
0.0000000000000001 1.0000000000000000 0.0000000000000000
0.0000000000000001 1.0000000000000000 0.0000000000000000
0.0000000000000001 1.0000000000000000 0.0000000000000000
0.0000000000000001 1.0000000000000000 0.0000000000000000
0.0000000000000001 1.0000000000000000 0.0000000000000000
0.0000000000000001 1.0000000000000000 0.0000000000000000
0.0000000000000001 1.0000000000000000 0.0000000000000000
0.0000000000000001 1.0000000000000000 0.0000000000000000
0.0000000000000001 1.0000000000000000 0.0000000000000000
0.0000000000000001 1.0000000000000000 0.0000000000000000
0.0000000000000001 1.0000000000000000 0.0000000000000000
0.0000000000000001 1.0000000000000000 0.0000000000000000
0.0000000000000001 1.0000000000000000 0.0000000000000000
0.0000000000000001 1.0000000000000000 0.0000000000000000
0.0000000000000001 1.0000000000000000 0.0000000000000000
0.0000000000000001 1.0000000000000000 0.0000000000000000
0.0000000000000001 1.0000000000000000 0.0000000000000000
0.0000000000000001 1.0000000000000000 0.0000000000000000
0.0000000000000001 1.0000000000000000 0.0000000000000000
0.0000000000000001 1.0000000000000000 0.0000000000000000
0.0000000000000001 1.0000000000000000 0.0000000000000000
0.0000000000000001 1.0000000000000000 0.0000000000000000
0.0000000000000001 1.0000000000000000 0.0000000000000000
0.0000000000000001 1.0000000000000000 0.0000000000000000
0.0000000000000001 1.0000000000000000 0.0000000000000000
0.0000000000000001 1.0000000000000000 0.0000000000000000
0.0000000000000001 1.0000000000000000 0.0000000000000000
0.0000000000000001 1.0000000000000000 0.0000000000000000
0.0000000000000001 1.0000000000000000 0.0000000000000000
0.0000000000000001 1.0000000000000000 0.0000000000000000
0.0000000000000001 1.0000000000000000 0.0000000000000000
0.0000000000000001 1.0000000000000000 0.0000000000000000
0.0000000000000001 1.0000000000000000 0.0000000000000000
0.0000000000000001 1.0000000000000000 0.0000000000000000
0.0000000000000001 1.0000000000000000 0.0000000000000000
0.0000000000000001 1.0000000000000000 0.0000000000000000
0.0000000000000001 1.0000000000000000 0.0000000000000000
0.0000000000000001 1.0000000000000000 0.0000000000000000
0.0000000000000001 1.0000000000000000 0.0000000000000000
0.0000000000000001 1.0000000000000000 0.0000000000000000
0.0000000000000001 1.0000000000000000 0.0000000000000000
0.0000000000000001 1.0000000000000000 0.0000000000000000
0.0000000000000001 1.0000000000000000 0.0000000000000000
0.0000000000000001 1.0000000000000000 0.0000000000000000
0.0000000000000001 1.0000000000000000 0.0000000000000000
0.0000000000000001 1.0000000000000000 0.0000000000000000
0.0000000000000001 1.0000000000000000 0.0000000000000000
0.0000000000000001 1.0000000000000000 0.0000000000000000
0.0000000000000001 1.0000000000000000 0.0000000000000000
0.0000000000000001 1.0000000000000000 0.0000000000000000
0.0000000000000001 1.0000000000000000 0.0000000000000000
0.0000000000000001 1.0000000000000000 0.0000000000000000
0.0000000000000001 1.0000000000000000 0.0000000000000000
0.0000000000000001 1.0000000000000000 0.0000000000000000
0.0000000000000001 1.0000000000000000 0.0000000000000000
0.0000000000000001 1.0000000000000000 0.0000000000000000
0.0000000000000001 1.0000000000000000 0.0000000000000000
0.0000000000000001 1.0000000000000000 0.0000000000000000
0.0000000000000001 1.0000000000000000 0.0000000000000000
0.0000000000000001 1.0000000000000000 0.0000000000000000
0.0000000000000001 1.0000000000000000 0.0000000000000000
0.0000000000000001 1.0000000000000000 0.0000000000000000
0.0000000000000001 1.0000000000000000 0.0000000000000000
0.0000000000000001 1.0000000000000000 0.0000000000000000
0.0000000000000001 1.0000000000000000 0.0000000000000000
0.0000000000000001 1.0000000000000000 0.0000000000000000
0.0000000000000001 1.0000000000000000 0.0000000000000000
0.0000000000000001 1.0000000000000000 0.0000000000000000
0.0000000000000001 1.0000000000000000 0.0000000000000000
0.0000000000000001 1.0000000000000000 0.0000000000000000
0.0000000000000001 1.0000000000000000 0.0000000000000000
0.0000000000000001 1.0000000000000000 0.0000000000000000
0.0000000000000001 1.0000000000000000 0.0000000000000000
0.0000000000000001 1.0000000000000000 0.0000000000000000
0.0000000000000001 1.0000000000000000 0.0000000000000000
0.0000000000000001 1.0000000000000000 0.0000000000000000
0.0000000000000001 1.0000000000000000 0.0000000000000000
0.0000000000000001 1.0000000000000000 0.0000000000000000
0.0000000000000001 1.0000000000000000 0.0000000000000000
0.0000000000000001 1.0000000000000000 0.0000000000000000
0.0000000000000001 1.0000000000000000 0.0000000000000000
0.0000000000000001 1.0000000000000000 0.0000000000000000
0.0000000000000001 1.0000000000000000 0.0000000000000000
0.0000000000000001 1.0000000000000000 0.0000000000000000
0.0000000000000001 1.0000000000000000 0.0000000000000000
0.0000000000000001 1.0000000000000000 0.0000000000000000
0.0000000000000001 1.0000000000000000 0.0000000000000000
0.0000000000000001 1.0000000000000000 0.0000000000000000
0.0000000000000001 1.0000000000000000 0.0000000000000000
0.0000000000000001 1.0000000000000000 0.0000000000000000
0.0000000000000001 1.0000000000000000 0.0000000000000000
0.0000000000000001 1.0000000000000000 0.0000000000000000
0.0000000000000001 1.0000000000000000 0.0000000000000000
0.0000000000000001 1.0000000000000000 0.0000000000000000
0.0000000000000001 1.0000000000000000 0.0000000000000000
0.0000000000000001 1.0000000000000000 0.0000000000000000
0.0000000000000001 1.0000000000000000 0.0000000000000000
0.0000000000000001 1.0000000000000000 0.0000000000000000
0.0000000000000001 1.0000000000000000 0.0000000000000000
0.0000000000000001 1.0000000000000000 0.0000000000000000
0.0000000000000001 1.0000000000000000 0.0000000000000000
0.0000000000000001 1.0000000000000000 0.0000000000000000
0.0000000000000001 1.0000000000000000 0.0000000000000000
0.0000000000000001 1.0000000000000000 0.0000000000000000
0.0000000000000001 1.0000000000000000 0.0000000000000000
0.0000000000000001 1.0000000000000000 0.0000000000000000
0.0000000000000001 1.0000000000000000 0.0000000000000000
0.0000000000000001 1.0000000000000000 0.0000000000000000
0.0000000000000001 1.0000000000000000 0.0000000000000000
0.0000000000000001 1.0000000000000000 0.0000000000000000
0.0000000000000001 1.0000000000000000 0.0000000000000000
0.0000000000000001 1.0000000000000000 0.0000000000000000
0.0000000000000001 1.0000000000000000 0.0000000000000000
0.0000000000000001 1.0000000000000000 0.0000000000000000
0.0000000000000001 1.0000000000000000 0.0000000000000000
0.0000000000000001 1.0000000000000000 0.0000000000000000
0.0000000000000001 1.0000000000000000 0.0000000000000000
0.0000000000000001 1.0000000000000000 0.0000000000000000
0.0000000000000001 1.0000000000000000 0.0000000000000000
0.0000000000000001 1.0000000000000000 0.0000000000000000
0.0000000000000001 1.0000000000000000 0.0000000000000000
0.0000000000000001 1.0000000000000000 0.0000000000000000
0.0000000000000001 1.0000000000000000 0.0000000000000000
0.0000000000000001 1.0000000000000000 0.0000000000000000
0.0000000000000001 1.0000000000000000 0.0000000000000000
0.0000000000000001 1.0000000000000000 0.0000000000000000
0.0000000000000001 1.0000000000000000 0.0000000000000000
0.0000000000000001 1.0000000000000000 0.0000000000000000
0.0000000000000001 1.0000000000000000 0.0000000000000000
0.0000000000000001 1.0000000000000000 0.0000000000000000
0.0000000000000001 1.0000000000000000 0.0000000000000000
0.0000000000000001 1.0000000000000000 0.0000000000000000
0.0000000000000001 1.0000000000000000 0.0000000000000000
0.0000000000000001 1.0000000000000000 0.0000000000000000
0.0000000000000001 1.0000000000000000 0.0000000000000000
0.0000000000000001 1.0000000000000000 0.0000000000000000
0.0000000000000001 1.0000000000000000 0.0000000000000000
0.0000000000000001 1.0000000000000000 0.0000000000000000
0.0000000000000001 1.0000000000000000 0.0000000000000000
0.0000000000000001 1.0000000000000000 0.0000000000000000
0.0000000000000001 1.0000000000000000 0.0000000000000000
0.0000000000000001 1.0000000000000000 0.0000000000000000
0.0000000000000001 1.0000000000000000 0.0000000000000000
0.0000000000000001 1.0000000000000000 0.0000000000000000
0.0000000000000001 1.0000000000000000 0.0000000000000000
0.0000000000000001 1.0000000000000000 0.0000000000000000
0.0000000000000001 1.0000000000000000 0.0000000000000000
0.0000000000000001 1.0000000000000000 0.0000000000000000
0.0000000000000001 1.0000000000000000 0.0000000000000000
0.0000000000000001 1.0000000000000000 0.0000000000000000
0.0000000000000001 1.0000000000000000 0.0000000000000000
0.0000000000000001 1.0000000000000000 0.0000000000000000
0.0000000000000001 1.0000000000000000 0.0000000000000000
0.0000000000000001 1.0000000000000000 0.0000000000000000
0.0000000000000001 1.0000000000000000 0.0000000000000000
0.0000000000000001 1.0000000000000000 0.0000000000000000
0.0000000000000001 1.0000000000000000 0.0000000000000000
0.0000000000000001 1.0000000000000000 0.0000000000000000
0.0000000000000001 1.0000000000000000 0.0000000000000000
0.0000000000000001 1.0000000000000000 0.0000000000000000
0.0000000000000001 1.0000000000000000 0.0000000000000000
0.0000000000000001 1.0000000000000000 0.0000000000000000
0.0000000000000001 1.0000000000000000 0.0000000000000000
0.0000000000000001 1.0000000000000000 0.0000000000000000
0.0000000000000001 1.0000000000000000 0.0000000000000000
0.0000000000000001 1.0000000000000000 0.0000000000000000
0.0000000000000001 1.0000000000000000 0.0000000000000000
0.0000000000000001 1.0000000000000000 0.0000000000000000
0.0000000000000001 1.0000000000000000 0.0000000000000000
0.0000000000000001 1.0000000000000000 0.0000000000000000
0.0000000000000001 1.0000000000000000 0.0000000000000000
0.0000000000000001 1.0000000000000000 0.0000000000000000
0.0000000000000001 1.0000000000000000 0.0000000000000000
0.0000000000000001 1.0000000000000000 0.0000000000000000
0.0000000000000001 1.0000000000000000 0.0000000000000000
0.0000000000000001 1.0000000000000000 0.0000000000000000
0.0000000000000001 1.0000000000000000 0.0000000000000000
0.0000000000000001 1.0000000000000000 0.0000000000000000
0.0000000000000001 1.0000000000000000 0.0000000000000000
0.0000000000000001 1.0000000000000000 0.0000000000000000
0.0000000000000001 1.0000000000000000 0.0000000000000000
0.0000000000000001 1.0000000000000000 0.0000000000000000
0.0000000000000001 1.0000000000000000 0.0000000000000000
0.0000000000000001 1.0000000000000000 0.0000000000000000
0.0000000000000001 1.0000000000000000 0.0000000000000000
0.0000000000000001 1.0000000000000000 0.0000000000000000
0.0000000000000001 1.0000000000000000 0.0000000000000000
0.0000000000000001 1.0000000000000000 0.0000000000000000
0.0000000000000001 1.0000000000000000 0.0000000000000000
0.0000000000000001 1.0000000000000000 0.0000000000000000
0.0000000000000001 1.0000000000000000 0.0000000000000000
0.0000000000000001 1.0000000000000000 0.0000000000000000
0.0000000000000001 1.0000000000000000 0.0000000000000000
0.0000000000000001 1.0000000000000000 0.0000000000000000
0.0000000000000001 1.0000000000000000 0.0000000000000000
0.0000000000000001 1.0000000000000000 0.0000000000000000
0.0000000000000001 1.0000000000000000 0.0000000000000000
0.0000000000000001 1.0000000000000000 0.0000000000000000
0.0000000000000001 1.0000000000000000 0.0000000000000000
0.0000000000000001 1.0000000000000000 0.0000000000000000
0.0000000000000001 1.0000000000000000 0.0000000000000000
0.0000000000000001 1.0000000000000000 0.0000000000000000
0.0000000000000001 1.0000000000000000 0.0000000000000000
0.0000000000000001 1.0000000000000000 0.0000000000000000
0.0000000000000001 1.0000000000000000 0.0000000000000000
0.0000000000000001 1.0000000000000000 0.0000000000000000
0.0000000000000001 1.0000000000000000 0.0000000000000000
0.0000000000000001 1.0000000000000000 0.0000000000000000
0.0000000000000001 1.0000000000000000 0.0000000000000000
0.0000000000000001 1.0000000000000000 0.0000000000000000
0.0000000000000001 1.0000000000000000 0.0000000000000000
0.0000000000000001 1.0000000000000000 0.0000000000000000
0.0000000000000001 1.0000000000000000 0.0000000000000000
0.0000000000000001 1.0000000000000000 0.0000000000000000
0.0000000000000001 1.0000000000000000 0.0000000000000000
0.0000000000000001 1.0000000000000000 0.0000000000000000
0.0000000000000001 1.0000000000000000 0.0000000000000000
0.0000000000000001 1.0000000000000000 0.0000000000000000
0.0000000000000001 1.0000000000000000 0.0000000000000000
0.0000000000000001 1.0000000000000000 0.0000000000000000
0.0000000000000001 1.0000000000000000 0.0000000000000000
0.0000000000000001 1.0000000000000000 0.0000000000000000
0.0000000000000001 1.0000000000000000 0.0000000000000000
0.0000000000000001 1.0000000000000000 0.0000000000000000
0.0000000000000001 1.0000000000000000 0.0000000000000000
0.0000000000000001 1.0000000000000000 0.0000000000000000
0.0000000000000001 1.0000000000000000 0.0000000000000000
0.0000000000000001 1.0000000000000000 0.0000000000000000
0.0000000000000001 1.0000000000000000 0.0000000000000000
0.0000000000000001 1.0000000000000000 0.0000000000000000
0.0000000000000001 1.0000000000000000 0.0000000000000000
0.0000000000000001 1.0000000000000000 0.0000000000000000
0.0000000000000001 1.0000000000000000 0.0000000000000000
0.0000000000000001 1.0000000000000000 0.0000000000000000
0.0000000000000001 1.0000000000000000 0.0000000000000000
0.0000000000000001 1.0000000000000000 0.0000000000000000
0.0000000000000001 1.0000000000000000 0.0000000000000000
0.0000000000000001 1.0000000000000000 0.0000000000000000
0.0000000000000001 1.0000000000000000 0.0000000000000000
0.0000000000000001 1.0000000000000000 0.0000000000000000
0.0000000000000001 1.0000000000000000 0.0000000000000000
0.0000000000000001 1.0000000000000000 0.0000000000000000
0.0000000000000001 1.0000000000000000 0.0000000000000000
0.0000000000000001 1.0000000000000000 0.0000000000000000
0.0000000000000001 1.0000000000000000 0.0000000000000000
0.0000000000000001 1.0000000000000000 0.0000000000000000
0.0000000000000001 1.0000000000000000 0.0000000000000000
0.0000000000000001 1.0000000000000000 0.0000000000000000
0.0000000000000001 1.0000000000000000 0.0000000000000000
0.0000000000000001 1.0000000000000000 0.0000000000000000
0.0000000000000001 1.0000000000000000 0.0000000000000000
0.0000000000000001 1.0000000000000000 0.0000000000000000
0.0000000000000001 1.0000000000000000 0.0000000000000000
0.0000000000000001 1.0000000000000000 0.0000000000000000
0.0000000000000001 1.0000000000000000 0.0000000000000000
0.0000000000000001 1.0000000000000000 0.0000000000000000
0.0000000000000001 1.0000000000000000 0.0000000000000000
0.0000000000000001 1.0000000000000000 0.0000000000000000
0.0000000000000001 1.0000000000000000 0.0000000000000000
0.0000000000000001 1.0000000000000000 0.0000000000000000
0.0000000000000001 1.0000000000000000 0.0000000000000000
0.0000000000000001 1.0000000000000000 0.0000000000000000
0.0000000000000001 1.0000000000000000 0.0000000000000000
0.0000000000000001 1.0000000000000000 0.0000000000000000
0.0000000000000001 1.0000000000000000 0.0000000000000000
0.0000000000000001 1.0000000000000000 0.0000000000000000
0.0000000000000001 1.0000000000000000 0.0000000000000000
0.0000000000000001 1.0000000000000000 0.0000000000000000
0.0000000000000001 1.0000000000000000 0.0000000000000000
0.0000000000000001 1.0000000000000000 0.0000000000000000
0.0000000000000001 1.0000000000000000 0.0000000000000000
0.0000000000000001 1.0000000000000000 0.0000000000000000
0.0000000000000001 1.0000000000000000 0.0000000000000000
0.0000000000000001 1.0000000000000000 0.0000000000000000
0.0000000000000001 1.0000000000000000 0.0000000000000000
0.0000000000000001 1.0000000000000000 0.0000000000000000
0.0000000000000001 1.0000000000000000 0.0000000000000000
0.0000000000000001 1.0000000000000000 0.0000000000000000
0.0000000000000001 1.0000000000000000 0.0000000000000000
0.0000000000000001 1.0000000000000000 0.0000000000000000
0.0000000000000001 1.0000000000000000 0.0000000000000000
0.0000000000000001 1.0000000000000000 0.0000000000000000
0.0000000000000001 1.0000000000000000 0.0000000000000000
0.0000000000000001 1.0000000000000000 0.0000000000000000
0.0000000000000001 1.0000000000000000 0.0000000000000000
0.0000000000000001 1.0000000000000000 0.0000000000000000
0.0000000000000001 1.0000000000000000 0.0000000000000000
0.0000000000000001 1.0000000000000000 0.0000000000000000
0.0000000000000001 1.0000000000000000 0.0000000000000000
0.0000000000000001 1.0000000000000000 0.0000000000000000
0.0000000000000001 1.0000000000000000 0.0000000000000000
0.0000000000000001 1.0000000000000000 0.0000000000000000
0.0000000000000001 1.0000000000000000 0.0000000000000000
0.0000000000000001 1.0000000000000000 0.0000000000000000
0.0000000000000001 1.0000000000000000 0.0000000000000000
0.0000000000000001 1.0000000000000000 0.0000000000000000
0.0000000000000001 1.0000000000000000 0.0000000000000000
0.0000000000000001 1.0000000000000000 0.0000000000000000
0.0000000000000001 1.0000000000000000 0.0000000000000000
0.0000000000000001 1.0000000000000000 0.0000000000000000
0.0000000000000001 1.0000000000000000 0.0000000000000000
0.0000000000000001 1.0000000000000000 0.0000000000000000
0.0000000000000001 1.0000000000000000 0.0000000000000000
0.0000000000000001 1.0000000000000000 0.0000000000000000
0.0000000000000001 1.0000000000000000 0.0000000000000000
0.0000000000000001 1.0000000000000000 0.0000000000000000
0.0000000000000001 1.0000000000000000 0.0000000000000000
0.0000000000000001 1.0000000000000000 0.0000000000000000
0.0000000000000001 1.0000000000000000 0.0000000000000000
0.0000000000000001 1.0000000000000000 0.0000000000000000
0.0000000000000001 1.0000000000000000 0.0000000000000000
0.0000000000000001 1.0000000000000000 0.0000000000000000
0.0000000000000001 1.0000000000000000 0.0000000000000000
0.0000000000000001 1.0000000000000000 0.0000000000000000
0.0000000000000001 1.0000000000000000 0.0000000000000000
0.0000000000000001 1.0000000000000000 0.0000000000000000
0.0000000000000001 1.0000000000000000 0.0000000000000000
0.0000000000000001 1.0000000000000000 0.0000000000000000
0.0000000000000001 1.0000000000000000 0.0000000000000000
0.0000000000000001 1.0000000000000000 0.0000000000000000
0.0000000000000001 1.0000000000000000 0.0000000000000000
0.0000000000000001 1.0000000000000000 0.0000000000000000
0.0000000000000001 1.0000000000000000 0.0000000000000000
0.0000000000000001 1.0000000000000000 0.0000000000000000
0.0000000000000001 1.0000000000000000 0.0000000000000000
0.0000000000000001 1.0000000000000000 0.0000000000000000
0.0000000000000001 1.0000000000000000 0.0000000000000000
0.0000000000000001 1.0000000000000000 0.0000000000000000
0.0000000000000001 1.0000000000000000 0.0000000000000000
0.0000000000000001 1.0000000000000000 0.0000000000000000
0.0000000000000001 1.0000000000000000 0.0000000000000000
0.0000000000000001 1.0000000000000000 0.0000000000000000
0.0000000000000001 1.0000000000000000 0.0000000000000000
0.0000000000000001 1.0000000000000000 0.0000000000000000
0.0000000000000001 1.0000000000000000 0.0000000000000000
0.0000000000000001 1.0000000000000000 0.0000000000000000
0.0000000000000001 1.0000000000000000 0.0000000000000000
0.0000000000000001 1.0000000000000000 0.0000000000000000
0.0000000000000001 1.0000000000000000 0.0000000000000000
0.0000000000000001 1.0000000000000000 0.0000000000000000
0.0000000000000001 1.0000000000000000 0.0000000000000000
0.0000000000000001 1.0000000000000000 0.0000000000000000
0.0000000000000001 1.0000000000000000 0.0000000000000000
0.0000000000000001 1.0000000000000000 0.0000000000000000
0.0000000000000001 1.0000000000000000 0.0000000000000000
0.0000000000000001 1.0000000000000000 0.0000000000000000
0.0000000000000001 1.0000000000000000 0.0000000000000000
0.0000000000000001 1.0000000000000000 0.0000000000000000
0.0000000000000001 1.0000000000000000 0.0000000000000000
0.0000000000000001 1.0000000000000000 0.0000000000000000
0.0000000000000001 1.0000000000000000 0.0000000000000000
0.0000000000000001 1.0000000000000000 0.0000000000000000
0.0000000000000001 1.0000000000000000 0.0000000000000000
0.0000000000000001 1.0000000000000000 0.0000000000000000
0.0000000000000001 1.0000000000000000 0.0000000000000000
0.0000000000000001 1.0000000000000000 0.0000000000000000
0.0000000000000001 1.0000000000000000 0.0000000000000000
0.0000000000000001 1.0000000000000000 0.0000000000000000
0.0000000000000001 1.0000000000000000 0.0000000000000000
0.0000000000000001 1.0000000000000000 0.0000000000000000
0.0000000000000001 1.0000000000000000 0.0000000000000000
0.0000000000000001 1.0000000000000000 0.0000000000000000
0.0000000000000001 1.0000000000000000 0.0000000000000000
0.0000000000000001 1.0000000000000000 0.0000000000000000
0.0000000000000001 1.0000000000000000 0.0000000000000000
0.0000000000000001 1.0000000000000000 0.0000000000000000
0.0000000000000001 1.0000000000000000 0.0000000000000000
0.0000000000000001 1.0000000000000000 0.0000000000000000
0.0000000000000001 1.0000000000000000 0.0000000000000000
0.0000000000000001 1.0000000000000000 0.0000000000000000
0.0000000000000001 1.0000000000000000 0.0000000000000000
0.0000000000000001 1.0000000000000000 0.0000000000000000
0.0000000000000001 1.0000000000000000 0.0000000000000000
0.0000000000000001 1.0000000000000000 0.0000000000000000
0.0000000000000001 1.0000000000000000 0.0000000000000000
0.0000000000000001 1.0000000000000000 0.0000000000000000
0.0000000000000001 1.0000000000000000 0.0000000000000000
0.0000000000000001 1.0000000000000000 0.0000000000000000
0.0000000000000001 1.0000000000000000 0.0000000000000000
0.0000000000000001 1.0000000000000000 0.0000000000000000
0.0000000000000001 1.0000000000000000 0.0000000000000000
0.0000000000000001 1.0000000000000000 0.0000000000000000
0.0000000000000001 1.0000000000000000 0.0000000000000000
0.0000000000000001 1.0000000000000000 0.0000000000000000
0.0000000000000001 1.0000000000000000 0.0000000000000000
0.0000000000000001 1.0000000000000000 0.0000000000000000
0.0000000000000001 1.0000000000000000 0.0000000000000000
0.0000000000000001 1.0000000000000000 0.0000000000000000
0.0000000000000001 1.0000000000000000 0.0000000000000000
0.0000000000000001 1.0000000000000000 0.0000000000000000
0.0000000000000001 1.0000000000000000 0.0000000000000000
0.0000000000000001 1.0000000000000000 0.0000000000000000
0.0000000000000001 1.0000000000000000 0.0000000000000000
0.0000000000000001 1.0000000000000000 0.0000000000000000
0.0000000000000001 1.0000000000000000 0.0000000000000000
0.0000000000000001 1.0000000000000000 0.0000000000000000
0.0000000000000001 1.0000000000000000 0.0000000000000000
0.0000000000000001 1.0000000000000000 0.0000000000000000
0.0000000000000001 1.0000000000000000 0.0000000000000000
0.0000000000000001 1.0000000000000000 0.0000000000000000
0.0000000000000001 1.0000000000000000 0.0000000000000000
0.0000000000000001 1.0000000000000000 0.0000000000000000
0.0000000000000001 1.0000000000000000 0.0000000000000000
0.0000000000000001 1.0000000000000000 0.0000000000000000
0.0000000000000001 1.0000000000000000 0.0000000000000000
0.0000000000000001 1.0000000000000000 0.0000000000000000
0.0000000000000001 1.0000000000000000 0.0000000000000000
0.0000000000000001 1.0000000000000000 0.0000000000000000
0.0000000000000001 1.0000000000000000 0.0000000000000000
0.0000000000000001 1.0000000000000000 0.0000000000000000
0.0000000000000001 1.0000000000000000 0.0000000000000000
0.0000000000000001 1.0000000000000000 0.0000000000000000
0.0000000000000001 1.0000000000000000 0.0000000000000000
0.0000000000000001 1.0000000000000000 0.0000000000000000
0.0000000000000001 1.0000000000000000 0.0000000000000000
0.0000000000000001 1.0000000000000000 0.0000000000000000
0.0000000000000001 1.0000000000000000 0.0000000000000000
0.0000000000000001 1.0000000000000000 0.0000000000000000
0.0000000000000001 1.0000000000000000 0.0000000000000000
0.0000000000000001 1.0000000000000000 0.0000000000000000
0.0000000000000001 1.0000000000000000 0.0000000000000000
0.0000000000000001 1.0000000000000000 0.0000000000000000
0.0000000000000001 1.0000000000000000 0.0000000000000000
0.0000000000000001 1.0000000000000000 0.0000000000000000
0.0000000000000001 1.0000000000000000 0.0000000000000000
0.0000000000000001 1.0000000000000000 0.0000000000000000
0.0000000000000001 1.0000000000000000 0.0000000000000000
0.0000000000000001 1.0000000000000000 0.0000000000000000
0.0000000000000001 1.0000000000000000 0.0000000000000000
0.0000000000000001 1.0000000000000000 0.0000000000000000
0.0000000000000001 1.0000000000000000 0.0000000000000000
0.0000000000000001 1.0000000000000000 0.0000000000000000
0.0000000000000001 1.0000000000000000 0.0000000000000000
0.0000000000000001 1.0000000000000000 0.0000000000000000
0.0000000000000001 1.0000000000000000 0.0000000000000000
0.0000000000000001 1.0000000000000000 0.0000000000000000
0.0000000000000001 1.0000000000000000 0.0000000000000000
0.0000000000000001 1.0000000000000000 0.0000000000000000
0.0000000000000001 1.0000000000000000 0.0000000000000000
0.0000000000000001 1.0000000000000000 0.0000000000000000
0.0000000000000001 1.0000000000000000 0.0000000000000000
0.0000000000000001 1.0000000000000000 0.0000000000000000
0.0000000000000001 1.0000000000000000 0.0000000000000000
0.0000000000000001 1.0000000000000000 0.0000000000000000
0.0000000000000001 1.0000000000000000 0.0000000000000000
0.0000000000000001 1.0000000000000000 0.0000000000000000
0.0000000000000001 1.0000000000000000 0.0000000000000000
0.0000000000000001 1.0000000000000000 0.0000000000000000
0.0000000000000001 1.0000000000000000 0.0000000000000000
0.0000000000000001 1.0000000000000000 0.0000000000000000
0.0000000000000001 1.0000000000000000 0.0000000000000000
0.0000000000000001 1.0000000000000000 0.0000000000000000
0.0000000000000001 1.0000000000000000 0.0000000000000000
0.0000000000000001 1.0000000000000000 0.0000000000000000
0.0000000000000001 1.0000000000000000 0.0000000000000000
0.0000000000000001 1.0000000000000000 0.0000000000000000
0.0000000000000001 1.0000000000000000 0.0000000000000000
0.0000000000000001 1.0000000000000000 0.0000000000000000
0.0000000000000001 1.0000000000000000 0.0000000000000000
0.0000000000000001 1.0000000000000000 0.0000000000000000
0.0000000000000001 1.0000000000000000 0.0000000000000000
0.0000000000000001 1.0000000000000000 0.0000000000000000
0.0000000000000001 1.0000000000000000 0.0000000000000000
0.0000000000000001 1.0000000000000000 0.0000000000000000
0.0000000000000001 1.0000000000000000 0.0000000000000000
0.0000000000000001 1.0000000000000000 0.0000000000000000
0.0000000000000001 1.0000000000000000 0.0000000000000000
0.0000000000000001 1.0000000000000000 0.0000000000000000
0.0000000000000001 1.0000000000000000 0.0000000000000000
0.0000000000000001 1.0000000000000000 0.0000000000000000
0.0000000000000001 1.0000000000000000 0.0000000000000000
0.0000000000000001 1.0000000000000000 0.0000000000000000
0.0000000000000001 1.0000000000000000 0.0000000000000000
0.0000000000000001 1.0000000000000000 0.0000000000000000
0.0000000000000001 1.0000000000000000 0.0000000000000000
0.0000000000000001 1.0000000000000000 0.0000000000000000
0.0000000000000001 1.0000000000000000 0.0000000000000000
0.0000000000000001 1.0000000000000000 0.0000000000000000
0.0000000000000001 1.0000000000000000 0.0000000000000000
0.0000000000000001 1.0000000000000000 0.0000000000000000
0.0000000000000001 1.0000000000000000 0.0000000000000000
0.0000000000000001 1.0000000000000000 0.0000000000000000
0.0000000000000001 1.0000000000000000 0.0000000000000000
0.0000000000000001 1.0000000000000000 0.0000000000000000
0.0000000000000001 1.0000000000000000 0.0000000000000000
0.0000000000000001 1.0000000000000000 0.0000000000000000
0.0000000000000001 1.0000000000000000 0.0000000000000000
0.0000000000000001 1.0000000000000000 0.0000000000000000
0.0000000000000001 1.0000000000000000 0.0000000000000000
0.0000000000000001 1.0000000000000000 0.0000000000000000
0.0000000000000001 1.0000000000000000 0.0000000000000000
0.0000000000000001 1.0000000000000000 0.0000000000000000
0.0000000000000001 1.0000000000000000 0.0000000000000000
0.0000000000000001 1.0000000000000000 0.0000000000000000
0.0000000000000001 1.0000000000000000 0.0000000000000000
0.0000000000000001 1.0000000000000000 0.0000000000000000
0.0000000000000001 1.0000000000000000 0.0000000000000000
0.0000000000000001 1.0000000000000000 0.0000000000000000
0.0000000000000001 1.0000000000000000 0.0000000000000000
0.0000000000000001 1.0000000000000000 0.0000000000000000
0.0000000000000001 1.0000000000000000 0.0000000000000000
0.0000000000000001 1.0000000000000000 0.0000000000000000
0.0000000000000001 1.0000000000000000 0.0000000000000000
0.0000000000000001 1.0000000000000000 0.0000000000000000
0.0000000000000001 1.0000000000000000 0.0000000000000000
0.0000000000000001 1.0000000000000000 0.0000000000000000
0.0000000000000001 1.0000000000000000 0.0000000000000000
0.0000000000000001 1.0000000000000000 0.0000000000000000
0.0000000000000001 1.0000000000000000 0.0000000000000000
0.0000000000000001 1.0000000000000000 0.0000000000000000
0.0000000000000001 1.0000000000000000 0.0000000000000000
0.0000000000000001 1.0000000000000000 0.0000000000000000
0.0000000000000001 1.0000000000000000 0.0000000000000000
0.0000000000000001 1.0000000000000000 0.0000000000000000
0.0000000000000001 1.0000000000000000 0.0000000000000000
0.0000000000000001 1.0000000000000000 0.0000000000000000
0.0000000000000001 1.0000000000000000 0.0000000000000000
0.0000000000000001 1.0000000000000000 0.0000000000000000
0.0000000000000001 1.0000000000000000 0.0000000000000000
0.0000000000000001 1.0000000000000000 0.0000000000000000
0.0000000000000001 1.0000000000000000 0.0000000000000000
0.0000000000000001 1.0000000000000000 0.0000000000000000
0.0000000000000001 1.0000000000000000 0.0000000000000000
0.0000000000000001 1.0000000000000000 0.0000000000000000
0.0000000000000001 1.0000000000000000 0.0000000000000000
0.0000000000000001 1.0000000000000000 0.0000000000000000
0.0000000000000001 1.0000000000000000 0.0000000000000000
0.0000000000000001 1.0000000000000000 0.0000000000000000
0.0000000000000001 1.0000000000000000 0.0000000000000000
0.0000000000000001 1.0000000000000000 0.0000000000000000
0.0000000000000001 1.0000000000000000 0.0000000000000000
0.0000000000000001 1.0000000000000000 0.0000000000000000
0.0000000000000001 1.0000000000000000 0.0000000000000000
0.0000000000000001 1.0000000000000000 0.0000000000000000
0.0000000000000001 1.0000000000000000 0.0000000000000000
0.0000000000000001 1.0000000000000000 0.0000000000000000
0.0000000000000001 1.0000000000000000 0.0000000000000000
0.0000000000000001 1.0000000000000000 0.0000000000000000
0.0000000000000001 1.0000000000000000 0.0000000000000000
0.0000000000000001 1.0000000000000000 0.0000000000000000
0.0000000000000001 1.0000000000000000 0.0000000000000000
0.0000000000000001 1.0000000000000000 0.0000000000000000
0.0000000000000001 1.0000000000000000 0.0000000000000000
0.0000000000000001 1.0000000000000000 0.0000000000000000
0.0000000000000001 1.0000000000000000 0.0000000000000000
0.0000000000000001 1.0000000000000000 0.0000000000000000
0.0000000000000001 1.0000000000000000 0.0000000000000000
0.0000000000000001 1.0000000000000000 0.0000000000000000
0.0000000000000001 1.0000000000000000 0.0000000000000000
0.0000000000000001 1.0000000000000000 0.0000000000000000
0.0000000000000001 1.0000000000000000 0.0000000000000000
0.0000000000000001 1.0000000000000000 0.0000000000000000
0.0000000000000001 1.0000000000000000 0.0000000000000000
0.0000000000000001 1.0000000000000000 0.0000000000000000
0.0000000000000001 1.0000000000000000 0.0000000000000000
0.0000000000000001 1.0000000000000000 0.0000000000000000
0.0000000000000001 1.0000000000000000 0.0000000000000000
0.0000000000000001 1.0000000000000000 0.0000000000000000
0.0000000000000001 1.0000000000000000 0.0000000000000000
0.0000000000000001 1.0000000000000000 0.0000000000000000
0.0000000000000001 1.0000000000000000 0.0000000000000000
0.0000000000000001 1.0000000000000000 0.0000000000000000
0.0000000000000001 1.0000000000000000 0.0000000000000000
0.0000000000000001 1.0000000000000000 0.0000000000000000
0.0000000000000001 1.0000000000000000 0.0000000000000000
0.0000000000000001 1.0000000000000000 0.0000000000000000
0.0000000000000001 1.0000000000000000 0.0000000000000000
0.0000000000000001 1.0000000000000000 0.0000000000000000
0.0000000000000001 1.0000000000000000 0.0000000000000000
0.0000000000000001 1.0000000000000000 0.0000000000000000
0.0000000000000001 1.0000000000000000 0.0000000000000000
0.0000000000000001 1.0000000000000000 0.0000000000000000
0.0000000000000001 1.0000000000000000 0.0000000000000000
0.0000000000000001 1.0000000000000000 0.0000000000000000
0.0000000000000001 1.0000000000000000 0.0000000000000000
0.0000000000000001 1.0000000000000000 0.0000000000000000
0.0000000000000001 1.0000000000000000 0.0000000000000000
0.0000000000000001 1.0000000000000000 0.0000000000000000
0.0000000000000001 1.0000000000000000 0.0000000000000000
0.0000000000000001 1.0000000000000000 0.0000000000000000
0.0000000000000001 1.0000000000000000 0.0000000000000000
0.0000000000000001 1.0000000000000000 0.0000000000000000
0.0000000000000001 1.0000000000000000 0.0000000000000000
0.0000000000000001 1.0000000000000000 0.0000000000000000
0.0000000000000001 1.0000000000000000 0.0000000000000000
0.0000000000000001 1.0000000000000000 0.0000000000000000
0.0000000000000001 1.0000000000000000 0.0000000000000000
0.0000000000000001 1.0000000000000000 0.0000000000000000
0.0000000000000001 1.0000000000000000 0.0000000000000000
0.0000000000000001 1.0000000000000000 0.0000000000000000
0.0000000000000001 1.0000000000000000 0.0000000000000000
0.0000000000000001 1.0000000000000000 0.0000000000000000
0.0000000000000001 1.0000000000000000 0.0000000000000000
0.0000000000000001 1.0000000000000000 0.0000000000000000
0.0000000000000001 1.0000000000000000 0.0000000000000000
0.0000000000000001 1.0000000000000000 0.0000000000000000
0.0000000000000001 1.0000000000000000 0.0000000000000000
0.0000000000000001 1.0000000000000000 0.0000000000000000
0.0000000000000001 1.0000000000000000 0.0000000000000000
0.0000000000000001 1.0000000000000000 0.0000000000000000
0.0000000000000001 1.0000000000000000 0.0000000000000000
0.0000000000000001 1.0000000000000000 0.0000000000000000
0.0000000000000001 1.0000000000000000 0.0000000000000000
0.0000000000000001 1.0000000000000000 0.0000000000000000
0.0000000000000001 1.0000000000000000 0.0000000000000000
0.0000000000000001 1.0000000000000000 0.0000000000000000
0.0000000000000001 1.0000000000000000 0.0000000000000000
0.0000000000000001 1.0000000000000000 0.0000000000000000
0.0000000000000001 1.0000000000000000 0.0000000000000000
0.0000000000000001 1.0000000000000000 0.0000000000000000
0.0000000000000001 1.0000000000000000 0.0000000000000000
0.0000000000000001 1.0000000000000000 0.0000000000000000
0.0000000000000001 1.0000000000000000 0.0000000000000000
0.0000000000000001 1.0000000000000000 0.0000000000000000
0.0000000000000001 1.0000000000000000 0.0000000000000000
0.0000000000000001 1.0000000000000000 0.0000000000000000
0.0000000000000001 1.0000000000000000 0.0000000000000000
0.0000000000000001 1.0000000000000000 0.0000000000000000
0.0000000000000001 1.0000000000000000 0.0000000000000000
0.0000000000000001 1.0000000000000000 0.0000000000000000
0.0000000000000001 1.0000000000000000 0.0000000000000000
0.0000000000000001 1.0000000000000000 0.0000000000000000
0.0000000000000001 1.0000000000000000 0.0000000000000000
0.0000000000000001 1.0000000000000000 0.0000000000000000
0.0000000000000001 1.0000000000000000 0.0000000000000000
0.0000000000000001 1.0000000000000000 0.0000000000000000
0.0000000000000001 1.0000000000000000 0.0000000000000000
0.0000000000000001 1.0000000000000000 0.0000000000000000
0.0000000000000001 1.0000000000000000 0.0000000000000000
0.0000000000000001 1.0000000000000000 0.0000000000000000
0.0000000000000001 1.0000000000000000 0.0000000000000000
0.0000000000000001 1.0000000000000000 0.0000000000000000
0.0000000000000001 1.0000000000000000 0.0000000000000000
0.0000000000000001 1.0000000000000000 0.0000000000000000
0.0000000000000001 1.0000000000000000 0.0000000000000000
0.0000000000000001 1.0000000000000000 0.0000000000000000
0.0000000000000001 1.0000000000000000 0.0000000000000000
0.0000000000000001 1.0000000000000000 0.0000000000000000
0.0000000000000001 1.0000000000000000 0.0000000000000000
0.0000000000000001 1.0000000000000000 0.0000000000000000
0.0000000000000001 1.0000000000000000 0.0000000000000000
0.0000000000000001 1.0000000000000000 0.0000000000000000
0.0000000000000001 1.0000000000000000 0.0000000000000000
0.0000000000000001 1.0000000000000000 0.0000000000000000
0.0000000000000001 1.0000000000000000 0.0000000000000000
0.0000000000000001 1.0000000000000000 0.0000000000000000
0.0000000000000001 1.0000000000000000 0.0000000000000000
0.0000000000000001 1.0000000000000000 0.0000000000000000
0.0000000000000001 1.0000000000000000 0.0000000000000000
0.0000000000000001 1.0000000000000000 0.0000000000000000
0.0000000000000001 1.0000000000000000 0.0000000000000000
0.0000000000000001 1.0000000000000000 0.0000000000000000
0.0000000000000001 1.0000000000000000 0.0000000000000000
0.0000000000000001 1.0000000000000000 0.0000000000000000
0.0000000000000001 1.0000000000000000 0.0000000000000000
0.0000000000000001 1.0000000000000000 0.0000000000000000
0.0000000000000001 1.0000000000000000 0.0000000000000000
0.0000000000000001 1.0000000000000000 0.0000000000000000
0.0000000000000001 1.0000000000000000 0.0000000000000000
0.0000000000000001 1.0000000000000000 0.0000000000000000
0.0000000000000001 1.0000000000000000 0.0000000000000000
0.0000000000000001 1.0000000000000000 0.0000000000000000
0.0000000000000001 1.0000000000000000 0.0000000000000000
0.0000000000000001 1.0000000000000000 0.0000000000000000
0.0000000000000001 1.0000000000000000 0.0000000000000000
0.0000000000000001 1.0000000000000000 0.0000000000000000
0.0000000000000001 1.0000000000000000 0.0000000000000000
0.0000000000000001 1.0000000000000000 0.0000000000000000
0.0000000000000001 1.0000000000000000 0.0000000000000000
0.0000000000000001 1.0000000000000000 0.0000000000000000
0.0000000000000001 1.0000000000000000 0.0000000000000000
0.0000000000000001 1.0000000000000000 0.0000000000000000
0.0000000000000001 1.0000000000000000 0.0000000000000000
0.0000000000000001 1.0000000000000000 0.0000000000000000
0.0000000000000001 1.0000000000000000 0.0000000000000000
0.0000000000000001 1.0000000000000000 0.0000000000000000
0.0000000000000001 1.0000000000000000 0.0000000000000000
0.0000000000000001 1.0000000000000000 0.0000000000000000
0.0000000000000001 1.0000000000000000 0.0000000000000000
0.0000000000000001 1.0000000000000000 0.0000000000000000
0.0000000000000001 1.0000000000000000 0.0000000000000000
0.0000000000000001 1.0000000000000000 0.0000000000000000
0.0000000000000001 1.0000000000000000 0.0000000000000000
0.0000000000000001 1.0000000000000000 0.0000000000000000
0.0000000000000001 1.0000000000000000 0.0000000000000000
0.0000000000000001 1.0000000000000000 0.0000000000000000
0.0000000000000001 1.0000000000000000 0.0000000000000000
0.0000000000000001 1.0000000000000000 0.0000000000000000
0.0000000000000001 1.0000000000000000 0.0000000000000000
0.0000000000000001 1.0000000000000000 0.0000000000000000
0.0000000000000001 1.0000000000000000 0.0000000000000000
0.0000000000000001 1.0000000000000000 0.0000000000000000
0.0000000000000001 1.0000000000000000 0.0000000000000000
0.0000000000000001 1.0000000000000000 0.0000000000000000
0.0000000000000001 1.0000000000000000 0.0000000000000000
0.0000000000000001 1.0000000000000000 0.0000000000000000
0.0000000000000001 1.0000000000000000 0.0000000000000000
0.0000000000000001 1.0000000000000000 0.0000000000000000
0.0000000000000001 1.0000000000000000 0.0000000000000000
0.0000000000000001 1.0000000000000000 0.0000000000000000
0.0000000000000001 1.0000000000000000 0.0000000000000000
0.0000000000000001 1.0000000000000000 0.0000000000000000
0.0000000000000001 1.0000000000000000 0.0000000000000000
0.0000000000000001 1.0000000000000000 0.0000000000000000
0.0000000000000001 1.0000000000000000 0.0000000000000000
0.0000000000000001 1.0000000000000000 0.0000000000000000
0.0000000000000001 1.0000000000000000 0.0000000000000000
0.0000000000000001 1.0000000000000000 0.0000000000000000
0.0000000000000001 1.0000000000000000 0.0000000000000000
0.0000000000000001 1.0000000000000000 0.0000000000000000
0.0000000000000001 1.0000000000000000 0.0000000000000000
0.0000000000000001 1.0000000000000000 0.0000000000000000
0.0000000000000001 1.0000000000000000 0.0000000000000000
0.0000000000000001 1.0000000000000000 0.0000000000000000
0.0000000000000001 1.0000000000000000 0.0000000000000000
0.0000000000000001 1.0000000000000000 0.0000000000000000
0.0000000000000001 1.0000000000000000 0.0000000000000000
0.0000000000000001 1.0000000000000000 0.0000000000000000
0.0000000000000001 1.0000000000000000 0.0000000000000000
0.0000000000000001 1.0000000000000000 0.0000000000000000
0.0000000000000001 1.0000000000000000 0.0000000000000000
0.0000000000000001 1.0000000000000000 0.0000000000000000
0.0000000000000001 1.0000000000000000 0.0000000000000000
0.0000000000000001 1.0000000000000000 0.0000000000000000
0.0000000000000001 1.0000000000000000 0.0000000000000000
0.0000000000000001 1.0000000000000000 0.0000000000000000
0.0000000000000001 1.0000000000000000 0.0000000000000000
0.0000000000000001 1.0000000000000000 0.0000000000000000
0.0000000000000001 1.0000000000000000 0.0000000000000000
0.0000000000000001 1.0000000000000000 0.0000000000000000
0.0000000000000001 1.0000000000000000 0.0000000000000000
0.0000000000000001 1.0000000000000000 0.0000000000000000
0.0000000000000001 1.0000000000000000 0.0000000000000000
0.0000000000000001 1.0000000000000000 0.0000000000000000
0.0000000000000001 1.0000000000000000 0.0000000000000000
0.0000000000000001 1.0000000000000000 0.0000000000000000
0.0000000000000001 1.0000000000000000 0.0000000000000000
0.0000000000000001 1.0000000000000000 0.0000000000000000
0.0000000000000001 1.0000000000000000 0.0000000000000000
0.0000000000000001 1.0000000000000000 0.0000000000000000
0.0000000000000001 1.0000000000000000 0.0000000000000000
0.0000000000000001 1.0000000000000000 0.0000000000000000
0.0000000000000001 1.0000000000000000 0.0000000000000000
0.0000000000000001 1.0000000000000000 0.0000000000000000
0.0000000000000001 1.0000000000000000 0.0000000000000000
0.0000000000000001 1.0000000000000000 0.0000000000000000
0.0000000000000001 1.0000000000000000 0.0000000000000000
0.0000000000000001 1.0000000000000000 0.0000000000000000
0.0000000000000001 1.0000000000000000 0.0000000000000000
0.0000000000000001 1.0000000000000000 0.0000000000000000
0.0000000000000001 1.0000000000000000 0.0000000000000000
0.0000000000000001 1.0000000000000000 0.0000000000000000
0.0000000000000001 1.0000000000000000 0.0000000000000000
0.0000000000000001 1.0000000000000000 0.0000000000000000
0.0000000000000001 1.0000000000000000 0.0000000000000000
0.0000000000000001 1.0000000000000000 0.0000000000000000
0.0000000000000001 1.0000000000000000 0.0000000000000000
0.0000000000000001 1.0000000000000000 0.0000000000000000
0.0000000000000001 1.0000000000000000 0.0000000000000000
0.0000000000000001 1.0000000000000000 0.0000000000000000
0.0000000000000001 1.0000000000000000 0.0000000000000000
0.0000000000000001 1.0000000000000000 0.0000000000000000
0.0000000000000001 1.0000000000000000 0.0000000000000000
0.0000000000000001 1.0000000000000000 0.0000000000000000
0.0000000000000001 1.0000000000000000 0.0000000000000000
0.0000000000000001 1.0000000000000000 0.0000000000000000
0.0000000000000001 1.0000000000000000 0.0000000000000000
0.0000000000000001 1.0000000000000000 0.0000000000000000
0.0000000000000001 1.0000000000000000 0.0000000000000000
0.0000000000000001 1.0000000000000000 0.0000000000000000
0.0000000000000001 1.0000000000000000 0.0000000000000000
0.0000000000000001 1.0000000000000000 0.0000000000000000
0.0000000000000001 1.0000000000000000 0.0000000000000000
0.0000000000000001 1.0000000000000000 0.0000000000000000
0.0000000000000001 1.0000000000000000 0.0000000000000000
0.0000000000000001 1.0000000000000000 0.0000000000000000
0.0000000000000001 1.0000000000000000 0.0000000000000000
0.0000000000000001 1.0000000000000000 0.0000000000000000
0.0000000000000001 1.0000000000000000 0.0000000000000000
0.0000000000000001 1.0000000000000000 0.0000000000000000
0.0000000000000001 1.0000000000000000 0.0000000000000000
0.0000000000000001 1.0000000000000000 0.0000000000000000
0.0000000000000001 1.0000000000000000 0.0000000000000000
0.0000000000000001 1.0000000000000000 0.0000000000000000
0.0000000000000001 1.0000000000000000 0.0000000000000000
0.0000000000000001 1.0000000000000000 0.0000000000000000
0.0000000000000001 1.0000000000000000 0.0000000000000000
0.0000000000000001 1.0000000000000000 0.0000000000000000
0.0000000000000001 1.0000000000000000 0.0000000000000000
0.0000000000000001 1.0000000000000000 0.0000000000000000
0.0000000000000001 1.0000000000000000 0.0000000000000000
0.0000000000000001 1.0000000000000000 0.0000000000000000
0.0000000000000001 1.0000000000000000 0.0000000000000000
0.0000000000000001 1.0000000000000000 0.0000000000000000
0.0000000000000001 1.0000000000000000 0.0000000000000000
0.0000000000000001 1.0000000000000000 0.0000000000000000
0.0000000000000001 1.0000000000000000 0.0000000000000000
0.0000000000000001 1.0000000000000000 0.0000000000000000
0.0000000000000001 1.0000000000000000 0.0000000000000000
0.0000000000000001 1.0000000000000000 0.0000000000000000
0.0000000000000001 1.0000000000000000 0.0000000000000000
0.0000000000000001 1.0000000000000000 0.0000000000000000
0.0000000000000001 1.0000000000000000 0.0000000000000000
0.0000000000000001 1.0000000000000000 0.0000000000000000
0.0000000000000001 1.0000000000000000 0.0000000000000000
0.0000000000000001 1.0000000000000000 0.0000000000000000
0.0000000000000001 1.0000000000000000 0.0000000000000000
0.0000000000000001 1.0000000000000000 0.0000000000000000
0.0000000000000001 1.0000000000000000 0.0000000000000000
0.0000000000000001 1.0000000000000000 0.0000000000000000
0.0000000000000001 1.0000000000000000 0.0000000000000000
0.0000000000000001 1.0000000000000000 0.0000000000000000
0.0000000000000001 1.0000000000000000 0.0000000000000000
0.0000000000000001 1.0000000000000000 0.0000000000000000
0.0000000000000001 1.0000000000000000 0.0000000000000000
0.0000000000000001 1.0000000000000000 0.0000000000000000
0.0000000000000001 1.0000000000000000 0.0000000000000000
0.0000000000000001 1.0000000000000000 0.0000000000000000
0.0000000000000001 1.0000000000000000 0.0000000000000000
0.0000000000000001 1.0000000000000000 0.0000000000000000
0.0000000000000001 1.0000000000000000 0.0000000000000000
0.0000000000000001 1.0000000000000000 0.0000000000000000
0.0000000000000001 1.0000000000000000 0.0000000000000000
0.0000000000000001 1.0000000000000000 0.0000000000000000
0.0000000000000001 1.0000000000000000 0.0000000000000000
0.0000000000000001 1.0000000000000000 0.0000000000000000
0.0000000000000001 1.0000000000000000 0.0000000000000000
0.0000000000000001 1.0000000000000000 0.0000000000000000
0.0000000000000001 1.0000000000000000 0.0000000000000000
0.0000000000000001 1.0000000000000000 0.0000000000000000
0.0000000000000001 1.0000000000000000 0.0000000000000000
0.0000000000000001 1.0000000000000000 0.0000000000000000
0.0000000000000001 1.0000000000000000 0.0000000000000000
0.0000000000000001 1.0000000000000000 0.0000000000000000
0.0000000000000001 1.0000000000000000 0.0000000000000000
0.0000000000000001 1.0000000000000000 0.0000000000000000
0.0000000000000001 1.0000000000000000 0.0000000000000000
0.0000000000000001 1.0000000000000000 0.0000000000000000
0.0000000000000001 1.0000000000000000 0.0000000000000000
0.0000000000000001 1.0000000000000000 0.0000000000000000
0.0000000000000001 1.0000000000000000 0.0000000000000000
0.0000000000000001 1.0000000000000000 0.0000000000000000
0.0000000000000001 1.0000000000000000 0.0000000000000000
0.0000000000000001 1.0000000000000000 0.0000000000000000
0.0000000000000001 1.0000000000000000 0.0000000000000000
0.0000000000000001 1.0000000000000000 0.0000000000000000
0.0000000000000001 1.0000000000000000 0.0000000000000000
0.0000000000000001 1.0000000000000000 0.0000000000000000
0.0000000000000001 1.0000000000000000 0.0000000000000000
0.0000000000000001 1.0000000000000000 0.0000000000000000
0.0000000000000001 1.0000000000000000 0.0000000000000000
0.0000000000000001 1.0000000000000000 0.0000000000000000
0.0000000000000001 1.0000000000000000 0.0000000000000000
0.0000000000000001 1.0000000000000000 0.0000000000000000
0.0000000000000001 1.0000000000000000 0.0000000000000000
0.0000000000000001 1.0000000000000000 0.0000000000000000
0.0000000000000001 1.0000000000000000 0.0000000000000000
0.0000000000000001 1.0000000000000000 0.0000000000000000
0.0000000000000001 1.0000000000000000 0.0000000000000000
0.0000000000000001 1.0000000000000000 0.0000000000000000
0.0000000000000001 1.0000000000000000 0.0000000000000000
0.0000000000000001 1.0000000000000000 0.0000000000000000
0.0000000000000001 1.0000000000000000 0.0000000000000000
0.0000000000000001 1.0000000000000000 0.0000000000000000
0.0000000000000001 1.0000000000000000 0.0000000000000000
0.0000000000000001 1.0000000000000000 0.0000000000000000
0.0000000000000001 1.0000000000000000 0.0000000000000000
0.0000000000000001 1.0000000000000000 0.0000000000000000
0.0000000000000001 1.0000000000000000 0.0000000000000000
0.0000000000000001 1.0000000000000000 0.0000000000000000
0.0000000000000001 1.0000000000000000 0.0000000000000000
0.0000000000000001 1.0000000000000000 0.0000000000000000
0.0000000000000001 1.0000000000000000 0.0000000000000000
0.0000000000000001 1.0000000000000000 0.0000000000000000
0.0000000000000001 1.0000000000000000 0.0000000000000000
0.0000000000000001 1.0000000000000000 0.0000000000000000
0.0000000000000001 1.0000000000000000 0.0000000000000000
0.0000000000000001 1.0000000000000000 0.0000000000000000
0.0000000000000001 1.0000000000000000 0.0000000000000000
0.0000000000000001 1.0000000000000000 0.0000000000000000
0.0000000000000001 1.0000000000000000 0.0000000000000000
0.0000000000000001 1.0000000000000000 0.0000000000000000
0.0000000000000001 1.0000000000000000 0.0000000000000000
0.0000000000000001 1.0000000000000000 0.0000000000000000
0.0000000000000001 1.0000000000000000 0.0000000000000000
0.0000000000000001 1.0000000000000000 0.0000000000000000
0.0000000000000001 1.0000000000000000 0.0000000000000000
0.0000000000000001 1.0000000000000000 0.0000000000000000
0.0000000000000001 1.0000000000000000 0.0000000000000000
0.0000000000000001 1.0000000000000000 0.0000000000000000
0.0000000000000001 1.0000000000000000 0.0000000000000000
0.0000000000000001 1.0000000000000000 0.0000000000000000
0.0000000000000001 1.0000000000000000 0.0000000000000000
0.0000000000000001 1.0000000000000000 0.0000000000000000
0.0000000000000001 1.0000000000000000 0.0000000000000000
0.0000000000000001 1.0000000000000000 0.0000000000000000
0.0000000000000001 1.0000000000000000 0.0000000000000000
0.0000000000000001 1.0000000000000000 0.0000000000000000
0.0000000000000001 1.0000000000000000 0.0000000000000000
0.0000000000000001 1.0000000000000000 0.0000000000000000
0.0000000000000001 1.0000000000000000 0.0000000000000000
0.0000000000000001 1.0000000000000000 0.0000000000000000
0.0000000000000001 1.0000000000000000 0.0000000000000000
0.0000000000000001 1.0000000000000000 0.0000000000000000
0.0000000000000001 1.0000000000000000 0.0000000000000000
0.0000000000000001 1.0000000000000000 0.0000000000000000
0.0000000000000001 1.0000000000000000 0.0000000000000000
0.0000000000000001 1.0000000000000000 0.0000000000000000
0.0000000000000001 1.0000000000000000 0.0000000000000000
0.0000000000000001 1.0000000000000000 0.0000000000000000
0.0000000000000001 1.0000000000000000 0.0000000000000000
0.0000000000000001 1.0000000000000000 0.0000000000000000
0.0000000000000001 1.0000000000000000 0.0000000000000000
0.0000000000000001 1.0000000000000000 0.0000000000000000
0.0000000000000001 1.0000000000000000 0.0000000000000000
0.0000000000000001 1.0000000000000000 0.0000000000000000
0.0000000000000001 1.0000000000000000 0.0000000000000000
0.0000000000000001 1.0000000000000000 0.0000000000000000
0.0000000000000001 1.0000000000000000 0.0000000000000000
0.0000000000000001 1.0000000000000000 0.0000000000000000
0.0000000000000001 1.0000000000000000 0.0000000000000000
0.0000000000000001 1.0000000000000000 0.0000000000000000
0.0000000000000001 1.0000000000000000 0.0000000000000000
0.0000000000000001 1.0000000000000000 0.0000000000000000
0.0000000000000001 1.0000000000000000 0.0000000000000000
0.0000000000000001 1.0000000000000000 0.0000000000000000
0.0000000000000001 1.0000000000000000 0.0000000000000000
0.0000000000000001 1.0000000000000000 0.0000000000000000
0.0000000000000001 1.0000000000000000 0.0000000000000000
0.0000000000000001 1.0000000000000000 0.0000000000000000
0.0000000000000001 1.0000000000000000 0.0000000000000000
0.0000000000000001 1.0000000000000000 0.0000000000000000
0.0000000000000001 1.0000000000000000 0.0000000000000000
0.0000000000000001 1.0000000000000000 0.0000000000000000
0.0000000000000001 1.0000000000000000 0.0000000000000000
0.0000000000000001 1.0000000000000000 0.0000000000000000
0.0000000000000001 1.0000000000000000 0.0000000000000000
0.0000000000000001 1.0000000000000000 0.0000000000000000
0.0000000000000001 1.0000000000000000 0.0000000000000000
0.0000000000000001 1.0000000000000000 0.0000000000000000
0.0000000000000001 1.0000000000000000 0.0000000000000000
0.0000000000000001 1.0000000000000000 0.0000000000000000
0.0000000000000001 1.0000000000000000 0.0000000000000000
0.0000000000000001 1.0000000000000000 0.0000000000000000
0.0000000000000001 1.0000000000000000 0.0000000000000000
0.0000000000000001 1.0000000000000000 0.0000000000000000
0.0000000000000001 1.0000000000000000 0.0000000000000000
0.0000000000000001 1.0000000000000000 0.0000000000000000
0.0000000000000001 1.0000000000000000 0.0000000000000000
0.0000000000000001 1.0000000000000000 0.0000000000000000
0.0000000000000001 1.0000000000000000 0.0000000000000000
0.0000000000000001 1.0000000000000000 0.0000000000000000
0.0000000000000001 1.0000000000000000 0.0000000000000000
0.0000000000000001 1.0000000000000000 0.0000000000000000
0.0000000000000001 1.0000000000000000 0.0000000000000000
0.0000000000000001 1.0000000000000000 0.0000000000000000
0.0000000000000001 1.0000000000000000 0.0000000000000000
0.0000000000000001 1.0000000000000000 0.0000000000000000
0.0000000000000001 1.0000000000000000 0.0000000000000000
0.0000000000000001 1.0000000000000000 0.0000000000000000
0.0000000000000001 1.0000000000000000 0.0000000000000000
0.0000000000000001 1.0000000000000000 0.0000000000000000
0.0000000000000001 1.0000000000000000 0.0000000000000000
0.0000000000000001 1.0000000000000000 0.0000000000000000
0.0000000000000001 1.0000000000000000 0.0000000000000000
0.0000000000000001 1.0000000000000000 0.0000000000000000
0.0000000000000001 1.0000000000000000 0.0000000000000000
0.0000000000000001 1.0000000000000000 0.0000000000000000
0.0000000000000001 1.0000000000000000 0.0000000000000000
0.0000000000000001 1.0000000000000000 0.0000000000000000
0.0000000000000001 1.0000000000000000 0.0000000000000000
0.0000000000000001 1.0000000000000000 0.0000000000000000
0.0000000000000001 1.0000000000000000 0.0000000000000000
0.0000000000000001 1.0000000000000000 0.0000000000000000
0.0000000000000001 1.0000000000000000 0.0000000000000000
0.0000000000000001 1.0000000000000000 0.0000000000000000
0.0000000000000001 1.0000000000000000 0.0000000000000000
0.0000000000000001 1.0000000000000000 0.0000000000000000
0.0000000000000001 1.0000000000000000 0.0000000000000000
0.0000000000000001 1.0000000000000000 0.0000000000000000
0.0000000000000001 1.0000000000000000 0.0000000000000000
0.0000000000000001 1.0000000000000000 0.0000000000000000
0.0000000000000001 1.0000000000000000 0.0000000000000000
0.0000000000000001 1.0000000000000000 0.0000000000000000
0.0000000000000001 1.0000000000000000 0.0000000000000000
0.0000000000000001 1.0000000000000000 0.0000000000000000
0.0000000000000001 1.0000000000000000 0.0000000000000000
0.0000000000000001 1.0000000000000000 0.0000000000000000
0.0000000000000001 1.0000000000000000 0.0000000000000000
0.0000000000000001 1.0000000000000000 0.0000000000000000
0.0000000000000001 1.0000000000000000 0.0000000000000000
0.0000000000000001 1.0000000000000000 0.0000000000000000
0.0000000000000001 1.0000000000000000 0.0000000000000000
0.0000000000000001 1.0000000000000000 0.0000000000000000
0.0000000000000001 1.0000000000000000 0.0000000000000000
0.0000000000000001 1.0000000000000000 0.0000000000000000
0.0000000000000001 1.0000000000000000 0.0000000000000000
0.0000000000000001 1.0000000000000000 0.0000000000000000
0.0000000000000001 1.0000000000000000 0.0000000000000000
0.0000000000000001 1.0000000000000000 0.0000000000000000
0.0000000000000001 1.0000000000000000 0.0000000000000000
0.0000000000000001 1.0000000000000000 0.0000000000000000
0.0000000000000001 1.0000000000000000 0.0000000000000000
0.0000000000000001 1.0000000000000000 0.0000000000000000
0.0000000000000001 1.0000000000000000 0.0000000000000000
0.0000000000000001 1.0000000000000000 0.0000000000000000
0.0000000000000001 1.0000000000000000 0.0000000000000000
0.0000000000000001 1.0000000000000000 0.0000000000000000
0.0000000000000001 1.0000000000000000 0.0000000000000000
0.0000000000000001 1.0000000000000000 0.0000000000000000
0.0000000000000001 1.0000000000000000 0.0000000000000000
0.0000000000000001 1.0000000000000000 0.0000000000000000
0.0000000000000001 1.0000000000000000 0.0000000000000000
0.0000000000000001 1.0000000000000000 0.0000000000000000
0.0000000000000001 1.0000000000000000 0.0000000000000000
0.0000000000000001 1.0000000000000000 0.0000000000000000
0.0000000000000001 1.0000000000000000 0.0000000000000000
0.0000000000000001 1.0000000000000000 0.0000000000000000
0.0000000000000001 1.0000000000000000 0.0000000000000000
0.0000000000000001 1.0000000000000000 0.0000000000000000
0.0000000000000001 1.0000000000000000 0.0000000000000000
0.0000000000000001 1.0000000000000000 0.0000000000000000
0.0000000000000001 1.0000000000000000 0.0000000000000000
0.0000000000000001 1.0000000000000000 0.0000000000000000
0.0000000000000001 1.0000000000000000 0.0000000000000000
0.0000000000000001 1.0000000000000000 0.0000000000000000
0.0000000000000001 1.0000000000000000 0.0000000000000000
0.0000000000000001 1.0000000000000000 0.0000000000000000
0.0000000000000001 1.0000000000000000 0.0000000000000000
0.0000000000000001 1.0000000000000000 0.0000000000000000
0.0000000000000001 1.0000000000000000 0.0000000000000000
0.0000000000000001 1.0000000000000000 0.0000000000000000
0.0000000000000001 1.0000000000000000 0.0000000000000000
0.0000000000000001 1.0000000000000000 0.0000000000000000
0.0000000000000001 1.0000000000000000 0.0000000000000000
0.0000000000000001 1.0000000000000000 0.0000000000000000
0.0000000000000001 1.0000000000000000 0.0000000000000000
0.0000000000000001 1.0000000000000000 0.0000000000000000
0.0000000000000001 1.0000000000000000 0.0000000000000000
0.0000000000000001 1.0000000000000000 0.0000000000000000
0.0000000000000001 1.0000000000000000 0.0000000000000000
0.0000000000000001 1.0000000000000000 0.0000000000000000
0.0000000000000001 1.0000000000000000 0.0000000000000000
0.0000000000000001 1.0000000000000000 0.0000000000000000
0.0000000000000001 1.0000000000000000 0.0000000000000000
0.0000000000000001 1.0000000000000000 0.0000000000000000
0.0000000000000001 1.0000000000000000 0.0000000000000000
0.0000000000000001 1.0000000000000000 0.0000000000000000
0.0000000000000001 1.0000000000000000 0.0000000000000000
0.0000000000000001 1.0000000000000000 0.0000000000000000
0.0000000000000001 1.0000000000000000 0.0000000000000000
0.0000000000000001 1.0000000000000000 0.0000000000000000
0.0000000000000001 1.0000000000000000 0.0000000000000000
0.0000000000000001 1.0000000000000000 0.0000000000000000
0.0000000000000001 1.0000000000000000 0.0000000000000000
0.0000000000000001 1.0000000000000000 0.0000000000000000
0.0000000000000001 1.0000000000000000 0.0000000000000000
0.0000000000000001 1.0000000000000000 0.0000000000000000
0.0000000000000001 1.0000000000000000 0.0000000000000000
0.0000000000000001 1.0000000000000000 0.0000000000000000
0.0000000000000001 1.0000000000000000 0.0000000000000000
0.0000000000000001 1.0000000000000000 0.0000000000000000
0.0000000000000001 1.0000000000000000 0.0000000000000000
0.0000000000000001 1.0000000000000000 0.0000000000000000
0.0000000000000001 1.0000000000000000 0.0000000000000000
0.0000000000000001 1.0000000000000000 0.0000000000000000
0.0000000000000001 1.0000000000000000 0.0000000000000000
0.0000000000000001 1.0000000000000000 0.0000000000000000
0.0000000000000001 1.0000000000000000 0.0000000000000000
0.0000000000000001 1.0000000000000000 0.0000000000000000
0.0000000000000001 1.0000000000000000 0.0000000000000000
0.0000000000000001 1.0000000000000000 0.0000000000000000
0.0000000000000001 1.0000000000000000 0.0000000000000000
0.0000000000000001 1.0000000000000000 0.0000000000000000
0.0000000000000001 1.0000000000000000 0.0000000000000000
0.0000000000000001 1.0000000000000000 0.0000000000000000
0.0000000000000001 1.0000000000000000 0.0000000000000000
0.0000000000000001 1.0000000000000000 0.0000000000000000
0.0000000000000001 1.0000000000000000 0.0000000000000000
0.0000000000000001 1.0000000000000000 0.0000000000000000
0.0000000000000001 1.0000000000000000 0.0000000000000000
0.0000000000000001 1.0000000000000000 0.0000000000000000
0.0000000000000001 1.0000000000000000 0.0000000000000000
0.0000000000000001 1.0000000000000000 0.0000000000000000
0.0000000000000001 1.0000000000000000 0.0000000000000000
0.0000000000000001 1.0000000000000000 0.0000000000000000
0.0000000000000001 1.0000000000000000 0.0000000000000000
0.0000000000000001 1.0000000000000000 0.0000000000000000
0.0000000000000001 1.0000000000000000 0.0000000000000000
0.0000000000000001 1.0000000000000000 0.0000000000000000
0.0000000000000001 1.0000000000000000 0.0000000000000000
0.0000000000000001 1.0000000000000000 0.0000000000000000
0.0000000000000001 1.0000000000000000 0.0000000000000000
0.0000000000000001 1.0000000000000000 0.0000000000000000
0.0000000000000001 1.0000000000000000 0.0000000000000000
0.0000000000000001 1.0000000000000000 0.0000000000000000
0.0000000000000001 1.0000000000000000 0.0000000000000000
0.0000000000000001 1.0000000000000000 0.0000000000000000
0.0000000000000001 1.0000000000000000 0.0000000000000000
0.0000000000000001 1.0000000000000000 0.0000000000000000
0.0000000000000001 1.0000000000000000 0.0000000000000000
0.0000000000000001 1.0000000000000000 0.0000000000000000
0.0000000000000001 1.0000000000000000 0.0000000000000000
0.0000000000000001 1.0000000000000000 0.0000000000000000
0.0000000000000001 1.0000000000000000 0.0000000000000000
0.0000000000000001 1.0000000000000000 0.0000000000000000
0.0000000000000001 1.0000000000000000 0.0000000000000000
0.0000000000000001 1.0000000000000000 0.0000000000000000
0.0000000000000001 1.0000000000000000 0.0000000000000000
0.0000000000000001 1.0000000000000000 0.0000000000000000
0.0000000000000001 1.0000000000000000 0.0000000000000000
0.0000000000000001 1.0000000000000000 0.0000000000000000
0.0000000000000001 1.0000000000000000 0.0000000000000000
0.0000000000000001 1.0000000000000000 0.0000000000000000
0.0000000000000001 1.0000000000000000 0.0000000000000000
0.0000000000000001 1.0000000000000000 0.0000000000000000
0.0000000000000001 1.0000000000000000 0.0000000000000000
0.0000000000000001 1.0000000000000000 0.0000000000000000
0.0000000000000001 1.0000000000000000 0.0000000000000000
0.0000000000000001 1.0000000000000000 0.0000000000000000
0.0000000000000001 1.0000000000000000 0.0000000000000000
0.0000000000000001 1.0000000000000000 0.0000000000000000
0.0000000000000001 1.0000000000000000 0.0000000000000000
0.0000000000000001 1.0000000000000000 0.0000000000000000
0.0000000000000001 1.0000000000000000 0.0000000000000000
0.0000000000000001 1.0000000000000000 0.0000000000000000
0.0000000000000001 1.0000000000000000 0.0000000000000000
0.0000000000000001 1.0000000000000000 0.0000000000000000
0.0000000000000001 1.0000000000000000 0.0000000000000000
0.0000000000000001 1.0000000000000000 0.0000000000000000
0.0000000000000001 1.0000000000000000 0.0000000000000000
0.0000000000000001 1.0000000000000000 0.0000000000000000
0.0000000000000001 1.0000000000000000 0.0000000000000000
0.0000000000000001 1.0000000000000000 0.0000000000000000
0.0000000000000001 1.0000000000000000 0.0000000000000000
0.0000000000000001 1.0000000000000000 0.0000000000000000
0.0000000000000001 1.0000000000000000 0.0000000000000000
0.0000000000000001 1.0000000000000000 0.0000000000000000
0.0000000000000001 1.0000000000000000 0.0000000000000000
0.0000000000000001 1.0000000000000000 0.0000000000000000
0.0000000000000001 1.0000000000000000 0.0000000000000000
0.0000000000000001 1.0000000000000000 0.0000000000000000
0.0000000000000001 1.0000000000000000 0.0000000000000000
0.0000000000000001 1.0000000000000000 0.0000000000000000
0.0000000000000001 1.0000000000000000 0.0000000000000000
0.0000000000000001 1.0000000000000000 0.0000000000000000
0.0000000000000001 1.0000000000000000 0.0000000000000000
0.0000000000000001 1.0000000000000000 0.0000000000000000
0.0000000000000001 1.0000000000000000 0.0000000000000000
0.0000000000000001 1.0000000000000000 0.0000000000000000
0.0000000000000001 1.0000000000000000 0.0000000000000000
0.0000000000000001 1.0000000000000000 0.0000000000000000
0.0000000000000001 1.0000000000000000 0.0000000000000000
0.0000000000000001 1.0000000000000000 0.0000000000000000
0.0000000000000001 1.0000000000000000 0.0000000000000000
0.0000000000000001 1.0000000000000000 0.0000000000000000
0.0000000000000001 1.0000000000000000 0.0000000000000000
0.0000000000000001 1.0000000000000000 0.0000000000000000
0.0000000000000001 1.0000000000000000 0.0000000000000000
0.0000000000000001 1.0000000000000000 0.0000000000000000
0.0000000000000001 1.0000000000000000 0.0000000000000000
0.0000000000000001 1.0000000000000000 0.0000000000000000
0.0000000000000001 1.0000000000000000 0.0000000000000000
0.0000000000000001 1.0000000000000000 0.0000000000000000
0.0000000000000001 1.0000000000000000 0.0000000000000000
0.0000000000000001 1.0000000000000000 0.0000000000000000
0.0000000000000001 1.0000000000000000 0.0000000000000000
0.0000000000000001 1.0000000000000000 0.0000000000000000
0.0000000000000001 1.0000000000000000 0.0000000000000000
0.0000000000000001 1.0000000000000000 0.0000000000000000
0.0000000000000001 1.0000000000000000 0.0000000000000000
0.0000000000000001 1.0000000000000000 0.0000000000000000
0.0000000000000001 1.0000000000000000 0.0000000000000000
0.0000000000000001 1.0000000000000000 0.0000000000000000
0.0000000000000001 1.0000000000000000 0.0000000000000000
0.0000000000000001 1.0000000000000000 0.0000000000000000
0.0000000000000001 1.0000000000000000 0.0000000000000000
0.0000000000000001 1.0000000000000000 0.0000000000000000
0.0000000000000001 1.0000000000000000 0.0000000000000000
0.0000000000000001 1.0000000000000000 0.0000000000000000
0.0000000000000001 1.0000000000000000 0.0000000000000000
0.0000000000000001 1.0000000000000000 0.0000000000000000
0.0000000000000001 1.0000000000000000 0.0000000000000000
0.0000000000000001 1.0000000000000000 0.0000000000000000
0.0000000000000001 1.0000000000000000 0.0000000000000000
0.0000000000000001 1.0000000000000000 0.0000000000000000
0.0000000000000001 1.0000000000000000 0.0000000000000000
0.0000000000000001 1.0000000000000000 0.0000000000000000
0.0000000000000001 1.0000000000000000 0.0000000000000000
0.0000000000000001 1.0000000000000000 0.0000000000000000
0.0000000000000001 1.0000000000000000 0.0000000000000000
0.0000000000000001 1.0000000000000000 0.0000000000000000
0.0000000000000001 1.0000000000000000 0.0000000000000000
0.0000000000000001 1.0000000000000000 0.0000000000000000
0.0000000000000001 1.0000000000000000 0.0000000000000000
0.0000000000000001 1.0000000000000000 0.0000000000000000
0.0000000000000001 1.0000000000000000 0.0000000000000000
0.0000000000000001 1.0000000000000000 0.0000000000000000
0.0000000000000001 1.0000000000000000 0.0000000000000000
0.0000000000000001 1.0000000000000000 0.0000000000000000
0.0000000000000001 1.0000000000000000 0.0000000000000000
0.0000000000000001 1.0000000000000000 0.0000000000000000
0.0000000000000001 1.0000000000000000 0.0000000000000000
0.0000000000000001 1.0000000000000000 0.0000000000000000
0.0000000000000001 1.0000000000000000 0.0000000000000000
0.0000000000000001 1.0000000000000000 0.0000000000000000
0.0000000000000001 1.0000000000000000 0.0000000000000000
0.0000000000000001 1.0000000000000000 0.0000000000000000
0.0000000000000001 1.0000000000000000 0.0000000000000000
0.0000000000000001 1.0000000000000000 0.0000000000000000
0.0000000000000001 1.0000000000000000 0.0000000000000000
0.0000000000000001 1.0000000000000000 0.0000000000000000
0.0000000000000001 1.0000000000000000 0.0000000000000000
0.0000000000000001 1.0000000000000000 0.0000000000000000
0.0000000000000001 1.0000000000000000 0.0000000000000000
0.0000000000000001 1.0000000000000000 0.0000000000000000
0.0000000000000001 1.0000000000000000 0.0000000000000000
0.0000000000000001 1.0000000000000000 0.0000000000000000
0.0000000000000001 1.0000000000000000 0.0000000000000000
0.0000000000000001 1.0000000000000000 0.0000000000000000
0.0000000000000001 1.0000000000000000 0.0000000000000000
0.0000000000000001 1.0000000000000000 0.0000000000000000
0.0000000000000001 1.0000000000000000 0.0000000000000000
0.0000000000000001 1.0000000000000000 0.0000000000000000
0.0000000000000001 1.0000000000000000 0.0000000000000000
0.0000000000000001 1.0000000000000000 0.0000000000000000
0.0000000000000001 1.0000000000000000 0.0000000000000000
0.0000000000000001 1.0000000000000000 0.0000000000000000
0.0000000000000001 1.0000000000000000 0.0000000000000000
0.0000000000000001 1.0000000000000000 0.0000000000000000
0.0000000000000001 1.0000000000000000 0.0000000000000000
0.0000000000000001 1.0000000000000000 0.0000000000000000
0.0000000000000001 1.0000000000000000 0.0000000000000000
0.0000000000000001 1.0000000000000000 0.0000000000000000
0.0000000000000001 1.0000000000000000 0.0000000000000000
0.0000000000000001 1.0000000000000000 0.0000000000000000
0.0000000000000001 1.0000000000000000 0.0000000000000000
0.0000000000000001 1.0000000000000000 0.0000000000000000
0.0000000000000001 1.0000000000000000 0.0000000000000000
0.0000000000000001 1.0000000000000000 0.0000000000000000
0.0000000000000001 1.0000000000000000 0.0000000000000000
0.0000000000000001 1.0000000000000000 0.0000000000000000
0.0000000000000001 1.0000000000000000 0.0000000000000000
0.0000000000000001 1.0000000000000000 0.0000000000000000
0.0000000000000001 1.0000000000000000 0.0000000000000000
0.0000000000000001 1.0000000000000000 0.0000000000000000
0.0000000000000001 1.0000000000000000 0.0000000000000000
0.0000000000000001 1.0000000000000000 0.0000000000000000
0.0000000000000001 1.0000000000000000 0.0000000000000000
0.0000000000000001 1.0000000000000000 0.0000000000000000
0.0000000000000001 1.0000000000000000 0.0000000000000000
0.0000000000000001 1.0000000000000000 0.0000000000000000
0.0000000000000001 1.0000000000000000 0.0000000000000000
0.0000000000000001 1.0000000000000000 0.0000000000000000
0.0000000000000001 1.0000000000000000 0.0000000000000000
0.0000000000000001 1.0000000000000000 0.0000000000000000
0.0000000000000001 1.0000000000000000 0.0000000000000000
0.0000000000000001 1.0000000000000000 0.0000000000000000
0.0000000000000001 1.0000000000000000 0.0000000000000000
0.0000000000000001 1.0000000000000000 0.0000000000000000
0.0000000000000001 1.0000000000000000 0.0000000000000000
0.0000000000000001 1.0000000000000000 0.0000000000000000
0.0000000000000001 1.0000000000000000 0.0000000000000000
0.0000000000000001 1.0000000000000000 0.0000000000000000
0.0000000000000001 1.0000000000000000 0.0000000000000000
0.0000000000000001 1.0000000000000000 0.0000000000000000
0.0000000000000001 1.0000000000000000 0.0000000000000000
0.0000000000000001 1.0000000000000000 0.0000000000000000
0.0000000000000001 1.0000000000000000 0.0000000000000000
0.0000000000000001 1.0000000000000000 0.0000000000000000
0.0000000000000001 1.0000000000000000 0.0000000000000000
0.0000000000000001 1.0000000000000000 0.0000000000000000
0.0000000000000001 1.0000000000000000 0.0000000000000000
0.0000000000000001 1.0000000000000000 0.0000000000000000
0.0000000000000001 1.0000000000000000 0.0000000000000000
0.0000000000000001 1.0000000000000000 0.0000000000000000
0.0000000000000001 1.0000000000000000 0.0000000000000000
0.0000000000000001 1.0000000000000000 0.0000000000000000
0.0000000000000001 1.0000000000000000 0.0000000000000000
0.0000000000000001 1.0000000000000000 0.0000000000000000
0.0000000000000001 1.0000000000000000 0.0000000000000000
0.0000000000000001 1.0000000000000000 0.0000000000000000
0.0000000000000001 1.0000000000000000 0.0000000000000000
0.0000000000000001 1.0000000000000000 0.0000000000000000
0.0000000000000001 1.0000000000000000 0.0000000000000000
0.0000000000000001 1.0000000000000000 0.0000000000000000
0.0000000000000001 1.0000000000000000 0.0000000000000000
0.0000000000000001 1.0000000000000000 0.0000000000000000
0.0000000000000001 1.0000000000000000 0.0000000000000000
0.0000000000000001 1.0000000000000000 0.0000000000000000
0.0000000000000001 1.0000000000000000 0.0000000000000000
0.0000000000000001 1.0000000000000000 0.0000000000000000
0.0000000000000001 1.0000000000000000 0.0000000000000000
0.0000000000000001 1.0000000000000000 0.0000000000000000
0.0000000000000001 1.0000000000000000 0.0000000000000000
0.0000000000000001 1.0000000000000000 0.0000000000000000
0.0000000000000001 1.0000000000000000 0.0000000000000000
0.0000000000000001 1.0000000000000000 0.0000000000000000
0.0000000000000001 1.0000000000000000 0.0000000000000000
0.0000000000000001 1.0000000000000000 0.0000000000000000
0.0000000000000001 1.0000000000000000 0.0000000000000000
0.0000000000000001 1.0000000000000000 0.0000000000000000
0.0000000000000001 1.0000000000000000 0.0000000000000000
0.0000000000000001 1.0000000000000000 0.0000000000000000
0.0000000000000001 1.0000000000000000 0.0000000000000000
0.0000000000000001 1.0000000000000000 0.0000000000000000
0.0000000000000001 1.0000000000000000 0.0000000000000000
0.0000000000000001 1.0000000000000000 0.0000000000000000
0.0000000000000001 1.0000000000000000 0.0000000000000000
0.0000000000000001 1.0000000000000000 0.0000000000000000
0.0000000000000001 1.0000000000000000 0.0000000000000000
0.0000000000000001 1.0000000000000000 0.0000000000000000
0.0000000000000001 1.0000000000000000 0.0000000000000000
0.0000000000000001 1.0000000000000000 0.0000000000000000
0.0000000000000001 1.0000000000000000 0.0000000000000000
0.0000000000000001 1.0000000000000000 0.0000000000000000
0.0000000000000001 1.0000000000000000 0.0000000000000000
0.0000000000000001 1.0000000000000000 0.0000000000000000
0.0000000000000001 1.0000000000000000 0.0000000000000000
0.0000000000000001 1.0000000000000000 0.0000000000000000
0.0000000000000001 1.0000000000000000 0.0000000000000000
0.0000000000000001 1.0000000000000000 0.0000000000000000
0.0000000000000001 1.0000000000000000 0.0000000000000000
0.0000000000000001 1.0000000000000000 0.0000000000000000
0.0000000000000001 1.0000000000000000 0.0000000000000000
0.0000000000000001 1.0000000000000000 0.0000000000000000
0.0000000000000001 1.0000000000000000 0.0000000000000000
0.0000000000000001 1.0000000000000000 0.0000000000000000
0.0000000000000001 1.0000000000000000 0.0000000000000000
0.0000000000000001 1.0000000000000000 0.0000000000000000
0.0000000000000001 1.0000000000000000 0.0000000000000000
0.0000000000000001 1.0000000000000000 0.0000000000000000
0.0000000000000001 1.0000000000000000 0.0000000000000000
0.0000000000000001 1.0000000000000000 0.0000000000000000
0.0000000000000001 1.0000000000000000 0.0000000000000000
0.0000000000000001 1.0000000000000000 0.0000000000000000
0.0000000000000001 1.0000000000000000 0.0000000000000000
0.0000000000000001 1.0000000000000000 0.0000000000000000
0.0000000000000001 1.0000000000000000 0.0000000000000000
0.0000000000000001 1.0000000000000000 0.0000000000000000
0.0000000000000001 1.0000000000000000 0.0000000000000000
0.0000000000000001 1.0000000000000000 0.0000000000000000
0.0000000000000001 1.0000000000000000 0.0000000000000000
0.0000000000000001 1.0000000000000000 0.0000000000000000
0.0000000000000001 1.0000000000000000 0.0000000000000000
0.0000000000000001 1.0000000000000000 0.0000000000000000
0.0000000000000001 1.0000000000000000 0.0000000000000000
0.0000000000000001 1.0000000000000000 0.0000000000000000
0.0000000000000001 1.0000000000000000 0.0000000000000000
0.0000000000000001 1.0000000000000000 0.0000000000000000
0.0000000000000001 1.0000000000000000 0.0000000000000000
0.0000000000000001 1.0000000000000000 0.0000000000000000
0.0000000000000001 1.0000000000000000 0.0000000000000000
0.0000000000000001 1.0000000000000000 0.0000000000000000
0.0000000000000001 1.0000000000000000 0.0000000000000000
0.0000000000000001 1.0000000000000000 0.0000000000000000
0.0000000000000001 1.0000000000000000 0.0000000000000000
0.0000000000000001 1.0000000000000000 0.0000000000000000
0.0000000000000001 1.0000000000000000 0.0000000000000000
0.0000000000000001 1.0000000000000000 0.0000000000000000
0.0000000000000001 1.0000000000000000 0.0000000000000000
0.0000000000000001 1.0000000000000000 0.0000000000000000
0.0000000000000001 1.0000000000000000 0.0000000000000000
0.0000000000000001 1.0000000000000000 0.0000000000000000
0.0000000000000001 1.0000000000000000 0.0000000000000000
0.0000000000000001 1.0000000000000000 0.0000000000000000
0.0000000000000001 1.0000000000000000 0.0000000000000000
0.0000000000000001 1.0000000000000000 0.0000000000000000
0.0000000000000001 1.0000000000000000 0.0000000000000000
0.0000000000000001 1.0000000000000000 0.0000000000000000
0.0000000000000001 1.0000000000000000 0.0000000000000000
0.0000000000000001 1.0000000000000000 0.0000000000000000
0.0000000000000001 1.0000000000000000 0.0000000000000000
0.0000000000000001 1.0000000000000000 0.0000000000000000
0.0000000000000001 1.0000000000000000 0.0000000000000000
0.0000000000000001 1.0000000000000000 0.0000000000000000
0.0000000000000001 1.0000000000000000 0.0000000000000000

SCALARS f:region int 1
LOOKUP_TABLE default
2
2
2
2
2
2
2
2
2
2
2
2
2
2
2
2
2
2
2
2
2
2
2
2
2
2
2
2
2
2
2
2
2
2
2
2
2
2
2
2
2
2
2
2
2
2
2
2
2
2
2
2
2
2
2
2
2
2
2
2
2
2
2
2
2
2
2
2
2
2
2
2
2
2
2
2
2
2
2
2
2
2
2
2
2
2
2
2
2
2
2
2
2
2
2
2
2
2
2
2
2
2
2
2
2
2
2
2
2
2
2
2
2
2
2
2
2
2
2
2
2
2
2
2
2
2
2
2
2
2
2
2
2
2
2
2
2
2
2
2
2
2
2
2
2
2
2
2
2
2
2
2
2
2
2
2
2
2
2
2
2
2
2
2
2
2
2
2
2
2
2
2
2
2
2
2
2
2
2
2
2
2
2
2
2
2
2
2
2
2
2
2
2
2
2
2
2
2
2
2
2
2
2
2
2
2
2
2
2
2
2
2
2
2
2
2
2
2
2
2
2
2
2
2
2
2
2
2
2
2
2
2
2
2
2
2
2
2
2
2
2
2
2
2
2
2
2
2
2
2
2
2
2
2
2
2
2
2
2
2
2
2
2
2
2
2
2
2
2
2
2
2
2
2
2
2
2
2
2
2
2
2
2
2
2
2
2
2
2
2
2
2
2
2
2
2
2
2
2
2
2
2
2
2
2
2
2
2
2
2
2
2
2
2
2
2
2
2
2
2
2
2
2
2
2
2
2
2
2
2
2
2
2
2
2
2
2
2
2
2
2
2
2
2
2
2
2
2
2
2
2
2
2
2
2
2
2
2
2
2
2
2
2
2
2
2
2
2
2
2
2
2
2
2
2
2
2
2
2
2
2
2
2
2
2
2
2
2
2
2
2
2
2
2
2
2
2
2
2
2
2
2
2
2
2
2
2
2
2
2
2
2
2
2
2
2
2
2
2
2
2
2
2
2
2
2
2
2
2
2
2
2
2
2
2
2
2
2
2
2
2
2
2
2
2
2
2
2
2
2
2
2
2
2
2
2
2
2
2
2
2
2
2
2
2
2
2
2
2
2
2
2
2
2
2
2
2
2
2
2
2
2
2
2
2
2
2
2
2
2
2
2
2
2
2
2
2
2
2
2
2
2
2
2
2
2
2
2
2
2
2
2
2
2
2
2
2
2
2
2
2
2
2
2
2
2
2
2
2
2
2
2
2
2
2
2
2
2
2
2
2
2
2
2
2
2
2
2
2
2
2
2
2
2
2
2
2
2
2
2
2
2
2
2
2
2
2
2
2
2
2
2
2
2
2
2
2
2
2
2
2
2
2
2
2
2
2
2
2
2
2
2
2
2
2
2
2
2
2
2
2
2
2
2
2
2
2
2
2
2
2
2
2
2
2
2
2
2
2
2
2
2
2
2
2
2
2
2
2
2
2
2
2
2
2
2
2
2
2
2
2
2
2
2
2
2
2
2
2
2
2
2
2
2
2
2
2
2
2
2
2
2
2
2
2
2
2
2
2
2
2
2
2
2
2
2
2
2
2
2
2
2
2
2
2
2
2
2
2
2
2
2
2
2
2
2
2
2
2
2
2
2
2
2
2
2
2
2
2
2
2
2
2
2
2
2
2
2
2
2
2
2
2
2
2
2
2
2
2
2
2
2
2
2
2
2
2
2
2
2
2
2
2
2
2
2
2
2
2
2
2
2
2
2
2
2
2
2
2
2
2
2
2
2
2
2
2
2
2
2
2
2
2
2
2
2
2
2
2
2
2
2
2
2
2
2
2
2
2
2
2
2
2
2
2
2
2
2
2
2
2
2
2
2
2
2
2
2
2
2
2
2
2
2
2
2
2
2
2
2
2
2
2
2
2
2
2
2
2
2
2
2
2
2
2
2
2
2
2
2
2
2
2
2
2
2
2
2
2
2
2
2
2
2
2
2
2
2
2
2
2
2
2
2
2
2
2
2
2
2
2
2
2
2
2
2
2
2
2
2
2
2
2
2
2
2
2
2
2
2
2
2
2
2
2
2
2
2
2
2
2
2
2
2
2
2
2
2
2
2
2
2
2
2
2
2
2
2
2
2
2
2
2
2
2
2
2
2
2
2
2
2
2
2
2
2
2
2
2
2
2
2
2
2
2
2
2
2
2
2
2
2
2
2
2
2
2
2
2
2
2
2
2
2
2
2
2
2
2
2
2
2
2
2
2
2
2
2
2
2
2
2
2
2
2
2
2
2
2
2
2
2
2
2
2
2
2
2
2
2
2
2
2
2
2
2
2
2
2
2
2
2
2
2
2
2
2
2
2
2
2
2
2
2
2
2
2
2
2
2
2
2
2
2
2
2
2
2
2
2
2
2
2
2
2
2
2
2
2
2
2
2
2
2
2
2
2
2
2
2
2
2
2
2
2
2
2
2
2
2
2
2
2
2
2
2
2
2
2
2
2
2
2
2
2
2
2
2
2
2
2
2
2
2
2
2
2
2
2
2
2
2
2
2
2
2
2
2
2
2
2
2
2
2
2
2
2
2
2
2
2
2
2
2
2
2
2
2
2
2
2
2
2
2
2
2
2
2
2
2
2
2
2
2
2
2
2
2
2
2
2
2
2
2
2
2
2
2
2
2
2
2
2
2
2
2
2
2
2
2
2
2
2
2
2
2
2
2
2
2
2
2
2
2
2
2
2
2
2
2
2
2
2
2
2
2
2
2
2
2
2
2
2
2
2
2
2
2
2
2
2
2
2
2
2
2
2
2
2
2
2
2
2
2
2
2
2
2
2
2
2
2
2
2
2
2
2
2
2
2
2
2
2
2
2
2
2
2
2
2
2
2
2
2
2
2
2
2
2
2
2
2
2
2
2
2
2
2
2
2
2
2
2
2
2
2
2
2
2
2
2
2
2
2
2
2
2
2
2
2
2
2
2
2
2
2
2
2
2
2
2
2
2
2
2
2
2
2
2
2
2
2
2
2
2
2
2
2
2
2
2
2
2
2
2
2
2
2
2
2
2
2
2
2
2
2
2
2
2
2
2
2
2
2
2
2
2
2
2
2
2
2
2
2
2
2
2
2
2
2
2
2
2
2
2
2
2
2
2
2
2
2
2
2
2
2
2
2
2
2
2
2
2
2
2
2
2
2
2
2
2
2
2
2
2
2
2
2
2
2
2
2
2
2
2
2
2
2
2
2
2
2
2
2
2
2
2
2
2
2
2
2
2
2
2
2
2
2
2
2
2
2
2
2
2
2
2
2
2
2
2
2
2
2
2
2
2
2
2
2
2
2
2
2
2
2
2
2
2
2
2
2
2
2
2
2
2
2
2
2
2
2
2
2
2
2
2
2
2
2
2
2
2
2
2
2
2
2
2
2
2
2
2
2
2
2
2
2
2
2
2
2
2
2
2
2
2
2
2
2
2
2
2
2
2
2
2
2
2
2
2
2
2
2
2
2
2
2
2
2
2
2
2
2
2
2
2
2
2
2
2
2
2
2
2
2
2
2
2
2
2
2
2
2
2
2
2
2
2
2
2
2
2
2
2
2
2
2
2
2
2
2
2
2
2
2
2
2
2
2
2
2
2
2
2
2
2
2
2
2
2
2
2
2
2
2
2
2
2
2
2
2
2
2
2
2
2
2
2
2
2
2
2
2
2
2
2
2
2
2
2
2
2
2
2
2
2
2
2
2
2
2
2
2
2
2
2
2
2
2
2
2
2
2
2
2
2
2
2
2
2
2
2
2
2
2
2
2
2
2
2
2
2
2
2
2
2
2
2
2
2
2
2
2
2
2
2
2
2
2
2
2
2
2
2
2
2
2
2
2
2
2
2
2
2
2
2
2
2
2
2
2
2
2
2
2
2
2
2
2
2
2
2
2
2
2
2
2
2
2
2
2
2
2
2
2
2
2
2
2
2
2
2
2
2
2
2
2
2
2
2
2
2
2
2
2
2
2
2
2
2
2
2
2
2
2
2
2
2
2
2
2
2
2
2
2
2
2
2
2
2
2
2
2
2
2
2
2
2
2
2
2
2
2
2
2
2
2
4
4
4
4
4
4
4
4
4
4
4
4
4
4
4
4
4
4
4
4
4
4
4
4
4
4
4
4
4
4
4
4
4
4
4
4
4
4
4
4
4
4
4
4
4
4
4
4
4
4
4
4
4
4
4
4
4
4
4
4
4
4
4
4
4
4
4
4
4
4
4
4
4
4
4
4
4
4
4
4
4
4
4
4
4
4
4
4
4
4
4
4
4
4
4
4
4
4
4
4
4
4
4
4
4
4
4
4
4
4
4
4
4
4
4
4
4
4
4
4
4
4
4
4
4
4
4
4
4
4
4
4
4
4
4
4
4
4
4
4
4
4
4
4
4
4
4
4
4
4
4
4
4
4
4
4
4
4
4
4
4
4
4
4
4
4
4
4
4
4
4
4
4
4
4
4
4
4
4
4
4
4
4
4
4
4
4
4
4
4
4
4
4
4
4
4
4
4
4
4
4
4
4
4
4
4
4
4
4
4
4
4
4
4
4
4
4
4
4
4
4
4
4
4
4
4
4
4
4
4
4
4
4
4
4
4
4
4
4
4

SCALARS f:thickness double 1
LOOKUP_TABLE default
0.4000000000000000
0.4000000000000000
0.4000000000000000
0.4000000000000000
0.4000000000000000
0.4000000000000000
0.4000000000000000
0.4000000000000000
0.4000000000000000
0.4000000000000000
0.4000000000000000
0.4000000000000000
0.4000000000000000
0.4000000000000000
0.4000000000000000
0.4000000000000000
0.4000000000000000
0.4000000000000000
0.4000000000000000
0.4000000000000000
0.4000000000000000
0.4000000000000000
0.4000000000000000
0.4000000000000000
0.4000000000000000
0.4000000000000000
0.4000000000000000
0.4000000000000000
0.4000000000000000
0.4000000000000000
0.4000000000000000
0.4000000000000000
0.4000000000000000
0.4000000000000000
0.4000000000000000
0.4000000000000000
0.4000000000000000
0.4000000000000000
0.4000000000000000
0.4000000000000000
0.4000000000000000
0.4000000000000000
0.4000000000000000
0.4000000000000000
0.4000000000000000
0.4000000000000000
0.4000000000000000
0.4000000000000000
0.4000000000000000
0.4000000000000000
0.4000000000000000
0.4000000000000000
0.4000000000000000
0.4000000000000000
0.4000000000000000
0.4000000000000000
0.4000000000000000
0.4000000000000000
0.4000000000000000
0.4000000000000000
0.4000000000000000
0.4000000000000000
0.4000000000000000
0.4000000000000000
0.4000000000000000
0.4000000000000000
0.4000000000000000
0.4000000000000000
0.4000000000000000
0.4000000000000000
0.4000000000000000
0.4000000000000000
0.4000000000000000
0.4000000000000000
0.4000000000000000
0.4000000000000000
0.4000000000000000
0.4000000000000000
0.4000000000000000
0.4000000000000000
0.4000000000000000
0.4000000000000000
0.4000000000000000
0.4000000000000000
0.4000000000000000
0.4000000000000000
0.4000000000000000
0.4000000000000000
0.4000000000000000
0.4000000000000000
0.4000000000000000
0.4000000000000000
0.4000000000000000
0.4000000000000000
0.4000000000000000
0.4000000000000000
0.4000000000000000
0.4000000000000000
0.4000000000000000
0.4000000000000000
0.4000000000000000
0.4000000000000000
0.4000000000000000
0.4000000000000000
0.4000000000000000
0.4000000000000000
0.4000000000000000
0.4000000000000000
0.4000000000000000
0.4000000000000000
0.4000000000000000
0.4000000000000000
0.4000000000000000
0.4000000000000000
0.4000000000000000
0.4000000000000000
0.4000000000000000
0.4000000000000000
0.4000000000000000
0.4000000000000000
0.4000000000000000
0.4000000000000000
0.4000000000000000
0.4000000000000000
0.4000000000000000
0.4000000000000000
0.4000000000000000
0.4000000000000000
0.4000000000000000
0.4000000000000000
0.4000000000000000
0.4000000000000000
0.4000000000000000
0.4000000000000000
0.4000000000000000
0.4000000000000000
0.4000000000000000
0.4000000000000000
0.4000000000000000
0.4000000000000000
0.4000000000000000
0.4000000000000000
0.4000000000000000
0.4000000000000000
0.4000000000000000
0.4000000000000000
0.4000000000000000
0.4000000000000000
0.4000000000000000
0.4000000000000000
0.4000000000000000
0.4000000000000000
0.4000000000000000
0.4000000000000000
0.4000000000000000
0.4000000000000000
0.4000000000000000
0.4000000000000000
0.4000000000000000
0.4000000000000000
0.4000000000000000
0.4000000000000000
0.4000000000000000
0.4000000000000000
0.4000000000000000
0.4000000000000000
0.4000000000000000
0.4000000000000000
0.4000000000000000
0.4000000000000000
0.4000000000000000
0.4000000000000000
0.4000000000000000
0.4000000000000000
0.4000000000000000
0.4000000000000000
0.4000000000000000
0.4000000000000000
0.4000000000000000
0.4000000000000000
0.4000000000000000
0.4000000000000000
0.4000000000000000
0.4000000000000000
0.4000000000000000
0.4000000000000000
0.4000000000000000
0.4000000000000000
0.4000000000000000
0.4000000000000000
0.4000000000000000
0.4000000000000000
0.4000000000000000
0.4000000000000000
0.4000000000000000
0.4000000000000000
0.4000000000000000
0.4000000000000000
0.4000000000000000
0.4000000000000000
0.4000000000000000
0.4000000000000000
0.4000000000000000
0.4000000000000000
0.4000000000000000
0.4000000000000000
0.4000000000000000
0.4000000000000000
0.4000000000000000
0.4000000000000000
0.4000000000000000
0.4000000000000000
0.4000000000000000
0.4000000000000000
0.4000000000000000
0.4000000000000000
0.4000000000000000
0.4000000000000000
0.4000000000000000
0.4000000000000000
0.4000000000000000
0.4000000000000000
0.4000000000000000
0.4000000000000000
0.4000000000000000
0.4000000000000000
0.4000000000000000
0.4000000000000000
0.4000000000000000
0.4000000000000000
0.4000000000000000
0.4000000000000000
0.4000000000000000
0.4000000000000000
0.4000000000000000
0.4000000000000000
0.4000000000000000
0.4000000000000000
0.4000000000000000
0.4000000000000000
0.4000000000000000
0.4000000000000000
0.4000000000000000
0.4000000000000000
0.4000000000000000
0.4000000000000000
0.4000000000000000
0.4000000000000000
0.4000000000000000
0.4000000000000000
0.4000000000000000
0.4000000000000000
0.4000000000000000
0.4000000000000000
0.4000000000000000
0.4000000000000000
0.4000000000000000
0.4000000000000000
0.4000000000000000
0.4000000000000000
0.4000000000000000
0.4000000000000000
0.4000000000000000
0.4000000000000000
0.4000000000000000
0.4000000000000000
0.4000000000000000
0.4000000000000000
0.4000000000000000
0.4000000000000000
0.4000000000000000
0.4000000000000000
0.4000000000000000
0.4000000000000000
0.4000000000000000
0.4000000000000000
0.4000000000000000
0.4000000000000000
0.4000000000000000
0.4000000000000000
0.4000000000000000
0.4000000000000000
0.4000000000000000
0.4000000000000000
0.4000000000000000
0.4000000000000000
0.4000000000000000
0.4000000000000000
0.4000000000000000
0.4000000000000000
0.4000000000000000
0.4000000000000000
0.4000000000000000
0.4000000000000000
0.4000000000000000
0.4000000000000000
0.4000000000000000
0.4000000000000000
0.4000000000000000
0.4000000000000000
0.4000000000000000
0.4000000000000000
0.4000000000000000
0.4000000000000000
0.4000000000000000
0.4000000000000000
0.4000000000000000
0.4000000000000000
0.4000000000000000
0.4000000000000000
0.4000000000000000
0.4000000000000000
0.4000000000000000
0.4000000000000000
0.4000000000000000
0.4000000000000000
0.4000000000000000
0.4000000000000000
0.4000000000000000
0.4000000000000000
0.4000000000000000
0.4000000000000000
0.4000000000000000
0.4000000000000000
0.4000000000000000
0.4000000000000000
0.4000000000000000
0.4000000000000000
0.4000000000000000
0.4000000000000000
0.4000000000000000
0.4000000000000000
0.4000000000000000
0.4000000000000000
0.4000000000000000
0.4000000000000000
0.4000000000000000
0.4000000000000000
0.4000000000000000
0.4000000000000000
0.4000000000000000
0.4000000000000000
0.4000000000000000
0.4000000000000000
0.4000000000000000
0.4000000000000000
0.4000000000000000
0.4000000000000000
0.4000000000000000
0.4000000000000000
0.4000000000000000
0.4000000000000000
0.4000000000000000
0.4000000000000000
0.4000000000000000
0.4000000000000000
0.4000000000000000
0.4000000000000000
0.4000000000000000
0.4000000000000000
0.4000000000000000
0.4000000000000000
0.4000000000000000
0.4000000000000000
0.4000000000000000
0.4000000000000000
0.4000000000000000
0.4000000000000000
0.4000000000000000
0.4000000000000000
0.4000000000000000
0.4000000000000000
0.4000000000000000
0.4000000000000000
0.4000000000000000
0.4000000000000000
0.4000000000000000
0.4000000000000000
0.4000000000000000
0.4000000000000000
0.4000000000000000
0.4000000000000000
0.4000000000000000
0.4000000000000000
0.4000000000000000
0.4000000000000000
0.4000000000000000
0.4000000000000000
0.4000000000000000
0.4000000000000000
0.4000000000000000
0.4000000000000000
0.4000000000000000
0.4000000000000000
0.4000000000000000
0.4000000000000000
0.4000000000000000
0.4000000000000000
0.4000000000000000
0.4000000000000000
0.4000000000000000
0.4000000000000000
0.4000000000000000
0.4000000000000000
0.4000000000000000
0.4000000000000000
0.4000000000000000
0.4000000000000000
0.4000000000000000
0.4000000000000000
0.4000000000000000
0.4000000000000000
0.4000000000000000
0.4000000000000000
0.4000000000000000
0.4000000000000000
0.4000000000000000
0.4000000000000000
0.4000000000000000
0.4000000000000000
0.4000000000000000
0.4000000000000000
0.4000000000000000
0.4000000000000000
0.4000000000000000
0.4000000000000000
0.4000000000000000
0.4000000000000000
0.4000000000000000
0.4000000000000000
0.4000000000000000
0.4000000000000000
0.4000000000000000
0.4000000000000000
0.4000000000000000
0.4000000000000000
0.4000000000000000
0.4000000000000000
0.4000000000000000
0.4000000000000000
0.4000000000000000
0.4000000000000000
0.4000000000000000
0.4000000000000000
0.4000000000000000
0.4000000000000000
0.4000000000000000
0.4000000000000000
0.4000000000000000
0.4000000000000000
0.4000000000000000
0.4000000000000000
0.4000000000000000
0.4000000000000000
0.4000000000000000
0.4000000000000000
0.4000000000000000
0.4000000000000000
0.4000000000000000
0.4000000000000000
0.4000000000000000
0.4000000000000000
0.4000000000000000
0.4000000000000000
0.4000000000000000
0.4000000000000000
0.4000000000000000
0.4000000000000000
0.4000000000000000
0.4000000000000000
0.4000000000000000
0.4000000000000000
0.4000000000000000
0.4000000000000000
0.4000000000000000
0.4000000000000000
0.4000000000000000
0.4000000000000000
0.4000000000000000
0.4000000000000000
0.4000000000000000
0.4000000000000000
0.4000000000000000
0.4000000000000000
0.4000000000000000
0.4000000000000000
0.4000000000000000
0.4000000000000000
0.4000000000000000
0.4000000000000000
0.4000000000000000
0.4000000000000000
0.4000000000000000
0.4000000000000000
0.4000000000000000
0.4000000000000000
0.4000000000000000
0.4000000000000000
0.4000000000000000
0.4000000000000000
0.4000000000000000
0.4000000000000000
0.4000000000000000
0.4000000000000000
0.4000000000000000
0.4000000000000000
0.4000000000000000
0.4000000000000000
0.4000000000000000
0.4000000000000000
0.4000000000000000
0.4000000000000000
0.4000000000000000
0.4000000000000000
0.4000000000000000
0.4000000000000000
0.4000000000000000
0.4000000000000000
0.4000000000000000
0.4000000000000000
0.4000000000000000
0.4000000000000000
0.4000000000000000
0.4000000000000000
0.4000000000000000
0.4000000000000000
0.4000000000000000
0.4000000000000000
0.4000000000000000
0.4000000000000000
0.4000000000000000
0.4000000000000000
0.4000000000000000
0.4000000000000000
0.4000000000000000
0.4000000000000000
0.4000000000000000
0.4000000000000000
0.4000000000000000
0.4000000000000000
0.4000000000000000
0.4000000000000000
0.4000000000000000
0.4000000000000000
0.4000000000000000
0.4000000000000000
0.4000000000000000
0.4000000000000000
0.4000000000000000
0.4000000000000000
0.4000000000000000
0.4000000000000000
0.4000000000000000
0.4000000000000000
0.4000000000000000
0.4000000000000000
0.4000000000000000
0.4000000000000000
0.4000000000000000
0.4000000000000000
0.4000000000000000
0.4000000000000000
0.4000000000000000
0.4000000000000000
0.4000000000000000
0.4000000000000000
0.4000000000000000
0.4000000000000000
0.4000000000000000
0.4000000000000000
0.4000000000000000
0.4000000000000000
0.4000000000000000
0.4000000000000000
0.4000000000000000
0.4000000000000000
0.4000000000000000
0.4000000000000000
0.4000000000000000
0.4000000000000000
0.4000000000000000
0.4000000000000000
0.4000000000000000
0.4000000000000000
0.4000000000000000
0.4000000000000000
0.4000000000000000
0.4000000000000000
0.4000000000000000
0.4000000000000000
0.4000000000000000
0.4000000000000000
0.4000000000000000
0.4000000000000000
0.4000000000000000
0.4000000000000000
0.4000000000000000
0.4000000000000000
0.4000000000000000
0.4000000000000000
0.4000000000000000
0.4000000000000000
0.4000000000000000
0.4000000000000000
0.4000000000000000
0.4000000000000000
0.4000000000000000
0.4000000000000000
0.4000000000000000
0.4000000000000000
0.4000000000000000
0.4000000000000000
0.4000000000000000
0.4000000000000000
0.4000000000000000
0.4000000000000000
0.4000000000000000
0.4000000000000000
0.4000000000000000
0.4000000000000000
0.4000000000000000
0.4000000000000000
0.4000000000000000
0.4000000000000000
0.4000000000000000
0.4000000000000000
0.4000000000000000
0.4000000000000000
0.4000000000000000
0.4000000000000000
0.4000000000000000
0.4000000000000000
0.4000000000000000
0.4000000000000000
0.4000000000000000
0.4000000000000000
0.4000000000000000
0.4000000000000000
0.4000000000000000
0.4000000000000000
0.4000000000000000
0.4000000000000000
0.4000000000000000
0.4000000000000000
0.4000000000000000
0.4000000000000000
0.4000000000000000
0.4000000000000000
0.4000000000000000
0.4000000000000000
0.4000000000000000
0.4000000000000000
0.4000000000000000
0.4000000000000000
0.4000000000000000
0.4000000000000000
0.4000000000000000
0.4000000000000000
0.4000000000000000
0.4000000000000000
0.4000000000000000
0.4000000000000000
0.4000000000000000
0.4000000000000000
0.4000000000000000
0.4000000000000000
0.4000000000000000
0.4000000000000000
0.4000000000000000
0.4000000000000000
0.4000000000000000
0.4000000000000000
0.4000000000000000
0.4000000000000000
0.4000000000000000
0.4000000000000000
0.4000000000000000
0.4000000000000000
0.4000000000000000
0.4000000000000000
0.4000000000000000
0.4000000000000000
0.4000000000000000
0.4000000000000000
0.4000000000000000
0.4000000000000000
0.4000000000000000
0.4000000000000000
0.4000000000000000
0.4000000000000000
0.4000000000000000
0.4000000000000000
0.4000000000000000
0.4000000000000000
0.4000000000000000
0.4000000000000000
0.4000000000000000
0.4000000000000000
0.4000000000000000
0.4000000000000000
0.4000000000000000
0.4000000000000000
0.4000000000000000
0.4000000000000000
0.4000000000000000
0.4000000000000000
0.4000000000000000
0.4000000000000000
0.4000000000000000
0.4000000000000000
0.4000000000000000
0.4000000000000000
0.4000000000000000
0.4000000000000000
0.4000000000000000
0.4000000000000000
0.4000000000000000
0.4000000000000000
0.4000000000000000
0.4000000000000000
0.4000000000000000
0.4000000000000000
0.4000000000000000
0.4000000000000000
0.4000000000000000
0.4000000000000000
0.4000000000000000
0.4000000000000000
0.4000000000000000
0.4000000000000000
0.4000000000000000
0.4000000000000000
0.4000000000000000
0.4000000000000000
0.4000000000000000
0.4000000000000000
0.4000000000000000
0.4000000000000000
0.4000000000000000
0.4000000000000000
0.4000000000000000
0.4000000000000000
0.4000000000000000
0.4000000000000000
0.4000000000000000
0.4000000000000000
0.4000000000000000
0.4000000000000000
0.4000000000000000
0.4000000000000000
0.4000000000000000
0.4000000000000000
0.4000000000000000
0.4000000000000000
0.4000000000000000
0.4000000000000000
0.4000000000000000
0.4000000000000000
0.4000000000000000
0.4000000000000000
0.4000000000000000
0.4000000000000000
0.4000000000000000
0.4000000000000000
0.4000000000000000
0.4000000000000000
0.4000000000000000
0.4000000000000000
0.4000000000000000
0.4000000000000000
0.4000000000000000
0.4000000000000000
0.4000000000000000
0.4000000000000000
0.4000000000000000
0.4000000000000000
0.4000000000000000
0.4000000000000000
0.4000000000000000
0.4000000000000000
0.4000000000000000
0.4000000000000000
0.4000000000000000
0.4000000000000000
0.4000000000000000
0.4000000000000000
0.4000000000000000
0.4000000000000000
0.4000000000000000
0.4000000000000000
0.4000000000000000
0.4000000000000000
0.4000000000000000
0.4000000000000000
0.4000000000000000
0.4000000000000000
0.4000000000000000
0.4000000000000000
0.4000000000000000
0.4000000000000000
0.4000000000000000
0.4000000000000000
0.4000000000000000
0.4000000000000000
0.4000000000000000
0.4000000000000000
0.4000000000000000
0.4000000000000000
0.4000000000000000
0.4000000000000000
0.4000000000000000
0.4000000000000000
0.4000000000000000
0.4000000000000000
0.4000000000000000
0.4000000000000000
0.4000000000000000
0.4000000000000000
0.4000000000000000
0.4000000000000000
0.4000000000000000
0.4000000000000000
0.4000000000000000
0.4000000000000000
0.4000000000000000
0.4000000000000000
0.4000000000000000
0.4000000000000000
0.4000000000000000
0.4000000000000000
0.4000000000000000
0.4000000000000000
0.4000000000000000
0.4000000000000000
0.4000000000000000
0.4000000000000000
0.4000000000000000
0.4000000000000000
0.4000000000000000
0.4000000000000000
0.4000000000000000
0.4000000000000000
0.4000000000000000
0.4000000000000000
0.4000000000000000
0.4000000000000000
0.4000000000000000
0.4000000000000000
0.4000000000000000
0.4000000000000000
0.4000000000000000
0.4000000000000000
0.4000000000000000
0.4000000000000000
0.4000000000000000
0.4000000000000000
0.4000000000000000
0.4000000000000000
0.4000000000000000
0.4000000000000000
0.4000000000000000
0.4000000000000000
0.4000000000000000
0.4000000000000000
0.4000000000000000
0.4000000000000000
0.4000000000000000
0.4000000000000000
0.4000000000000000
0.4000000000000000
0.4000000000000000
0.4000000000000000
0.4000000000000000
0.4000000000000000
0.4000000000000000
0.4000000000000000
0.4000000000000000
0.4000000000000000
0.4000000000000000
0.4000000000000000
0.4000000000000000
0.4000000000000000
0.4000000000000000
0.4000000000000000
0.4000000000000000
0.4000000000000000
0.4000000000000000
0.4000000000000000
0.4000000000000000
0.4000000000000000
0.4000000000000000
0.4000000000000000
0.4000000000000000
0.4000000000000000
0.4000000000000000
0.4000000000000000
0.4000000000000000
0.4000000000000000
0.4000000000000000
0.4000000000000000
0.4000000000000000
0.4000000000000000
0.4000000000000000
0.4000000000000000
0.4000000000000000
0.4000000000000000
0.4000000000000000
0.4000000000000000
0.4000000000000000
0.4000000000000000
0.4000000000000000
0.4000000000000000
0.4000000000000000
0.4000000000000000
0.4000000000000000
0.4000000000000000
0.4000000000000000
0.4000000000000000
0.4000000000000000
0.4000000000000000
0.4000000000000000
0.4000000000000000
0.4000000000000000
0.4000000000000000
0.4000000000000000
0.4000000000000000
0.4000000000000000
0.4000000000000000
0.4000000000000000
0.4000000000000000
0.4000000000000000
0.4000000000000000
0.4000000000000000
0.4000000000000000
0.4000000000000000
0.4000000000000000
0.4000000000000000
0.4000000000000000
0.4000000000000000
0.4000000000000000
0.4000000000000000
0.4000000000000000
0.4000000000000000
0.4000000000000000
0.4000000000000000
0.4000000000000000
0.4000000000000000
0.4000000000000000
0.4000000000000000
0.4000000000000000
0.4000000000000000
0.4000000000000000
0.4000000000000000
0.4000000000000000
0.4000000000000000
0.4000000000000000
0.4000000000000000
0.4000000000000000
0.4000000000000000
0.4000000000000000
0.4000000000000000
0.4000000000000000
0.4000000000000000
0.4000000000000000
0.4000000000000000
0.4000000000000000
0.4000000000000000
0.4000000000000000
0.4000000000000000
0.4000000000000000
0.4000000000000000
0.4000000000000000
0.4000000000000000
0.4000000000000000
0.4000000000000000
0.4000000000000000
0.4000000000000000
0.4000000000000000
0.4000000000000000
0.4000000000000000
0.4000000000000000
0.4000000000000000
0.4000000000000000
0.4000000000000000
0.4000000000000000
0.4000000000000000
0.4000000000000000
0.4000000000000000
0.4000000000000000
0.4000000000000000
0.4000000000000000
0.4000000000000000
0.4000000000000000
0.4000000000000000
0.4000000000000000
0.4000000000000000
0.4000000000000000
0.4000000000000000
0.4000000000000000
0.4000000000000000
0.4000000000000000
0.4000000000000000
0.4000000000000000
0.4000000000000000
0.4000000000000000
0.4000000000000000
0.4000000000000000
0.4000000000000000
0.4000000000000000
0.4000000000000000
0.4000000000000000
0.4000000000000000
0.4000000000000000
0.4000000000000000
0.4000000000000000
0.4000000000000000
0.4000000000000000
0.4000000000000000
0.4000000000000000
0.4000000000000000
0.4000000000000000
0.4000000000000000
0.4000000000000000
0.4000000000000000
0.4000000000000000
0.4000000000000000
0.4000000000000000
0.4000000000000000
0.4000000000000000
0.4000000000000000
0.4000000000000000
0.4000000000000000
0.4000000000000000
0.4000000000000000
0.4000000000000000
0.4000000000000000
0.4000000000000000
0.4000000000000000
0.4000000000000000
0.4000000000000000
0.4000000000000000
0.4000000000000000
0.4000000000000000
0.4000000000000000
0.4000000000000000
0.4000000000000000
0.4000000000000000
0.4000000000000000
0.4000000000000000
0.4000000000000000
0.4000000000000000
0.4000000000000000
0.4000000000000000
0.4000000000000000
0.4000000000000000
0.4000000000000000
0.4000000000000000
0.4000000000000000
0.4000000000000000
0.4000000000000000
0.4000000000000000
0.4000000000000000
0.4000000000000000
0.4000000000000000
0.4000000000000000
0.4000000000000000
0.4000000000000000
0.4000000000000000
0.4000000000000000
0.4000000000000000
0.4000000000000000
0.4000000000000000
0.4000000000000000
0.4000000000000000
0.4000000000000000
0.4000000000000000
0.4000000000000000
0.4000000000000000
0.4000000000000000
0.4000000000000000
0.4000000000000000
0.4000000000000000
0.4000000000000000
0.4000000000000000
0.4000000000000000
0.4000000000000000
0.4000000000000000
0.4000000000000000
0.4000000000000000
0.4000000000000000
0.4000000000000000
0.4000000000000000
0.4000000000000000
0.4000000000000000
0.4000000000000000
0.4000000000000000
0.4000000000000000
0.4000000000000000
0.4000000000000000
0.4000000000000000
0.4000000000000000
0.4000000000000000
0.4000000000000000
0.4000000000000000
0.4000000000000000
0.4000000000000000
0.4000000000000000
0.4000000000000000
0.4000000000000000
0.4000000000000000
0.4000000000000000
0.4000000000000000
0.4000000000000000
0.4000000000000000
0.4000000000000000
0.4000000000000000
0.4000000000000000
0.4000000000000000
0.4000000000000000
0.4000000000000000
0.4000000000000000
0.4000000000000000
0.4000000000000000
0.4000000000000000
0.4000000000000000
0.4000000000000000
0.4000000000000000
0.4000000000000000
0.4000000000000000
0.4000000000000000
0.4000000000000000
0.4000000000000000
0.4000000000000000
0.4000000000000000
0.4000000000000000
0.4000000000000000
0.4000000000000000
0.4000000000000000
0.4000000000000000
0.4000000000000000
0.4000000000000000
0.4000000000000000
0.4000000000000000
0.4000000000000000
0.4000000000000000
0.4000000000000000
0.4000000000000000
0.4000000000000000
0.4000000000000000
0.4000000000000000
0.4000000000000000
0.4000000000000000
0.4000000000000000
0.4000000000000000
0.4000000000000000
0.4000000000000000
0.4000000000000000
0.4000000000000000
0.4000000000000000
0.4000000000000000
0.4000000000000000
0.4000000000000000
0.4000000000000000
0.4000000000000000
0.4000000000000000
0.4000000000000000
0.4000000000000000
0.4000000000000000
0.4000000000000000
0.4000000000000000
0.4000000000000000
0.4000000000000000
0.4000000000000000
0.4000000000000000
0.4000000000000000
0.4000000000000000
0.4000000000000000
0.4000000000000000
0.4000000000000000
0.4000000000000000
0.4000000000000000
0.4000000000000000
0.4000000000000000
0.4000000000000000
0.4000000000000000
0.4000000000000000
0.4000000000000000
0.4000000000000000
0.4000000000000000
0.4000000000000000
0.4000000000000000
0.4000000000000000
0.4000000000000000
0.4000000000000000
0.4000000000000000
0.4000000000000000
0.4000000000000000
0.4000000000000000
0.4000000000000000
0.4000000000000000
0.4000000000000000
0.4000000000000000
0.4000000000000000
0.4000000000000000
0.4000000000000000
0.4000000000000000
0.4000000000000000
0.4000000000000000
0.4000000000000000
0.4000000000000000
0.4000000000000000
0.4000000000000000
0.4000000000000000
0.4000000000000000
0.4000000000000000
0.4000000000000000
0.4000000000000000
0.4000000000000000
0.4000000000000000
0.4000000000000000
0.4000000000000000
0.4000000000000000
0.4000000000000000
0.4000000000000000
0.4000000000000000
0.4000000000000000
0.4000000000000000
0.4000000000000000
0.4000000000000000
0.4000000000000000
0.4000000000000000
0.4000000000000000
0.4000000000000000
0.4000000000000000
0.4000000000000000
0.4000000000000000
0.4000000000000000
0.4000000000000000
0.4000000000000000
0.4000000000000000
0.4000000000000000
0.4000000000000000
0.4000000000000000
0.4000000000000000
0.4000000000000000
0.4000000000000000
0.4000000000000000
0.4000000000000000
0.4000000000000000
0.4000000000000000
0.4000000000000000
0.4000000000000000
0.4000000000000000
0.4000000000000000
0.4000000000000000
0.4000000000000000
0.4000000000000000
0.4000000000000000
0.4000000000000000
0.4000000000000000
0.4000000000000000
0.4000000000000000
0.4000000000000000
0.4000000000000000
0.4000000000000000
0.4000000000000000
0.4000000000000000
0.4000000000000000
0.4000000000000000
0.4000000000000000
0.4000000000000000
0.4000000000000000
0.4000000000000000
0.4000000000000000
0.4000000000000000
0.4000000000000000
0.4000000000000000
0.4000000000000000
0.4000000000000000
0.4000000000000000
0.4000000000000000
0.4000000000000000
0.4000000000000000
0.4000000000000000
0.4000000000000000
0.4000000000000000
0.4000000000000000
0.4000000000000000
0.4000000000000000
0.4000000000000000
0.4000000000000000
0.4000000000000000
0.4000000000000000
0.4000000000000000
0.4000000000000000
0.4000000000000000
0.4000000000000000
0.4000000000000000
0.4000000000000000
0.4000000000000000
0.4000000000000000
0.4000000000000000
0.4000000000000000
0.4000000000000000
0.4000000000000000
0.4000000000000000
0.4000000000000000
0.4000000000000000
0.4000000000000000
0.4000000000000000
0.4000000000000000
0.4000000000000000
0.4000000000000000
0.4000000000000000
0.4000000000000000
0.4000000000000000
0.4000000000000000
0.4000000000000000
0.4000000000000000
0.4000000000000000
0.4000000000000000
0.4000000000000000
0.4000000000000000
0.4000000000000000
0.4000000000000000
0.4000000000000000
0.4000000000000000
0.4000000000000000
0.4000000000000000
0.4000000000000000
0.4000000000000000
0.4000000000000000
0.4000000000000000
0.4000000000000000
0.4000000000000000
0.4000000000000000
0.4000000000000000
0.4000000000000000
0.4000000000000000
0.4000000000000000
0.4000000000000000
0.4000000000000000
0.4000000000000000
0.4000000000000000
0.4000000000000000
0.4000000000000000
0.4000000000000000
0.4000000000000000
0.4000000000000000
0.4000000000000000
0.4000000000000000
0.4000000000000000
0.4000000000000000
0.4000000000000000
0.4000000000000000
0.4000000000000000
0.4000000000000000
0.4000000000000000
0.4000000000000000
0.4000000000000000
0.4000000000000000
0.4000000000000000
0.4000000000000000
0.4000000000000000
0.4000000000000000
0.4000000000000000
0.4000000000000000
0.4000000000000000
0.4000000000000000
0.4000000000000000
0.4000000000000000
0.4000000000000000
0.4000000000000000
0.4000000000000000
0.4000000000000000
0.4000000000000000
0.4000000000000000
0.4000000000000000
0.4000000000000000
0.4000000000000000
0.4000000000000000
0.4000000000000000
0.4000000000000000
0.4000000000000000
0.4000000000000000
0.4000000000000000
0.4000000000000000
0.4000000000000000
0.4000000000000000
0.4000000000000000
0.4000000000000000
0.4000000000000000
0.4000000000000000
0.4000000000000000
0.4000000000000000
0.4000000000000000
0.4000000000000000
0.4000000000000000
0.4000000000000000
0.4000000000000000
0.4000000000000000
0.4000000000000000
0.4000000000000000
0.4000000000000000
0.4000000000000000
0.4000000000000000
0.4000000000000000
0.4000000000000000
0.4000000000000000
0.4000000000000000
0.4000000000000000
0.4000000000000000
0.4000000000000000
0.4000000000000000
0.4000000000000000
0.4000000000000000
0.4000000000000000
0.4000000000000000
0.4000000000000000
0.4000000000000000
0.4000000000000000
0.4000000000000000
0.4000000000000000
0.4000000000000000
0.4000000000000000
0.4000000000000000
0.4000000000000000
0.4000000000000000
0.4000000000000000
0.4000000000000000
0.4000000000000000
0.4000000000000000
0.4000000000000000
0.4000000000000000
0.4000000000000000
0.4000000000000000
0.4000000000000000
0.4000000000000000
0.4000000000000000
0.4000000000000000
0.4000000000000000
0.4000000000000000
0.4000000000000000
0.4000000000000000
0.4000000000000000
0.4000000000000000
0.4000000000000000
0.4000000000000000
0.4000000000000000
0.4000000000000000
0.4000000000000000
0.4000000000000000
0.4000000000000000
0.4000000000000000
0.4000000000000000
0.4000000000000000
0.4000000000000000
0.4000000000000000
0.4000000000000000
0.4000000000000000
0.4000000000000000
0.4000000000000000
0.4000000000000000
0.4000000000000000
0.4000000000000000
0.4000000000000000
0.4000000000000000
0.4000000000000000
0.4000000000000000
0.4000000000000000
0.4000000000000000
0.4000000000000000
0.4000000000000000
0.4000000000000000
0.4000000000000000
0.4000000000000000
0.4000000000000000
0.4000000000000000
0.4000000000000000
0.4000000000000000
0.4000000000000000
0.4000000000000000
0.4000000000000000
0.4000000000000000
0.4000000000000000
0.4000000000000000
0.4000000000000000
0.4000000000000000
0.4000000000000000
0.4000000000000000
0.4000000000000000
0.4000000000000000
0.4000000000000000
0.4000000000000000
0.4000000000000000
0.4000000000000000
0.4000000000000000
0.4000000000000000
0.4000000000000000
0.4000000000000000
0.4000000000000000
0.4000000000000000
0.4000000000000000
0.4000000000000000
0.4000000000000000
0.4000000000000000
0.4000000000000000
0.4000000000000000
0.4000000000000000
0.4000000000000000
0.4000000000000000
0.4000000000000000
0.4000000000000000
0.4000000000000000
0.4000000000000000
0.4000000000000000
0.4000000000000000
0.4000000000000000
0.4000000000000000
0.4000000000000000
0.4000000000000000
0.4000000000000000
0.4000000000000000
0.4000000000000000
0.4000000000000000
0.4000000000000000
0.4000000000000000
0.4000000000000000
0.4000000000000000
0.4000000000000000
0.4000000000000000
0.4000000000000000
0.4000000000000000
0.4000000000000000
0.4000000000000000
0.4000000000000000
0.4000000000000000
0.4000000000000000
0.4000000000000000
0.4000000000000000
0.4000000000000000
0.4000000000000000
0.4000000000000000
0.4000000000000000
0.4000000000000000
0.4000000000000000
0.4000000000000000
0.4000000000000000
0.4000000000000000
0.4000000000000000
0.4000000000000000
0.4000000000000000
0.4000000000000000
0.4000000000000000
0.4000000000000000
0.4000000000000000
0.4000000000000000
0.4000000000000000
0.4000000000000000
0.4000000000000000
0.4000000000000000
0.4000000000000000
0.4000000000000000
0.4000000000000000
0.4000000000000000
0.4000000000000000
0.4000000000000000
0.4000000000000000
0.4000000000000000
0.4000000000000000
0.4000000000000000
0.4000000000000000
0.4000000000000000
0.4000000000000000
0.4000000000000000
0.4000000000000000
0.4000000000000000
0.4000000000000000
0.4000000000000000
0.4000000000000000
0.4000000000000000
0.4000000000000000
0.4000000000000000
0.4000000000000000
0.4000000000000000
0.4000000000000000
0.4000000000000000
0.4000000000000000
0.4000000000000000
0.4000000000000000
0.4000000000000000
0.4000000000000000
0.4000000000000000
0.4000000000000000
0.4000000000000000
0.4000000000000000
0.4000000000000000
0.4000000000000000
0.4000000000000000
0.4000000000000000
0.4000000000000000
0.4000000000000000
0.4000000000000000
0.4000000000000000
0.4000000000000000
0.4000000000000000
0.4000000000000000
0.4000000000000000
0.4000000000000000
0.4000000000000000
0.4000000000000000
0.4000000000000000
0.4000000000000000
0.4000000000000000
0.4000000000000000
0.4000000000000000
0.4000000000000000
0.4000000000000000
0.4000000000000000
0.4000000000000000
0.4000000000000000
0.4000000000000000
0.4000000000000000
0.4000000000000000
0.4000000000000000
0.4000000000000000
0.4000000000000000
0.4000000000000000
0.4000000000000000
0.4000000000000000
0.4000000000000000
0.4000000000000000
0.4000000000000000
0.4000000000000000
0.4000000000000000
0.4000000000000000
0.4000000000000000
0.4000000000000000
0.4000000000000000
0.4000000000000000
0.4000000000000000
0.4000000000000000
0.4000000000000000
0.4000000000000000
0.4000000000000000
0.4000000000000000
0.4000000000000000
0.4000000000000000
0.4000000000000000
0.4000000000000000
0.4000000000000000
0.4000000000000000
0.4000000000000000
0.4000000000000000
0.4000000000000000
0.4000000000000000
0.4000000000000000
0.4000000000000000
0.4000000000000000
0.4000000000000000
0.4000000000000000
0.4000000000000000
0.4000000000000000
0.4000000000000000
0.4000000000000000
0.4000000000000000
0.4000000000000000
0.4000000000000000
0.4000000000000000
0.4000000000000000
0.4000000000000000
0.4000000000000000
0.4000000000000000
0.4000000000000000
0.4000000000000000
0.4000000000000000
0.4000000000000000
0.4000000000000000
0.4000000000000000
0.4000000000000000
0.4000000000000000
0.4000000000000000
0.4000000000000000
0.4000000000000000
0.4000000000000000
0.4000000000000000
0.4000000000000000
0.4000000000000000
0.4000000000000000
0.4000000000000000
0.4000000000000000
0.4000000000000000
0.4000000000000000
0.4000000000000000
0.4000000000000000
0.4000000000000000
0.4000000000000000
0.4000000000000000
0.4000000000000000
0.4000000000000000
0.4000000000000000
0.4000000000000000
0.4000000000000000
0.4000000000000000
0.4000000000000000
0.4000000000000000
0.4000000000000000
0.4000000000000000
0.4000000000000000
0.4000000000000000
0.4000000000000000
0.4000000000000000
0.4000000000000000
0.4000000000000000
0.4000000000000000
0.4000000000000000
0.4000000000000000
0.4000000000000000
0.4000000000000000
0.4000000000000000
0.4000000000000000
0.4000000000000000
0.4000000000000000
0.4000000000000000
0.4000000000000000
0.4000000000000000
0.4000000000000000
0.4000000000000000
0.4000000000000000
0.4000000000000000
0.4000000000000000
0.4000000000000000
0.4000000000000000
0.4000000000000000
0.4000000000000000
0.4000000000000000
0.4000000000000000
0.4000000000000000
0.4000000000000000
0.4000000000000000
0.4000000000000000
0.4000000000000000
0.4000000000000000
0.4000000000000000
0.4000000000000000
0.4000000000000000
0.4000000000000000
0.4000000000000000
0.4000000000000000
0.4000000000000000
0.4000000000000000
0.4000000000000000
0.4000000000000000
0.4000000000000000
0.4000000000000000
0.4000000000000000
0.4000000000000000
0.4000000000000000
0.4000000000000000
0.4000000000000000
0.4000000000000000
0.4000000000000000
0.4000000000000000
0.4000000000000000
0.4000000000000000
0.4000000000000000
0.4000000000000000
0.4000000000000000
0.4000000000000000
0.4000000000000000
0.4000000000000000
0.4000000000000000
0.4000000000000000
0.4000000000000000
0.4000000000000000
0.4000000000000000
0.4000000000000000
0.4000000000000000
0.4000000000000000
0.4000000000000000
0.4000000000000000
0.4000000000000000
0.4000000000000000
0.4000000000000000
0.4000000000000000
0.4000000000000000
0.4000000000000000
0.4000000000000000
0.4000000000000000
0.4000000000000000
0.4000000000000000
0.4000000000000000
0.4000000000000000
0.4000000000000000
0.4000000000000000
0.4000000000000000
0.4000000000000000
0.4000000000000000
0.4000000000000000
0.4000000000000000
0.4000000000000000
0.4000000000000000
0.4000000000000000
0.4000000000000000
0.4000000000000000
0.4000000000000000
0.4000000000000000
0.4000000000000000
0.4000000000000000
0.4000000000000000
0.4000000000000000
0.4000000000000000
0.4000000000000000
0.4000000000000000
0.4000000000000000
0.4000000000000000
0.4000000000000000
0.4000000000000000
0.4000000000000000
0.4000000000000000
0.4000000000000000
0.4000000000000000
0.4000000000000000
0.4000000000000000
0.4000000000000000
0.4000000000000000
0.4000000000000000
0.4000000000000000
0.4000000000000000
0.4000000000000000
0.4000000000000000
0.4000000000000000
0.4000000000000000
0.4000000000000000
0.4000000000000000
0.4000000000000000
0.4000000000000000
0.4000000000000000
0.4000000000000000
0.4000000000000000
0.4000000000000000
0.4000000000000000
0.4000000000000000
0.4000000000000000
0.4000000000000000
0.4000000000000000
0.4000000000000000
0.4000000000000000
0.4000000000000000
0.4000000000000000
0.4000000000000000
0.4000000000000000
0.4000000000000000
0.4000000000000000
0.4000000000000000
0.4000000000000000
0.4000000000000000
0.4000000000000000
0.4000000000000000
0.4000000000000000
0.4000000000000000
0.4000000000000000
0.4000000000000000
0.4000000000000000
0.4000000000000000
0.4000000000000000
0.4000000000000000
0.4000000000000000
0.4000000000000000
0.4000000000000000
0.4000000000000000
0.4000000000000000
0.4000000000000000
0.4000000000000000
0.4000000000000000
0.4000000000000000
0.4000000000000000
0.4000000000000000
0.4000000000000000
0.4000000000000000
0.4000000000000000
0.4000000000000000
0.4000000000000000
0.4000000000000000
0.4000000000000000
0.4000000000000000
0.4000000000000000
0.4000000000000000
0.4000000000000000
0.4000000000000000
0.4000000000000000
0.4000000000000000
0.4000000000000000
0.4000000000000000
0.4000000000000000
0.4000000000000000
0.4000000000000000
0.4000000000000000
0.4000000000000000
0.4000000000000000
0.4000000000000000
0.4000000000000000
0.4000000000000000
0.4000000000000000
0.4000000000000000
0.4000000000000000
0.4000000000000000
0.4000000000000000
0.4000000000000000
0.4000000000000000
0.4000000000000000
0.4000000000000000
0.4000000000000000
0.4000000000000000
0.4000000000000000
0.4000000000000000
0.4000000000000000
0.4000000000000000
0.4000000000000000
0.4000000000000000
0.4000000000000000
0.4000000000000000
0.4000000000000000
0.4000000000000000
0.4000000000000000
0.4000000000000000
0.4000000000000000
0.4000000000000000
0.4000000000000000
0.4000000000000000
0.4000000000000000
0.4000000000000000
0.4000000000000000
0.4000000000000000
0.4000000000000000
0.4000000000000000
0.4000000000000000
0.4000000000000000
0.4000000000000000
0.4000000000000000
0.4000000000000000
0.4000000000000000
0.4000000000000000
0.4000000000000000
0.4000000000000000
0.4000000000000000
0.4000000000000000
0.4000000000000000
0.4000000000000000
0.4000000000000000
0.4000000000000000
0.4000000000000000
0.4000000000000000
0.4000000000000000
0.4000000000000000
0.4000000000000000
0.4000000000000000
0.4000000000000000
0.4000000000000000
0.4000000000000000
0.4000000000000000
0.4000000000000000
0.4000000000000000
0.4000000000000000
0.4000000000000000
0.4000000000000000
0.4000000000000000
0.4000000000000000
0.4000000000000000
0.4000000000000000
0.4000000000000000
0.4000000000000000
0.4000000000000000
0.4000000000000000
0.4000000000000000
0.4000000000000000
0.4000000000000000
0.4000000000000000
0.4000000000000000
0.4000000000000000
0.4000000000000000
0.4000000000000000
0.4000000000000000
0.4000000000000000
0.4000000000000000
0.4000000000000000
0.4000000000000000
0.4000000000000000
0.4000000000000000
0.4000000000000000
0.4000000000000000
0.4000000000000000
0.4000000000000000
0.4000000000000000
0.4000000000000000
0.4000000000000000
0.4000000000000000
0.4000000000000000
0.4000000000000000
0.4000000000000000
0.4000000000000000
0.4000000000000000
0.4000000000000000
0.4000000000000000
0.4000000000000000
0.4000000000000000
0.4000000000000000
0.4000000000000000
0.4000000000000000
0.4000000000000000
0.4000000000000000
0.4000000000000000
0.4000000000000000
0.4000000000000000
0.4000000000000000
0.4000000000000000
0.4000000000000000
0.4000000000000000
0.4000000000000000
0.4000000000000000
0.4000000000000000
0.4000000000000000
0.4000000000000000
0.4000000000000000
0.4000000000000000
0.4000000000000000
0.4000000000000000
0.4000000000000000

